text_res_unit_nbr,Count
,1799220
-A,1
# 1,1
# 8,1
# B,2
# C,2
#1,5
#10,2
#113-12,1
#115,1
#12,2
#15A,1
#198,1
#2,10
#207,1
#208,1
#209,1
#215,1
#234E,1
#26,2
#27,1
#3,7
#30,1
#302,1
#32,2
#4,5
#5,2
#6,3
#7,1
#8,2
#9,4
#A,2
#B,1
#B8,1
#G,1
#G303,1
#H,1
#I,1
#O0 #2,1
*,1
.,1
.5,4
:,2
:05,1
:2,1
:8,1
:B7,1
?,4
??,1
0,17
00,1
000,5
0000,1
001,10
002,6
003,10
004,9
005,2
005A,1
006,4
007,3
008,2
008N,1
01,17
01-202,1
010,2
0106,1
0108,1
011,5
0110,2
01106,1
0112,1
0117,1
012,3
0153,1
0157,1
0159,1
018,1
019,1
02,18
02-101,1
02-102,1
02-302,1
02-306,1
0201,1
0203,1
0204,1
0205,1
021,1
0211,1
0212,1
022,1
0221,1
0224,1
02304,1
02306,1
0232,1
02A,1
02H,1
03,16
03-08,1
03-305,1
0306,1
0308,1
0313,1
0316,1
03201,1
03208,1
0321,2
0324,1
0330,1
0333,1
0338,1
037,1
039,1
03C,1
03G,1
03H,1
04,15
04-203,1
04-303,1
04-305,1
0401,1
0402,1
0404,1
0409,1
041,1
0410,1
0416,1
04201,2
0422,1
043,1
047,1
05,8
05-103,1
05-106,1
050,1
0501,1
0503,1
0508,1
0513,1
0516,1
052,1
0521,1
0522,1
05302,1
05305,1
054,1
058,1
05C,1
05J,1
06,9
06 D,1
0602,1
0605,1
0606,1
061,1
06102,1
0611,1
0612,1
0613,1
0614,1
0617,1
06201,1
06204,1
0622,2
066,1
06A,1
06B,1
06C,1
07,6
07-102,1
07-106,1
0702,1
0703,1
0707,1
0712,1
0714,2
0716,2
07303,1
0734-C,1
078,1
079,1
08,12
08-101,1
08-201,1
08-204,1
08-205,2
08-303,2
08 E,1
080,1
0801,1
0803,1
0806,2
0808,1
0809,1
0810,1
08106,1
0814,1
0815,1
083,1
0833,1
087,1
089,2
09,13
09-106,1
09-206,2
09-302,1
0902,1
0904,1
0906,1
0908,1
09101,1
0913,1
0917,1
09202,1
0921,1
0923,1
09301,1
0931-A,1
094,2
097,1
09C,1
1,6297
1-03,1
1-04,1
1-05,1
1-07,1
1-1,2
1-10,2
1-101,2
1-102D,1
1-103,2
1-104,1
1-105,1
1-106,4
1-107,2
1-108,1
1-113,1
1-114,2
1-2,2
1-201,2
1-202,1
1-203,2
1-204,3
1-206,1
1-220,1
1-223,1
1-3,1
1-301,1
1-303,1
1-304,1
1-307,2
1-412,1
1-46,1
1-8,1
1-A,2
1-A1,2
1-B,5
1-B4,1
1-B5,1
1-C,1
1-C1,1
1-C2,1
1-C5,1
1-E,2
1-F,1
1-K,1
1 212,1
1 A,1
1 SOUTH,1
1 W,1
1/,1
1/2,151
1/2 D,1
10,1354
10-101,2
10-102,2
10-1022B,1
10-103,5
10-1033A,1
10-104,4
10-105,2
10-106,3
10-108,1
10-109,1
10-201,5
10-202,2
10-204,1
10-205,1
10-206,1
10-207,2
10-208,2
10-304,2
10-306,1
10-309,1
10-5,1
10-A,1
10-B,1
10-E,1
10 B,1
10 L,1
100,364
100-1,2
100-2,1
100-4,1
100-5,1
100-7,3
100 B,1
1000,14
1001,159
1002,148
1003,118
1004,129
1005,89
1006,104
1007,77
1008,91
1008B,1
1009,50
100A,4
100B,6
101,1894
101-28,2
101-A,1
101-D,1
101 A,1
1010,63
10101,13
10102,24
10103,19
10104,15
10105,19
10106,14
10107,7
10108,3
10109,2
1011,88
10110,10
10111,1
10112,2
10116,1
10118,2
1011A,1
1012,98
1013,61
1014,69
1014A,1
1015,50
1016,59
1016-A,1
1016C,1
1017,32
10176,1
1017A,2
1018,38
1019,23
101A,18
101B,12
101C,7
101D,2
101E,1
101F,1
101N,1
101W,1
102,1896
102-1,1
102-A,1
102 B,1
1020,20
10201,17
10202,13
10203,11
10204,19
10205,9
10206,12
10207,6
10208,5
10209,1
1021,56
10210,5
10211,3
10212,4
10214,2
10215,1
10217,2
10218,2
1022,55
1023,48
1024,48
1025,26
1026,29
1026B,1
1027,25
1027A,1
1028,20
1029,8
1029-7,1
1029 1/2,1
102A,11
102B,12
102C,3
102D,1
102E,2
102S,1
103,1557
103-D,2
103 B,1
1030,3
10301,5
10302,5
10303,4
10304,8
10306,3
10307,2
10308,1
1031,22
10310,1
10311,2
10312,2
10313,2
10314,3
10315,1
10316,1
1032,12
1033,16
1033C,1
1034,11
1034A,1
1035,11
1036,10
1036A,1
1037,12
1038,12
1039,3
103A,14
103B,10
103C,4
103D,4
104,1486
104-A,1
104-D,1
104 A,1
104 B 11,1
1040,2
1041,3
1042,2
1043,2
1045,1
1047,4
1049,1
104A,6
104B,6
104C,3
104S,1
105,1113
105-A,1
105 B,1
1052,1
1053,3
1054,3
1055,3
1056,3
1057,1
1058,2
1059,1
105A,4
105B,8
105C,3
105D,3
105F,2
105L,1
105R,2
106,1131
106-14,1
1060,1
1061,2
10616,1
1063,1
1064,1
1066,1
1069,2
106A,7
106B,4
106C,1
106D,2
107,871
107-1,1
107-A,2
107-B,1
107-D,1
1070,2
1072,1
10724,1
1076,1
1078,2
10783B,1
107A,14
107B,9
107C,3
107D,1
107E,1
107F,1
107R,1
107W,1
108,863
108 B,1
10805,1
1080R,1
10859-G,1
1088,1
1089,2
108A,8
108B,6
108D,1
108F,1
108S,1
109,540
10908,1
10960,1
1097,3
1099,2
109A,5
109B,2
109C,1
109W,1
10A,35
10A2,2
10A7,3
10A8,1
10B,29
10B3,1
10B9,1
10C,30
10C5,1
10D,15
10E,11
10F,9
10G,4
10H,6
10IK,1
10K,1
10S,2
10W,1
11,1321
11-101,6
11-102,3
11-103,3
11-104,1
11-105,2
11-106,3
11-108,1
11-1111A,1
11-1111B,1
11-1126,1
11-202,3
11-203,3
11-204,1
11-205,2
11-206,2
11-208,1
11-302,2
11-309,1
11-67,1
11-A2,1
11-O,1
11 - 250,1
11/106,1
110,634
1100,18
11002,2
11004,2
1100A,2
1101,160
1101-8,1
11011,2
11013,3
11015,2
11017,1
11019,1
1101A,1
1102,167
1103,144
1103N,1
1104,135
1105,135
1105-14,1
11050,1
1106,136
1107,109
1108,110
1109,76
110B,2
110I,1
111,642
111-06,1
1110,70
11101,11
11102,12
11103,15
11104,14
11105,15
11106,23
11107,9
11108,9
11109,4
1111,98
1111-C,1
11110,3
11111,1
11112,1
11113,1
11114,1
11115,3
11117,1
11118,1
11119,1
1112,89
11120,1
1113,66
1114,61
1115,53
1115B,1
1116,54
11164,1
1116A,1
1117,44
1118,42
1118B,1
1119,19
111A,7
111B,5
111C,1
111D,1
112,589
112-5,1
112-B,1
112 B,1
1120,18
11201,19
11202,18
11203,12
11204,10
11205,17
11206,12
11207,6
11208,6
1121,46
11210,4
11211,2
11212,3
11213,3
11214,2
11215,1
11216,2
11217,1
11219,1
1121A,1
1122,47
11220,1
1123,50
1123A,1
1123H,1
1124,47
11243,1
1125,14
1126,21
1127,25
1128,11
1129,2
112A,3
112B,2
112C,1
113,388
113-A,1
1130,1
11301,8
11302,5
11303,6
11304,7
11305,6
11306,5
11307,3
11308,3
11309,1
1131,12
11310,1
11311,2
11312,2
11313,2
11314,1
11315,3
11316,1
11317,1
11318,1
11319,1
1132,18
11320,2
1133,15
1133A,1
1134,11
1135,6
1136,11
1137,9
1138,8
113A,1
113B,4
114,407
114-2,1
114-A,1
1140,1
11401,3
11402,4
11403,2
11404,4
11405,6
11407,1
11408,1
11409,1
1141,1
11411,3
11412,2
11413,5
11414,3
11415,3
11417,1
11419,2
1142,2
11420,1
1143,1
1144,4
1147,3
1149,1
114A,1
114B,5
114D,1
114W,1
115,373
115 B,1
115 CORBIN,1
115 D,1
1158,1
115A,2
115B,1
115D,1
116,366
1164,1
116A,1
116B,3
116C,1
116D,1
117,314
1177,2
1179,3
117B,1
118,292
118-306,2
1184,1
118A,1
118E,1
119,239
1192,1
1197,1
119A,1
119B,1
11A,26
11A1,1
11A2,1
11A5,1
11B,27
11B3,1
11B4,1
11B7,1
11B8,1
11C,25
11D,7
11DE,2
11E,3
11F,5
11G,2
11H,4
11I,1
11J,1
11L,1
11M,2
11N,1
11T,1
11V,1
11W,2
11Y,1
12,1242
12-101,2
12-102,4
12-103,5
12-104,3
12-105,1
12-106,3
12-107,1
12-108,2
12-201,3
12-202,4
12-203,2
12-204,2
12-205,3
12-206,1
12-208,1
12-301,1
12-304,3
12-67,1
12-G,1
120,265
120- 20,1
120-1,1
1200,18
12003,1
12005,1
12006,1
12007,1
12008,1
12009,1
1201,167
1201-B,1
12010,1
12011,1
12012,1
12013,1
12014,1
12015,2
12017,1
12018,5
12019,2
1202,158
12020,2
12021,1
12023,1
12024,1
12026,2
12027,1
12028,1
12029,1
1203,138
12030,2
12031,1
12032,1
1204,123
1205,110
1206,106
1207,98
1208,93
1209,62
120A,1
120B,1
120C,1
120D,1
120E,1
121,289
121-1,1
1210,74
12101,13
12102,21
12103,14
12104,12
12105,9
12106,13
12107,9
12108,8
12109,7
1211,85
1211-C,1
12110,5
12111,3
12112,3
12113,2
12115,2
12116,1
12117,1
12118,2
12119,1
1212,78
12121,1
12122,2
12123,2
12124,1
12125,1
12126,1
12127,2
12128,1
12129,2
1213,52
12130,2
12131,1
12132,1
1214,53
1215,40
1216,42
1217,33
1217A,1
1217B,1
1218,34
1219,20
121B,3
121F,2
122,267
1220,18
12201,14
12202,14
12203,12
12204,7
12205,12
12206,12
12207,10
12208,4
12209,6
1221,32
12210,3
12211,3
12212,5
12213,2
12214,1
12215,2
12216,1
12217,1
12218,1
12219,2
1222,43
12220,2
12221,1
12223,2
12225,1
12226,2
12227,1
12228,1
12229,1
1223,43
12231,1
12232,1
1224,40
1224B,1
1225,18
1226,29
1227,19
1228,17
1229,3
122A,3
122E,1
123,227
123-A,1
1230,1
12301,10
12302,5
12303,5
12305,3
12306,4
12307,3
12308,4
12309,1
1231,9
12310,3
12311,2
12313,2
12314,1
12315,2
12316,2
12317,2
12318,1
12319,1
1231A,1
1232,10
12320,1
12321,1
12322,1
12323,2
12324,2
12325,1
12326,1
12327,1
12328,1
12329,1
1233,10
12330,2
12331,1
12332,1
1234,9
1235,4
1236,5
12366,1
1237,3
1238,3
1239,1
12394,1
123A,1
123B,2
124,231
124-1,1
124-A,1
1240,1
1241,2
1243,1
1245,3
1246,4
1247,3
1248,1
124A,2
124B,1
124C,1
125,164
1250,4
1251,1
1255,2
1257,2
1259,1
125K,1
125W,1
126,189
126-2,1
1261,1
1262,1
1263,1
1264,2
1269,1
126A,1
126B,4
127,179
127-1,1
1272,1
1273,1
1276,1
12762,3
1277,1
1279,1
127A,1
127C,1
127W,1
128,170
128-1,1
128-2,1
1281,1
12830,1
1285,1
128A,3
128B,2
129,105
129-1,1
129-B,1
1291,1
12913,1
12915,2
12917,1
12919,2
12923,2
12925,1
12927,2
12928,1
12929,1
1293,2
12930,1
12931,1
12932,1
1295,3
129A,1
129B,1
12A,36
12A1,1
12A7,1
12AB,1
12B,34
12B3,1
12B4,1
12C,20
12C11,1
12C12,1
12D,10
12DE,1
12E,4
12F,5
12G,2
12H,3
12I,1
12J,2
12K,2
12L,1
12N,1
12S,1
12X,3
12Z,1
13,630
13-101,2
13-102,2
13-103,2
13-104,1
13-105,2
13-106,2
13-1313,1
13-201,2
13-202,1
13-203,1
13-204,1
13-205,3
13-206,1
13-207,1
13-302,2
13-302D,1
13-303,2
13-304,1
13-307,1
13-309,2
13-83,1
13-E,1
13 APT 53,1
130,134
130-1,1
1300,10
1300A,3
1300B,1
1300C,1
1301,119
13012,1
1302,140
1302C,1
1303,120
1304,127
1305,95
1306,104
13064,1
1307,78
1307 A,1
1308,99
1309,58
130A,2
130B,2
130C,1
131,123
131 A,1
131 D,1
1310,53
13101,15
13102,14
13103,12
13104,18
13105,7
13106,12
13107,7
13108,4
13109,6
1311,84
13110,5
13111,1
13112,1
13113,2
13114,1
1312,68
1313,51
13134,1
1314,51
1315,41
1316,29
1317,37
1318,24
1319,12
131A,3
131B,3
132,129
1320,14
13201,9
13202,13
13203,14
13204,17
13205,7
13206,13
13207,6
13208,1
13209,3
1321,25
13211,2
13212,2
13213,2
13214,1
13215,1
13216,1
13217,2
13218,2
13219,2
1322,34
13220,2
13221,1
1323,33
13232-C,1
1323A,1
1324,36
1325,15
1326,18
1326A,1
1327,17
1328,15
1329,2
132A,4
132B,2
132C,1
133,139
133-C,1
1330,2
13301,2
13302,6
13303,5
13304,4
13305,4
13306,3
13307,1
13308,1
1331,8
13310,2
13311,1
13312,1
13313,1
13314,1
13315,1
13316,1
13317,1
13318,1
13319,1
1332,6
13320,2
13321,1
13322,2
13323,2
13325,1
13326,1
1333,9
1334,7
1334-D,1
1335,2
1336,4
1337,2
1338,5
133A,1
133B,2
134,118
1340,2
13401,2
13402,2
13403,2
13404,2
13405,1
13407,1
13408,2
13409,2
1341,1
13410,1
13411,1
13412,1
13413,1
13414,1
13415,2
13417,1
13418,2
13419,1
13420,2
13422,1
13423,1
13424,1
13425,1
13426,2
1343,2
13445,1
1345,2
1346,2
1347,2
1348,3
1349,2
135,116
1350,2
1351,2
1352,1
1353,2
1354,4
1355,1
1357,2
1358,1
1359,4
135B,1
136,122
1361,1
1362,1
1364,2
1365,3
1366,1
1367,3
1369,1
136A,1
136B,4
137,116
1375,3
137A,1
137E,1
138,97
13808,1
138B,1
139,93
139-1,1
13A,22
13A1,1
13A2,2
13A5,1
13A6,1
13B,14
13B3,1
13B4,2
13C,7
13D,8
13E,3
13F,2
13X,1
14,702
14-10,1
14-101,2
14-102,3
14-103,2
14-104,1
14-105,2
14-106,2
14-2,1
14-202,1
14-203,1
14-204,1
14-205,1
14-206,3
14-208,1
14-301,1
14-303,4
14-306,1
14-88,1
14 C,1
14 I,2
140,98
1400,9
1401,113
14014,1
1402,109
14024,1
1403,90
1404,89
1405,81
1406,81
1407,76
14075,1
1408,68
1409,58
14095,1
140B,1
141,79
1410,63
14101,8
14102,9
14103,12
14104,7
14105,9
14106,14
14107,5
14108,4
14109,4
1411,85
14110,4
14111,6
14112,3
14114,1
14115,2
14118,2
14119,2
1412,68
14122,2
14123,2
14124,1
14125,1
14127,2
14128,1
14129,2
1413,55
14130,2
14131,1
14132,2
14134,1
1414,55
1415,42
1416,39
1417,29
1418,17
1419,10
142,87
142-1,1
1420,13
14201,9
14202,8
14203,10
14204,13
14205,9
14206,10
14207,6
14208,2
14209,3
1421,31
14210,3
14211,4
14212,2
14214,2
14215,1
14218,2
14219,1
1422,39
14222,2
14225,2
14227,1
14228,1
14229,1
1423,36
1423-A,1
14230,1
14231,1
14232,2
14234,2
1424,31
1425,17
1426,18
1427,15
1428,15
1429,5
142A,1
142B,1
143,71
14301,5
14302,3
14303,2
14304,2
14305,4
14306,4
14307,3
14308,1
14309,1
1431,11
1431 C,1
14310,1
14311,1
14312,2
14313,1
14315,2
14318,1
14319,1
1432,13
14322,2
14323,2
14324,1
14325,2
14327,2
14328,1
14329,1
1433,10
14330,1
14331,1
14332,3
14334,2
1434,11
1435,7
1436,5
1437,7
1438,7
1439,1
143A,1
143D,1
143S,1
144,95
1440,2
14401,2
14403,1
14404,1
14405,2
14406,1
14407,2
14408,1
14409,1
14411,1
14412,1
14415,1
14418,1
14419,1
14422,1
14423,1
14424,1
14425,1
14427,1
14428,2
14429,2
14430,1
14431,1
14432,1
14434,1
1445,3
1446,2
1447,1
1448,2
1449,1
145,74
1450,1
1451,1
1452,1
1453,2
1454,5
1455,1
1456,1
1457,3
1458,2
146,72
1460,1
1461,2
1462,2
1463,1
1464,2
1465,1
1466,1
1467,2
1468,1
1468-28,1
147,76
1475,2
148,71
149,54
14A,21
14A1,2
14A2,3
14A5,2
14B,12
14B4,1
14B8,2
14C,6
14D,6
14E,3
14F,3
14G,2
14H,3
14I,3
14K,3
14L,1
14O,2
14P,2
15,637
15-101,1
15-102,2
15-103,2
15-104,3
15-105,2
15-106,4
15-1A,1
15-202,1
15-204,3
15-206,3
15-208,1
15-301,1
15-303,2
15-305,2
15-7B,1
15-A5,1
15 B4,1
150,62
1500,21
15001,1
15003,2
15005,1
15006,2
15007,1
15009,1
1501,98
1502,92
1503,94
1504,70
1505,69
1506,60
1507,61
1508,60
1509,30
151,70
151-1,1
1510,29
15100,1
15101,15
15102,10
15103,14
15104,9
15105,14
15106,14
15107,7
15108,6
15109,3
1511,48
15110,4
15111,5
15112,2
15113,2
15114,1
15115,2
15116,1
15117,1
15118,1
1512,43
1513,26
1514,30
1515,34
1516,35
1517,21
1518,23
1519,9
152,58
1520,10
15201,13
15202,10
15203,11
15204,9
15205,10
15206,16
15207,5
15208,3
15209,2
1521,23
15210,1
15211,2
15212,2
15213,2
15214,1
15215,1
15216,2
15217,2
15218,2
1522,27
1523,17
1524,20
1525,14
1526,15
1527,14
1528,20
1529,5
152A,4
152B,2
153,63
1530,1
15301,4
15302,2
15303,4
15304,2
15305,2
15306,4
15307,1
15308,1
1531,10
15310,2
15311,2
15312,2
15313,3
15314,1
15316,1
15317,2
15318,1
1532,6
1533,6
1534,9
1535,7
1536,3
1537,2
1538,5
1539,3
153B,1
153W,1
154,68
1540,3
15401,2
15402,1
15403,1
15404,1
15405,2
15406,1
1541,2
15411,2
15412,1
15413,1
15414,1
15415,1
15416,1
15417,2
15418,1
1542,2
1543,2
1544,2
1545,2
1546,1
1547,1
1548,2
154B,1
155,69
1550,1
1551,1
1553,1
1554,1
15552,1
1556,1
1557,1
1558,1
1559,2
155B,1
156,61
156-1,1
1565,1
1567,1
1568,1
157,44
1571,1
1573,2
1576,1
157A,1
158,42
1587,1
159,47
159B,2
159O,1
15A,28
15B,17
15B3,1
15B7,1
15C,14
15D,9
15E,2
15F,5
15G,4
15W,1
16,626
16-101,4
16-103,4
16-104,1
16-105,2
16-106,1
16-112,1
16-201,2
16-202,1
16-203,2
16-204,1
16-205,1
16-206,2
16-303,1
16-A2,1
160,60
160 / G103,1
160 A215,1
160 B,1
160 F204,1
160 G 139,1
160 G149,1
160 G236,1
160 RM G11,1
160 RM211F,1
1600,15
1601,78
1602,87
1603,77
1604,60
1605,49
1606,62
1607,37
1608,59
1609,24
161,51
1610,28
16101,8
16102,13
16103,13
16104,10
16105,11
16106,7
16107,4
16108,7
16109,4
1611,29
16110,3
1612,45
16123,1
1613,31
1614,29
1615,14
1616,18
1617,11
1618,12
1619,5
162,49
162-1,1
1620,1
16201,4
16202,9
16203,5
16204,7
16205,7
16206,7
16207,5
16208,1
16209,1
1621,20
16210,1
16211,1
1622,18
1623,22
1624,22
1625,9
1626,8
1627,6
1628,10
163,42
163-1,1
16301,1
16302,1
16305,1
16306,1
1631,3
1632,7
1633,12
1634,8
1635,6
1636,2
1637,4
1638,4
1639,2
163A,1
164,67
164-1,1
1641,1
1644,2
1645,2
1646,2
1647,1
1648,3
1649,1
165,44
165-1,1
1650,3
1653,1
1654,1
1655,1
1656,2
1657,1
1658,1
1659,1
166,44
1661,1
1662,1
1667,1
1669,3
167,49
1675,1
168,39
1684,1
169,44
16A,34
16A2,1
16B,16
16B4,2
16B7,1
16C,4
16D,6
16E,2
16F,1
16G,2
16H,2
16W,1
17,503
17-1,1
17-101,1
17-103,3
17-104,1
17-105,2
17-106,1
17-107,2
17-108,2
17-2,1
17-201,1
17-202,2
17-203,1
17-204,2
17-206,5
17-301,1
17-304,1
17-305,1
17-307,1
17-308,2
17-B,1
17 E,1
170,37
1700,8
1701,80
1702,81
1703,68
1704,70
1704 M,1
1705,46
1706,52
1707,52
1708,46
1709,36
171,36
1710,27
17101,11
17102,9
17103,8
17104,3
17105,8
17106,9
17107,6
17108,4
17109,4
1711,32
17110,2
1712,29
1713,14
1714,13
1715,13
1716,12
1716K,1
1717,8
1718,9
1719,3
172,45
1720,7
17201,6
17202,6
17203,5
17204,4
17205,3
17206,7
17207,5
17208,4
17209,3
1721,8
17211,1
1722,21
1723,10
1724,10
1725,4
1726,4
1727,7
1728,7
172B,1
173,43
17301,1
17302,1
17303,2
17304,2
17305,1
17306,1
17308,3
1731,5
1732,3
1733,3
1734,2
1735,4
1737,1
1738,1
174,46
175,43
176,38
1765,1
177,46
178,40
179,33
179B,1
17A,7
17B,18
17C,6
17D,5
17E,3
17F,1
17G,3
17H,1
17I,1
17J,2
17K,2
17L,3
17M,1
17P,3
17Q,2
17R,1
17T,2
17U,1
18,530
18-101,2
18-102,5
18-103,2
18-104,3
18-106,2
18-11,1
18-201,2
18-203,1
18-204,1
18-205,1
18-206,1
18-208,1
18-304,1
18-9,1
18 B,1
18 B5,1
180,35
1800,12
1801,70
1802,67
1803,57
1804,54
1805,36
1806,41
1807,41
1808,47
1809,16
181,46
1810,18
18101,9
18102,16
18103,9
18104,6
18105,6
18106,9
18107,8
18108,3
18109,2
1811,28
18110,1
1812,21
1813,14
1814,14
1815,12
1816,12
1817,10
1818,4
1819,4
182,45
1820,6
18201,7
18202,4
18203,9
18204,14
18205,6
18206,6
18207,4
18208,1
1821,9
1822,6
1823,8
1824,8
1826,1
1827,3
1828,1
182B,1
183,37
18302,2
18303,2
18304,2
1831,1
1832,2
1834,2
183C,1
184,45
1849,1
185,35
1850,2
186,35
187,31
188,27
189,28
189PR,1
18A,7
18B,19
18C,6
18D,5
18E,4
18F,1
18G,1
18H,1
18I,1
18J,1
18K,3
18L,2
18M,1
18N,1
18O,1
18P,1
19,443
19-101,2
19-102,2
19-103,2
19-106,3
19-201,2
19-202,1
19-203,1
19-204,3
19-205,2
19-206,3
19-302,1
19-303,1
19-306,1
19-S,1
19 B,1
190,35
1900,8
1901,59
1902,68
1903,56
1904,44
1905,50
1906,44
1907,31
1908,22
1909,19
191,33
1910,18
19101,16
19102,10
19103,11
19104,8
19105,6
19106,7
19107,5
19108,5
1911,18
19110,1
1912,18
1913,22
1914,13
1915,17
1916,13
1917,8
1917A,1
1918,6
1919,1
1919B,1
192,33
1920,2
19200,1
19201,8
19202,10
19203,7
19204,9
19205,4
19206,5
19207,1
19208,1
19209,4
1921,9
1922,6
1923,3
1924,7
1925,3
1926,4
1927,4
1928,1
193,30
19301,1
19302,2
19304,1
1931A,1
1932,2
19324,1
1933,4
1934,1
1936,1
1937,1
1938,4
194,28
195,47
1950,2
1951A,1
196,24
197,33
198,25
199,24
19A,4
19A/2,1
19B,16
19C,3
19D,5
19E,2
19F,2
19G,1
19H,6
1A,250
1A1,2
1A2,7
1A3,2
1A4,1
1A5,2
1A6,2
1B,204
1B1,1
1B3,1
1B4,1
1B5,1
1B7,3
1B8,1
1C,88
1C1,1
1C2,3
1C6,2
1D,68
1D1,18
1E,72
1F,34
1G,27
1G1,1
1H,5
1H1,3
1H2,10
1J,8
1JE,2
1JW,6
1K1,9
1L,6
1L-D9,1
1M,3
1N,9
1P,2
1Q,8
1S,8
1U,1
1W,14
2,6097
2-01,1
2-03,1
2-1,1
2-10,1
2-101,4
2-102,1
2-103,4
2-104,1
2-105,7
2-106,1
2-107,2
2-108,1
2-109,1
2-111,1
2-113,1
2-114,1
2-12,1
2-125,1
2-2,2
2-201,1
2-202,4
2-203,1
2-205,2
2-206,2
2-207,1
2-211,4
2-2110,1
2-213,1
2-219,1
2-220,1
2-222B,1
2-222C,1
2-231 C,1
2-234,1
2-3,5
2-301,3
2-302,1
2-304,4
2-305,1
2-306,4
2-307,1
2-308,2
2-320,1
2-4,1
2-410,1
2-517,1
2-608,1
2-623,1
2-8,1
2-A,2
2-A1,1
2-A2,1
2-A4,1
2-A7,1
2-B,4
2-B1,1
2-B3,1
2-B4,1
2-B6,1
2-B7,1
2-C,2
2-C6,1
2-D,1
2-E,1
2-N,1
2-R,1
2 A,1
2 APT B,1
2.3,1
2/204,1
20,420
20-1/2,1
20-101,1
20-102,1
20-104,1
20-105,2
20-106,1
20-201,2
20-202,3
20-204,1
20-205,1
20-206,1
20-207,1
20-3,1
20-302,1
20-303,2
20-305,1
20-306,2
20-308,1
20-9,1
20 101,1
20 C,1
20 D,1
200,310
200-4,1
2000,13
2000-203,1
2001,64
2002,55
2003,60
2004,52
2005,24
2006,44
2007,25
2008,32
2009,27
200A,1
200B,4
201,1810
201-A,1
201-B,1
201-C,2
2010,29
20101,7
20102,13
20103,9
20104,10
20105,5
20106,5
20107,1
20108,3
2011,28
20110,2
20111,1
20113,1
20114,1
2012,30
2013,18
2014,23
2015,18
2016,10
2017,5
2018,4
2019,3
201A,16
201B,12
201C,3
201D,2
201N,1
201R,1
201W,1
202,1737
202-12,1
2020,3
20201,4
20202,7
20203,3
20204,3
20205,3
20206,5
20207,4
20208,3
2021,8
2022,12
2023,14
2024,8
2025,3
2026,3
2027,4
2028,7
2029,2
202A,13
202B,9
202C,2
202E,1
202HH,1
202R,1
203,1544
203-1,1
203-B,2
203-C,1
203.,1
2030,3
20303,1
20304,1
20305,1
20308,1
2031,4
2032,5
20327,1
2033,2
2034,5
2035,1
2036,6
2037,1
2038,4
2039,1
203A,8
203B,11
203C,1
203D,1
203E,1
203F,1
203R,1
204,1435
204-4,1
204 A,1
2040,1
2041,1
2042,1
2043,1
2044,1
2045,2
2046,1
2047,1
204A,12
204B,10
204C,2
204E,1
204F,1
204N,3
205,1059
205-B,1
205-C,1
2050,2
2052,1
2054,1
2055,1
205A,12
205B,4
205F,1
205N,1
206,1047
206/4,1
2060,2
2063,1
2067,1
206A,13
206B,8
206D,1
206S,1
207,909
207-A,1
207-I,1
207 B,1
207 WGSP,1
207A,6
207B,13
207C,1
207D,2
207E,1
207W,1
208,856
208-D,1
2081,1
208A,8
208B,10
208D,2
208F,1
208N,1
208R,2
208S,2
208W,1
209,520
209-A,1
209 S,1
209A,5
209B,9
209S,3
209W,1
20A,12
20B,17
20C,7
20D,3
20E,4
20F,4
20G,4
20H,3
21,492
21-101,2
21-102,1
21-103,2
21-104,1
21-105,1
21-106,2
21-12,1
21-202,2
21-203,2
21-204,2
21-205,3
21-206,1
21-301,2
21-6C,1
21-A,1
210,638
210 B,1
2100,15
2101,98
2101-1,1
2101-2,2
2101-3,2
2102,99
2102A,1
2103,88
2103D,1
2104,86
2105,75
2105-1,1
2105-2,2
2105-3,2
2106,80
2107,59
2108,74
2109,33
210A,6
210B,6
210C,1
211,628
211-1,1
211-B,2
211-B15,1
211 D,1
2110,42
21101,6
21102,8
21103,8
21104,5
21105,8
21106,7
21107,5
21108,4
21109,2
2111,37
2111-2,2
21110,3
21111,1
21113,2
21115,1
21117,1
21119,2
2112,36
21121,1
21122,1
21123,1
21124,1
21125,1
21127,1
2113,20
2114,27
2114B,1
2115,16
2115-1,2
2115-2,4
2116,17
2117,13
2118,11
2119,8
211A,6
211B,5
211C,3
211E,1
212,566
212 D,1
212 W,1
2120,6
21201,7
21202,10
21203,4
21204,6
21205,5
21206,5
21207,3
21208,3
21209,1
2121,12
21210,2
21211,2
21212,1
21213,1
21215,2
21217,2
21219,1
2122,20
21220,1
21221,2
21222,1
21223,1
21224,1
21225,1
21227,2
2123,12
2124,9
2125,6
2126,5
2127,7
2128,9
2129,3
212A,3
212B,1
212I,1
212W,1
213,386
2130,3
21301,1
21302,2
21303,1
21304,1
21305,1
21306,2
21307,1
21309,1
2131,5
21310,2
21311,2
21312,1
21314,1
21315,2
21316,1
21317,1
21318,1
21319,2
2132,7
21320,1
21321,1
21323,2
21325,1
21326,2
21327,1
21328,1
2133,3
21330,1
2134,7
2135,5
2136,9
2137,3
2138,2
213A,1
213B,3
213C,2
213D,2
214,411
214-2,1
2140,1
21401,2
21402,1
21403,1
21404,2
21405,2
21406,2
21407,1
21410,2
21411,1
21412,1
21414,1
21415,1
21416,2
21417,1
21419,1
2142,2
21420,1
21421,1
21422,1
21423,2
21424,1
21425,1
21427,1
21428,1
21430,2
2148,1
214A,1
214B,5
214E,1
214F,1
214W,2
215,342
2150,2
2150-01,1
21501,2
21502,2
21503,1
21504,1
21505,1
21506,1
21507,2
21510,1
21511,2
21512,1
21513,1
21514,1
21516,1
21517,1
21518,1
2152,1
21520,2
21521,3
21522,1
21523,1
21524,1
21526,1
21527,1
21528,2
21530,1
215A,2
215B,2
216,340
216-B,1
2160,1
2163,1
216A,1
216B,1
217,271
217A,2
217B,2
218,303
218-A,1
2188,1
219,230
219A,2
21A,5
21B,11
21C,14
21C3,1
21D,4
21E,2
21G,1
21H,2
21J,1
21L,2
21W,1
22,489
22-101,3
22-102,1
22-103,2
22-104,1
22-105,1
22-201,2
22-202,1
22-203,4
22-205,1
22-206,1
22-303,1
22-304,1
22-306,1
220,255
2200,18
2201,94
2202,89
2202B,1
2203,87
2203B,1
2204,79
2205,62
2206,60
2207,42
2208,53
2209,31
220A,1
220B,1
220D,1
221,254
221-B,1
221 BLDG S,2
2210,28
22101,9
22102,7
22103,6
22104,7
22105,7
22106,5
22107,3
22108,4
22109,1
2211,34
22110,1
22115,2
22116,1
22117,2
22118,2
2212,29
22120,2
22121,1
2213,23
2214,25
2215,19
2216,13
2217,7
2218,8
2219,4
221A,1
221B,2
222,232
2220,7
22201,4
22202,4
22203,4
22204,8
22205,5
22206,8
22207,1
22208,1
2221,9
22211,1
22212,1
22213,1
22214,1
22215,2
22216,1
22217,2
22218,2
2222,8
22220,2
22221,2
2223,9
2224,9
2225,8
2226,5
2227,9
2228,4
2229,2
222A,1
222B,5
223,213
2230,1
22301,3
22302,2
22303,2
22304,2
22305,1
22306,1
22307,1
22308,2
2231,3
22311,1
22312,2
22313,1
22315,1
22316,2
22317,2
22318,1
2232,6
22320,1
22321,1
2233,5
2234,4
2235,5
2236,7
2237,4
2239,1
223A,1
223B,2
223W,2
224,236
2240,1
22401,2
22402,1
22403,1
22404,2
22405,1
22406,2
22407,1
22408,2
2241,2
22411,1
22412,2
22413,2
22414,2
22415,2
22416,2
22417,2
22418,2
22420,2
22421,1
2243,1
2245,1
2246,1
2248,1
2249,1
224A,5
224B,1
224C,1
224K,1
225,175
225 A,1
2250,2
22501,1
22502,2
22503,2
22505,2
22506,2
22508,1
2251,1
22511,1
22512,1
22513,2
22515,3
22516,2
22517,2
22518,2
22520,2
22521,2
2253,1
2255,1
2257,1
2258,2
2259,2
225A,1
225B,1
226,170
2261,1
2262,1
2263,1
2266,1
226B,1
227,152
2272,1
2273,1
2274,4
2275,1
2276,1
2277,1
2278,1
227B,3
227G,1
228,158
2281,2
2282,2
2283,1
2284,1
2287,1
2289,2
229,105
2293,2
2295,2
229A,1
229B,1
22A,7
22B,8
22C,15
22D,1
22E,3
22F,3
22G,2
22H,3
22I,1
22J,1
23,446
23-101,1
23-102,1
23-104,1
23-105,3
23-106,1
23-107,2
23-108,1
23-202,1
23-203,3
23-205,2
23-206,3
23-208,1
23-302,1
23-303,2
23-304,2
23-305,3
23-306,1
23-308,1
23 C,1
230,127
230-208,1
2300,11
2301,68
2302,62
23022,1
2303,56
2304,63
2305,51
2306,50
2307,44
2308,44
2309,31
230A,1
230H,1
230W,1
231,124
2310,39
23101,8
23102,4
23103,2
23104,7
23105,6
23106,8
23107,1
23108,1
2311,39
23110,2
2312,21
2313,16
2314,9
2315,22
2316,12
2317,10
2318,8
2319,3
231A,1
231D,1
232,120
2320,4
23201,2
23202,7
23203,1
23204,3
23205,5
23206,3
23207,3
2321,5
2322,8
2323,6
2324,4
2325,5
2326,5
2327,5
2328,4
2329,2
232A,2
232B,1
232C,1
233,127
2330,1
23301,2
23303,1
23305,2
23306,1
23307,1
23308,1
2331,1
2332,5
2333,4
2334,2
2336,3
2337,1
2338,1
233A,1
234,108
234-A,1
234B,1
235,101
2350,2
2358,1
235A,1
235B,1
236,101
23645,1
237,94
237B,1
237J,1
238,86
238-C,1
239,74
23A,4
23B,6
23C,7
23D,5
23E,3
23F,1
23H,2
23I,1
23K,3
23L,2
23M,1
23N,2
24,418
24-101,1
24-102,1
24-104,1
24-106,2
24-201,2
24-202,2
24-203,3
24-204,1
24-205,2
24-206,1
24-207,1
24-208,1
24-301,1
24-302,3
24-303,3
24-305,1
24-306,2
240,80
2400,14
2401,50
2402,42
2403,54
2404,29
2405,29
2406,29
2407,28
2408,45
2409,22
240A,1
241,73
2410,23
24101,7
24102,10
24103,5
24104,7
24105,6
24106,4
24107,2
24108,4
24109,3
2411,22
24110,1
24112,2
24114,1
24116,1
24118,1
24119,2
2412,19
24120,1
24124,2
2413,13
2414,15
2415,8
2416,7
2417,4
2418,12
2419,6
241A,1
241B,1
241E,1
242,65
2420,3
24201,1
24202,4
24203,4
24204,6
24205,3
24206,4
24207,2
24208,1
24209,3
2421,4
24210,1
24214,1
24218,2
2422,8
24222,2
2423,3
2424,8
2425,3
2426,2
2427,3
2428,5
24284,1
2429,2
243,51
2430,1
24301,2
24302,1
24303,1
24307,3
24311,1
24318,1
24321,1
2433,1
2435,2
2436,1
2437D,1
2438,1
244,68
2440,1
24401,2
24402,2
24403,1
24406,1
24409,1
2441,1
24410,1
24412,2
24416,2
24418,1
2442,2
24420,2
24421,1
24422,2
244B,2
245,55
245-A,1
2450,1
24502,2
24503,2
24506,1
24507,2
24509,2
24510,2
24511,1
24512,2
24516,1
24518,1
24519,2
24522,1
24524,2
24525,2
246,59
247,55
247A,1
247B,1
248,65
249,43
24A,3
24B,6
24C,11
24D,3
24E,1
24F,2
24G,1
24H,1
24N,1
24W,1
25,339
25-101,2
25-102,1
25-103,2
25-104,1
25-105,1
25-201,2
25-203,3
25-204,2
25-205,1
25-206,2
25-208,1
25-302,2
25-303,2
25-304,1
25-305,1
25-306,2
25-307,1
25-308,1
25-7,1
25-8,1
25-A,1
25-O,2
25/204,1
250,38
2500,13
2501,35
2501E,2
2501W,1
2502,36
2502E,2
2502W,1
2503,27
2504,23
2504E,1
2504W,1
2505,17
2505E,1
2506,22
2506E,1
2507,16
2507E,1
2507W,1
2508,22
2508E,1
2508W,2
2509,13
251,41
2510,12
25101,8
25102,5
25103,3
25104,5
25105,3
25106,2
25107,2
25108,2
25109,1
2511,14
25110,1
2512,24
2513,9
2514,14
2515,14
2516,10
2517,2
2518,3
2519,4
252,55
2520,3
25201,6
25202,4
25203,3
25204,2
25205,4
25206,2
25207,1
2521,6
2522,3
2523,8
2524,5
2525,4
2526,5
2527,1
2528,5
252B,1
253,52
25305,1
2531,4
2532,2
2533,1
2535,1
2536,4
2537,2
2538,4
253B,1
254,35
254A,1
255,43
2550,1
256,32
257,29
258,35
259,36
2593,1
25A,13
25B,9
25B-6,2
25C,2
25D,1
25E,4
25F,1
25G,5
25H,1
25J,2
25K,3
25L,1
25N,1
25Q,1
25S,1
25U,1
25V,2
25W,2
25X,1
26,308
26-101,1
26-102,2
26-103,1
26-104,1
26-105,3
26-106,2
26-203,1
26-206,1
26-302,1
26-304,5
260,32
2600,11
2601,38
26015,1
2601N,1
2602,33
2603,19
2603S,1
2604,24
2604 S,1
2605,14
2605S,1
2606,19
2606N,1
2607,15
2607N,1
2607S,1
2608,14
2608N,1
2608S,1
2609,10
261,35
2610,12
26101,4
26102,5
26103,7
26104,1
26105,2
26106,2
26109,1
2611,15
2612,23
26120,1
2613,3
2614,5
2615,5
2616,5
2617,1
2618,2
2619,2
262,29
2620,2
26201,6
26202,4
26203,3
26204,4
26205,3
26206,4
26207,1
2621,1
2622,1
2623,1
2624,1
2625,1
2626,1
2627,2
2628,2
263,38
26306,1
2633,1
2634,1
264,41
265,38
266,39
267,31
267B,1
268,29
269,22
269A,1
269D,2
26A,12
26B,7
26C,3
26E,2
26F,2
26H,2
26N,1
27,293
27-101,1
27-102,1
27-104,2
27-105,2
27-106,1
27-201,3
27-202,1
27-203,3
27-206,2
27-302,2
27-303,1
27-304,1
27-305,1
27-306,1
270,30
2700,7
2701,28
2701E,2
2701W,1
2702,21
2702E,1
2702W,1
2703,22
2703W,1
2704,19
2704E,1
2705,14
2705E,2
2706,19
2706E,2
2706W,1
2707,17
2707E,1
2707W,2
2708,17
2708W,1
2709,9
271,24
2710,18
27101,9
27102,7
27103,2
27104,5
27105,4
27106,5
27108,1
27109,2
2711,11
2712,8
2713,7
2714,10
2715,10
2716,7
2717,3
2718,5
2719,3
272,28
2720,2
27201,2
27202,1
27203,1
27204,3
27205,1
27206,1
2721,4
2722,6
2723,3
2724,6
2725,2
2726,3
2727,3
2728,3
273,16
27301,1
27302,1
27304,1
2731,1
2732,2
2734,2
2735,2
2736,1
2737,1
2738,2
274,18
275,21
2750,2
276,22
277,21
278,19
279,14
27A,16
27B,5
27D,2
27F,2
27H,1
28,273
28-101,1
28-102,1
28-103,2
28-104,2
28-106,1
28-201,1
28-202,1
28-205,1
28-206,2
28-301,1
28-302,2
28-304,2
28-306,4
280,21
2800,8
2801,29
2802,26
2803,25
2804,10
2805,16
2806,16
2807,14
2808,8
2809,5
280C,1
281,15
2810,7
28101,3
28102,6
28103,3
28104,3
28105,3
28106,7
28107,2
28108,3
28109,1
2811,12
28110,1
2812,12
2813,6
2814,8
2815,7
2816,7
2817,4
2818,3
2819,2
282,21
2820,1
28201,5
28202,3
28203,4
28204,4
28205,1
28206,3
28208,1
28209,2
2821,4
2822,4
2823,5
2824,4
2825,3
2827,1
2828,4
282B,1
283,18
28304,1
28305,1
28306,1
284,16
285,15
2850,2
286,28
287,12
288,15
289,30
28A,12
28B,4
28C,1
28D,1
28E,1
28F,1
28G,1
29,262
29-101,3
29-102,2
29-103,3
29-104,3
29-105,1
29-106,1
29-201,3
29-202,2
29-203,2
29-204,2
29-205,1
29-206,1
29-302,1
29-303,1
29-304,1
29-305,2
29-306,2
290,15
2900,8
2901,17
2902,19
2903,21
2904,11
2905,14
2906,16
2907,11
2908,13
2909,5
291,22
2910,7
29101,3
29102,3
29103,5
29104,6
29105,3
29106,2
29107,2
29108,2
29109,1
2911,8
2912,10
2913,7
2914,7
2915,4
2916,8
2917,4
2918,7
2919,3
292,12
2920,4
29201,4
29202,1
29203,4
29204,4
29205,2
29206,4
29207,2
29208,1
29209,1
2921,4
2922,4
2923,5
2924,2
2926,2
2927,2
2928,1
293,12
29301,2
29304,2
29305,1
29306,3
29307,1
29308,1
294,19
295,18
2950,1
295A,1
296,12
297,15
298,22
299,13
29A,3
29B,2
29C,1
2A,250
2A1,3
2A2,2
2A3,1
2A5,4
2A6,2
2A7,1
2B,236
2B1,1
2B2,1
2B3,1
2B4,2
2B5,2
2B7,2
2B8,1
2C,93
2C1,2
2C2,3
2C3,4
2C4,1
2C5,2
2D,51
2DE,10
2DN,5
2DS,8
2DW,9
2E,82
2F,42
2FE,1
2G,52
2H,15
2H2,5
2I,5
2J,12
2JE,1
2JW,5
2K,9
2M,2
2M1,2
2N,6
2O,1
2P,2
2R,1
2S,3
2T 213,1
2W,13
2Y,1
3,4530
3-02,2
3-03,1
3-08,1
3-09,1
3-1,1
3-101,1
3-102,3
3-103,3
3-104,2
3-106,4
3-107,1
3-11,2
3-14,2
3-201,2
3-202,1
3-203,6
3-204,1
3-205,2
3-206,2
3-208,1
3-3,1
3-301,2
3-302,4
3-303,2
3-304,1
3-308,1
3-318B,1
3-333,1
3-3406,1
3-A,2
3-B,2
3-C,1
3-D,1
3-E,2
3-I,1
3-W,1
3 A,1
3 WEST,1
3/410/A,1
30,258
30-102,1
30-103,2
30-104,2
30-106,1
30-204,2
30-205,3
30-206,2
30-303,2
30-306,1
30-307,1
300,153
3000,10
3001,20
3002,21
3003,22
3004,16
3005,18
3006,15
3007,11
3008,14
3009,11
300A,7
300B,4
301,1051
301-A,1
301-B7,1
3010,11
30101,7
30102,1
30103,9
30104,5
30105,3
30106,5
30108,2
30109,1
3011,9
30111,1
3012,9
3013,5
3014,9
3015,9
3016,5
3017,3
3018,7
3019,1
301A,11
301B,9
301C,3
301S,1
301TCC,1
302,979
302-A,1
302 B,1
3020,4
30201,3
30202,2
30203,5
30204,4
30205,1
30206,4
30207,5
30208,2
3021,2
3022,3
3023,3
3024,1
3025,2
3027,1
3029,1
302A,10
302B,4
302C,1
302R,1
303,917
303-2,1
303-A,1
30304,1
3032,3
3033,1
3034,1
3035,3
3036,1
3037,1
3038,1
3039,1
303A,6
303B,3
303C,1
303D,4
304,848
304-A,1
304 B,1
3040,2
3042,1
3045,1
3047,2
3049,1
304A,3
304B,5
304C,3
304N,1
304S,1
305,731
305 E,1
3050,1
3053,1
3054,1
3055,2
305A,5
305B,5
305C,1
305D,2
306,695
306-2,1
306-B,1
3060D,1
306A,6
306B,4
306D,1
306P,1
307,598
307-2,1
307-W,1
307 E,1
3071,1
307310,1
307A,5
307B,1
307C,1
307D,1
307N,1
307S,2
308,520
308/D,1
3085,1
308B,6
308C,1
308D,2
308F,1
308N,1
308S,1
309,394
309A,3
309B,2
309C,1
309D,1
30A,4
30B,5
30C,2
30E,1
30W,1
31,317
31-101,1
31-102,1
31-103,3
31-104,1
31-105,1
31-201,2
31-205,1
31-301,1
31-302,2
31-304,1
31-306,1
31-B,2
310,398
3100,9
3101,48
3102,68
3103,57
3104,51
3105,51
3106,50
3106-B,1
3107,34
3108,51
3109,32
310A,3
310B,8
310D,3
311,446
311-1,1
311 A,1
3110,42
31101,2
31102,3
31104,1
31105,1
31106,1
31107,1
31108,2
31109,1
3111,21
31110,1
3112,31
3113,11
3114,20
3115,12
3116,12
3117,4
3118,8
3119,5
311A,1
311B,3
311C,2
311E,2
312,403
3120,10
31201,1
31202,1
31203,4
31204,3
31205,2
31206,3
3121,4
3122,6
3123,4
3124,6
3125,1
3126,3
3127,2
3128,3
3129,4
312A,1
312B,1
312D,1
313,319
313-2,1
313-D,1
3130,2
31301,1
3131,4
3131-202,1
3132,3
3133,3
3134,4
3135,2
3136,1
3137,1
3138,1
3139,4
313A,1
313B,4
313D,2
314,332
314-A,1
314-C,1
3140,1
3141,1
3142,1
3145,2
314A,3
314B,2
314D,1
315,286
3150,2
3151,1
3155,1
3156,1
315A,2
315B,4
316,253
316 B,1
316A,1
316B,2
317,207
317-1,1
317-A,1
317A,1
317B,4
318,200
318-2,1
3185,1
318A,2
318B,1
318D,1
319,152
319A,3
319D,1
31A,3
31B,16
32,351
32-101,2
32-103,1
32-106,2
32-201,2
32-203,2
32-206,1
32-301,1
32-303,1
32-304,1
32-306,2
320,163
3200,5
3201,49
3202,48
3203,38
3204,30
3205,41
3206,46
3207,30
3208,35
3209,23
320A,1
321,188
3210,29
32101,3
32102,2
32103,6
32104,2
32105,2
32106,1
32108,1
3211,25
3212,17
3213,10
3214,13
3215,18
3216,7
3217,7
3218,10
3219,4
321A,1
321D,1
321S,1
322,152
3220,4
32201,2
32203,5
32204,2
32205,2
32206,4
3221,4
3222,10
3223,5
3224,3
3225,2
3226,2
3227,2
3228,3
3229,1
322A,1
323,169
323-B1,1
3230,2
3231,3
3232,4
3233,3
3234,6
3235,1
3236,2
3237,1
3238,3
323B,1
323W,2
324,179
3241,3
3242,2
3246,1
3247,1
324A,3
324B,2
324D,1
325,131
3251,2
3252,2
3253,1
3255,1
3257,2
3259,2
325A,2
325B,3
325P,1
326,115
326-1,1
3261,1
3262,1
3263,1
3265,2
3266,1
326A,1
326B,3
326C,1
326E,1
327,130
3271,1
3272,2
3273,1
3274,1
3277,1
3278,1
3279,2
327A,1
327B,1
328,93
328-B,1
3282,1
3283,1
3284,1
3285,1
3287,2
3289,1
328B,4
329,95
3291,1
3295,1
3299,1
32A,3
32B,7
32C,2
33,263
33-103,2
33-201,1
33-205,1
33-A,1
330,66
3300,2
3301,41
3302,46
3303,49
3304,38
3305,31
3306,35
3307,27
3308,36
3309,17
330A,1
330B,1
330C,1
331,92
3310,23
33101,2
33103,2
33104,3
33105,4
33106,2
33109,1
3311,14
33111,3
33114,1
3312,19
3313,8
3314,11
3314A,1
3315,15
3316,12
3317,11
3318,12
3319,4
331A,2
331B,3
332,94
3320,8
33201,1
33203,1
33204,1
33205,1
3321,3
3322,6
3323,3
3324,4
3325,5
3326,1
3327,3
3327-A,1
3328,1
3329,1
333,85
3330,1
3331,4
3332,2
3334,1
3336,1
3336A,1
333A,3
334,74
3342,1
335,95
3358,1
336,65
3360,1
336A,1
336B,1
337,80
3379,1
337B,2
338,81
339,47
33A,2
33B,4
33C,5
33U,1
34,237
34-104,1
34-105,1
34-201,1
340,53
3400,6
3401,17
3402,23
3403,18
3404,20
3405,14
3406,19
3407,18
3408,18
3409,9
341,47
3410,18
34101,3
34102,1
34103,3
34104,2
34105,1
34107,1
34108,1
34109,1
3411,15
34110,2
3412,6
3413,5
3414,3
3415,9
3416,8
3417,4
3418,3
3419,6
341A,1
342,62
3420,5
34201,2
34202,1
34203,1
34204,1
34205,3
34206,5
3421,3
3422,2
3423,3
3424,2
3427,2
343,36
3431,2
3432,1
3434,2
3435,1
3437,1
3438,1
344,35
344 A,1
3440,1
3442,1
3444,2
344B,2
345,28
345 B,1
346,35
346-E,1
346B,1
347,37
347A,1
348,21
349,24
34A,2
34B,6
34C,10
34E,1
34S,1
35,221
35-102,1
35-203,1
35-204,1
35-205,1
35-F,1
350,29
350-B,1
3500,5
3501,10
3502,12
3503,13
3504,4
3505,9
3505J,1
3506,9
3507,7
3508,7
3509,1
350C,1
351,33
3510,2
35101,2
35102,4
35103,1
35104,1
35105,2
35106,1
35107,2
35109,1
3511,5
35110,1
3512,5
3513,2
3514,1
3515,1
3516,1
3517,3
3518,1
352,25
3520,3
35201,2
35202,3
35204,4
35205,3
35206,1
3521,1
3524,2
3525,2
3526,1
3527,1
353,27
3532,1
3533,1
3535,1
3536,1
354,25
3540,2
3542,1
3544,1
355,30
356,17
356B,1
357,24
357A,2
357B,1
358,26
359,21
359B,1
35A,2
35B,3
35C,3
36,240
360,24
3600,2
3601,17
3602,9
3603,13
3604,7
3605,8
3606,5
3607,10
3608,5
361,23
3610,3
36101,2
36102,4
36103,5
36104,2
36105,2
36106,3
36107,1
36108,2
36109,1
3611,4
36110,1
3612,3
3613,1
3616,1
3619B,1
362,17
3620,2
36201,2
36203,5
36204,3
36205,1
36206,2
3621,1
3622,1
3623,1
363,19
364,22
365,16
366,15
3661,1
367,21
368,14
369,12
36A,2
36B,1
36C,6
37,183
37-104,1
37-204,2
370,10
3700,2
3701,7
3702,8
3703,8
3704,8
3705,7
3706,4
3707,3
3708,2
3709,3
371,12
3710,2
37101,4
37102,2
37103,2
37104,2
37105,1
37106,4
37107,3
37108,3
3711,2
37110,1
3712,2
3713,1
3714,1
3715,1
3719,1
372,11
3720,3
37201,1
37203,3
37204,2
37205,2
3722,1
373,13
374,13
375,9
376,12
3764,1
377,10
378,9
379,12
37A,4
37B,4
37C,1
37D,1
37E,2
37F,1
37G,1
37H,1
38,190
380,9
3800,7
3801,11
3802,11
3803,12
3804,7
3805,2
3806,8
3807,12
3808,5
3809,1
381,13
3810,1
38102,3
38103,4
38104,2
38105,1
38106,2
38107,1
38108,1
3811,2
38110,2
3812,1
382,7
38201,5
38202,2
38203,2
38205,2
38206,2
3821,1
3822,1
383,8
3839,1
384,9
384A,2
385,7
386,9
387,9
388,8
3880,1
389,8
38A,3
38B,4
38C,6
38D,2
39,189
39-103,1
39-106,1
39-202,1
390,5
3900,6
3901,6
3902,6
3903,5
3904,2
3905,4
3906,1
3907,6
3909,1
391,6
3910,3
39102,7
39103,4
39104,1
39105,2
39106,4
39107,1
3911,2
39110,1
3913,2
3914,1
3915,1
3916,1
3917,2
392,8
39202,1
39203,2
39204,1
39205,1
39206,1
3922,1
3924,2
3925,2
393,7
39304,1
393A,1
394,9
395,6
396,7
397,13
398,10
399,4
39A,1
39B,2
39C,1
39D,1
39E,1
39F,1
39H,1
39I,1
39J,1
39K,1
3A,179
3A EAST,1
3A1,1
3A2,1
3A6,1
3B,158
3B4,1
3B7,1
3B8,2
3C,64
3D,32
3E,29
3F,18
3G,13
3GJ,2
3H,16
3I,4
3J,7
3K,7
3L,3
3M,1
3N,4
3P,1
3R,2
3S,1
3W,5
3Z,1
4,3914
4-02,1
4-04,2
4-05,1
4-06,2
4-09,1
4-10,2
4-101,5
4-102,2
4-104,1
4-105,2
4-106,3
4-108,1
4-11,1
4-12,1
4-201,3
4-202,3
4-203,4
4-204,3
4-205,2
4-206,1
4-207,3
4-208,1
4-3,1
4-302,2
4-305,1
4-307,1
4-308,1
4-4,1
4-4010,1
4-409,1
4-416A,1
4-426B,1
4-433,1
4-4401,1
4-6A,1
4-8,1
4-A,2
4-B,3
4-E,1
4 A6,1
4 APT 302,1
40,163
40-103,1
40-106,1
40-203,1
40-204,1
40-A,1
40 206,1
400,99
400-B119,1
400 A,1
4000,6
4001,10
4002,11
4003,9
4004,10
4005,4
4006,5
4007,6
4008,7
4009,3
400B,1
400R,2
400W,1
401,400
4010,8
40101,4
40102,1
40103,5
40104,1
40105,3
40106,2
40107,1
40109,1
4011,3
4012,4
4013,3
4014,3
4015,2
4016,2
4017,6
4018,3
4019,1
401B,2
401C,1
401D,1
401W,1
402,371
402-A,1
4020,1
40201,1
40202,1
40203,2
40204,3
40205,2
4021,4
4022,1
4024,3
4025,1
4027,1
4029,1
402B,1
403,344
403-1,1
403-B,1
4030,3
403A,1
403D,1
404,370
404B,1
405,337
405-A,1
4050,3
4051,1
405A,1
405C,1
405D,2
405W,1
406,304
406-B,1
406 A,1
406A,4
406B,1
406E,1
406G,1
407,268
407A,1
407B,1
407E,1
407W,1
408,274
408A,1
408B,1
408C,1
409,242
4095,1
409A,1
409B,1
40A,4
40B,3
40C,3
40D,4
40E,1
40F,2
40G,1
40H,2
40S,1
41,203
41-101,1
41-B,1
410,232
4100,6
4101,36
4102,51
4103,45
4104,34
4105,30
4106,30
4107,26
4108,17
4109,12
410A,1
410B,1
410D,1
411,269
4110,18
41101,2
41102,2
41104,1
41106,1
4111,14
4112,10
4113,11
4114,6
4115,2
4116,1
4117,4
4118,2
4119,1
411B,2
411D,1
412,248
4120,2
41201,1
41202,1
41203,4
41204,1
41206,1
4121,1
4122,1
4124,1
4125,1
4126,1
412A,1
412B,3
412C,1
412D,1
412S,1
413,170
4131,3
4132,1
4136,3
4137,1
413A,2
413D,1
414,221
4140,1
4141,1
4142,1
4143,2
4144,3
4145,1
4146,1
4147,1
4149,1
414A,2
414B,1
414D,2
415,160
415-2,1
4152,1
4154,3
4155,1
415B,4
415D,1
416,168
416A,1
416D,1
417,139
417A,2
417B,1
418,118
418/A,1
418A,1
418B,1
419,97
4190,1
419A,1
41A,4
41B,2
41C,1
41F,1
42,170
420,89
4200,4
42001,1
4201,34
4202,26
4203,36
4204,37
4204D,1
4205,36
4206,29
4207,22
4208,25
4209,17
421,141
4210,20
42102,2
42104,1
42105,2
42106,1
4211,17
4212,12
4213,8
4214,7
4215,9
4216,2
4217,4
4218,2
4219,1
421A,1
422,138
4220,1
42201,3
42202,3
42204,1
42205,2
42206,3
4221,1
4222,2
4223,1
4224,3
4226,2
4227,1
4228,3
4229,2
422A,1
422E,1
423,102
4231,2
4232,5
4234,4
4235,2
4236,2
4237,2
4239,1
423A,1
424,119
4241,2
4242,4
4246,1
4247,1
4248,1
4249,2
425,82
4251,1
4252,1
4257,2
4259,2
425B,2
425C,1
426,68
4263,1
4264,1
4265,3
4266,1
4269,1
427,75
4272,3
4274,2
4275,1
4276,1
4277,2
4279,2
428,77
4280,1
4281,3
4282,1
4283,1
4284,1
4285,1
4287,1
4289,1
429,43
4293,1
4299,1
429A,1
42A,4
42B,2
42C,4
42D,3
42E,1
42G,2
43,167
43-106,1
430,40
4300,6
4301,32
4302,28
4303,22
4304,28
4305,22
4306,20
4307,23
4308,17
4309,17
431,48
4310,11
43101,3
43102,3
43104,1
4311,21
4312,10
4313,8
4314,5
4315,3
4316,2
4317,2
4319,2
431C,1
432,53
43201,3
43202,3
43203,2
43204,2
43206,2
433,44
433D,1
434,48
434D,1
435,40
436,44
436E,1
437,44
437-A,1
437B,1
438,41
439,21
439A,1
44,178
44-103,1
44-104,1
44-106,1
44-202,1
440,22
4400,4
4401,12
4402,18
4403,14
4404,18
4405,7
4406,11
4407,10
4408,9
4409,8
441,17
4410,4
44101,1
44102,1
44104,1
44105,1
4411,8
4412,6
4413,4
4414,2
4415,5
4417,2
442,33
44201,1
44202,1
44203,2
443,24
444,20
445,10
445C,1
446,13
447,14
447A,1
448,9
449,13
449N,1
44A,1
44W,1
45,157
450,22
4500,1
4501,3
4502,5
4503,5
4504,1
4505,1
4506,1
4507,3
4508,1
451,19
4513,1
4516,1
4519,1
452,15
453,14
4536,1
454,14
455,10
456,10
457,8
458,12
459,6
459A,1
45A,2
45B,4
45D,2
46,165
460,12
460 B,1
4601,2
4602,3
4603,4
4604,1
4606,2
461,14
462,10
462B,1
463,15
464,10
465,15
466,12
467,8
468,10
469,11
46A,2
47,131
47 05,1
470,7
4700,1
4701,2
4702,3
4703,2
4704,2
471,10
471B,1
472,5
47284,1
473,5
474,8
475,11
476,7
477,7
478,9
479,7
47A,1
47B,3
47C,2
48,131
48 1/2,2
480,4
4800,1
4801,3
4802,2
4803,1
4804,2
481,7
4816,1
482,6
4826,1
4828,1
4829,1
483,6
4835,1
4836,1
484,5
485,7
486,5
487,8
488,3
489,4
48A,1
48B,2
49,120
490,3
4901,3
4902,1
4903,1
490A,1
491,6
4922,1
4926,1
493,5
494,4
495,2
497,7
498,2
499,2
49B,3
4A,113
4A2,1
4B,102
4B4,2
4B7,1
4B8,2
4C,42
4D,45
4E,23
4F,24
4G,16
4H,21
4HE,1
4I,5
4J,4
4K,4
4L,2
4M,5
4N,2
4O,4
4O-A,1
4P,1
4Q,4
4S,3
4T,1
4U,3
4V,1
4W,2
4Y,1
5,2511
5-03,1
5-04,1
5-08,1
5-09,1
5-1,1
5-10,1
5-101,2
5-102,4
5-103,6
5-104,2
5-105,3
5-106,4
5-108,2
5-11,2
5-14,1
5-201,2
5-202,1
5-203,3
5-205,2
5-206,3
5-207,1
5-208,1
5-301,1
5-303,2
5-308,1
5-5,2
5-512B,1
5-520C,1
5-523,1
5-528,1
5-7,1
5-F,1
5-S,1
5  A-7,1
5 A7,1
5 APT 201,1
5 C,1
50,126
500,47
500-9,1
5000,3
5001,2
5002,5
5003,2
5004,2
5005,1
5006,3
5008,2
5009,2
500A,1
500B,3
501,303
501-SW,1
501 D,1
5011,2
5012,3
5016,2
501B,1
501C,1
502,269
502 B,1
502A,2
502B,1
502D,2
503,254
503D,1
504,252
5042,1
504B,2
504D,1
505,226
505 B,1
505D,1
506,198
506A,1
507,190
507B,1
508,162
508 B,1
508A,1
508C,1
509,144
509 A,1
50B,1
51,148
510,176
5100,2
5101,31
5102,28
5102B,1
5103,36
5104,41
5105,25
5106,40
5107,14
5108,16
5109,10
510A,2
511,179
5110,16
5111,6
5112,14
5113,5
5114,7
5115,3
5116,7
5117,6
5118,1
5119,4
511B,1
511D,1
512,155
5120,3
5121,3
5122,3
5123,2
5124,1
5125,1
5126,2
5127,3
5129,2
512B,1
512C,1
512D,2
513,130
5131,1
5132,1
5133,3
5134,3
5136,1
5137,1
5138,1
5139,1
513A,1
513C,1
513D,1
514,117
5140,1
5141,2
5142,2
5143,3
5144,2
5146,2
5148,1
5149,1
514C,1
515,87
5150,2
5151,1
5153,1
5154,7
5155,1
5157,5
5158,2
5159,3
515A,2
515B,1
516,125
5160,1
5161,1
5162,1
5163,2
5164,3
516A,1
517,106
518,92
518B,1
519,55
519A,1
51A,1
51B,1
51D,1
51E,1
52,122
520,71
5200,5
5201,26
5202,31
5203,23
5204,35
5205,34
5206,36
5207,19
5208,19
5209,6
520C,1
521,86
5210,15
5211,13
5212,11
5213,4
5214,9
5215,4
5216,8
5217,5
5218,3
5219,2
521D,1
522,102
5220,3
5221,1
5222,1
5223,1
5224,3
5226,1
5227,3
5228,2
522A,1
523,67
5230,2
5231,2
5232,4
5233,1
5234,2
5236,2
5237,1
5239,2
524,84
5240,4
5241,3
5242,2
5244,4
5245,4
5246,2
5247,3
5248,2
5249,2
525,55
5250,3
5251,1
5252,1
5253,1
5255,1
5257,1
526,53
5261,3
5264,2
527,47
528,46
528A,2
529,18
52B,3
52L,1
53,147
530,12
5300,3
5301,18
5302,15
5303,24
5304,26
5304A,1
5305,13
5306,22
5307,17
5308,13
5309,10
531,37
5310,11
5311,18
5312,6
5313,5
5314,8
5315,1
5316,8
5317,3
5318,4
5319,1
532,35
5320,2
5324,1
5326,2
5327,3
5328,3
533,28
5330,2
5332,2
5334,1
5336,1
5338,2
534,29
5341,2
5342,3
5343,4
5344,1
5345,1
5348,2
5349,2
535,25
5350,1
5352,1
5356,1
5357,1
5359,1
536,23
5360,1
5361,1
5363,1
537,28
538,17
539,19
53B,2
54,135
540,20
5400,1
5401,9
5402,15
5403,6
5404,8
5405,5
5406,12
5407,8
5408,7
5409,12
541,14
5410,9
5411,8
5412,2
5413,2
5414,2
5415,3
5416,2
5417,1
542,23
5420,1
5426,1
5427,1
543,8
5430,1
5431,1
5432,1
5434,1
5436,1
5438,1
543A,1
544,9
5440,1
5441,1
5443,2
5444,3
5446,1
5448,1
545,8
5454,1
5456,1
5457,2
546,10
5460,1
5461,1
5462,2
5463,2
5464,2
547,9
548,10
549,6
54B,2
55,134
550,4
551,14
551S OSW,1
552,5
5527B,1
552A,1
553,10
554,17
554 STOUFF,1
555,6
556,10
5562,1
557,8
558,5
559,6
559-A,1
55A,1
55B,1
55W,2
56,111
560,5
561,11
562,7
563,4
564,5
565,7
566,8
567,6
568,2
568B,1
569,9
5691,1
56B,1
57,118
570,1
571,4
572,1
573,6
574,3
575,4
576,3
577,3
578,9
579,3
58,116
580,3
5800,1
581,4
582,8
583,2
584,1
585,2
586,3
587,3
588,3
589,3
58B,1
58D,1
59,95
590,2
591,4
592,2
594,2
595,5
596,3
597,2
5989,1
599,1
59B,1
59D,1
5A,82
5A1,2
5B,86
5B9,2
5C,27
5D,31
5E,24
5F,13
5G,7
5H,7
5I,5
5J,3
5K,3
5L,2
5N,1
5O,1
5P,3
5Q,2
5R,2
5T,1
5V,1
5W,2
6,2359
6-101,1
6-102,2
6-103,1
6-104,6
6-106,5
6-108,1
6-1D,1
6-201,5
6-203,3
6-204,2
6-205,3
6-206,2
6-207,2
6-301,2
6-302,1
6-303,1
6-305,3
6-307,1
6-626A,1
6-628C,1
6-635B,1
6-B,2
6-D,1
6-E,1
6-G,1
6 - 207,1
6 #202,1
60,99
600,24
6002,1
6004,3
6006,1
6007,1
6008,3
601,234
601 S D,1
6010,2
6012,1
602,230
602D,1
603,185
6031,1
603A,1
604,205
605,185
6053,1
605F,1
606,160
60611C,1
607,154
608,136
609,110
609A,1
60A,1
60B,3
60D,1
61,118
610,110
6100,2
6101,20
6102,28
6103,18
6104,27
6105,22
6106,30
6107,12
6108,26
6109,8
610A,1
610D,1
611,132
6110,11
6111,4
6112,5
6113,4
6114,4
6115,2
6116,2
6119,3
611A,2
611B,1
611C,1
612,162
612 HASH,1
6123,2
613,105
613B,1
614,115
6140,1
615,98
616,93
617,74
618,50
619,27
62,105
620,44
6200,1
6201,32
6202,31
6203,32
6204,14
6205,25
6206,29
6207,17
6208,16
6209,12
621,52
621 C,1
6210,12
6211,7
6212,12
6213,7
6214,4
6215,1
6216,4
6217,4
6218,2
622,49
6221,1
623,48
6231,1
6233,1
624,50
625,45
625-A,1
625B,1
626,44
627,23
627B,1
628,37
629,7
63,93
630,11
6300,1
6301,20
6302,18
6303,15
6303A,1
6304,20
6305,14
6306,19
6307,11
6308,11
6309,8
631,19
6310,9
6311,7
6312,12
6314,3
6316,4
6317,2
6318,1
6319,2
631A,1
632,23
6321,1
632A,1
632B,1
633,14
634,17
635,25
635B,1
636,20
637,11
6373,1
638,20
639,6
64,99
640,8
6400,2
6401,5
6402,6
6403,1
6404,6
6405,5
6406,8
6407,3
6408,8
6409,4
641,5
6410,6
6411,3
6412,8
6413,4
6414,1
6415,2
6416,2
6417,2
642,3
643,3
644,4
6442H,1
646,1
647,1
648,2
65,98
650,2
651,1
651A,1
652,2
654,1
656,4
657,1
659,1
66,102
66-1,1
66-B,1
661,2
6617,1
66202,1
66215,1
663,1
6635,1
664,1
6647,1
665,3
666,1
6661,1
6669,1
67,86
670,1
671,1
674,1
67B,2
68,79
682,1
689,1
69,79
697,1
6A,59
6A1,1
6A2,1
6B,71
6B10,1
6B3,1
6B9,1
6C,27
6C12,1
6C6,1
6D,17
6E,13
6F,9
6G,5
6H,8
6I,2
6IK,3
6J,1
6K,2
6L,3
6M,1
6N,4
6Q,3
6R,1
6S,1
6T,1
6W,3
6X,1
6Y,1
7,1909
7-1,1
7-101,4
7-102,3
7-103,1
7-104,4
7-105,1
7-106,3
7-107,1
7-202,3
7-203,4
7-204,4
7-205,2
7-206,4
7-207,2
7-301,1
7-305,1
7-306,1
7-308,1
7-704,1
7-714,1
7-722,1
7-724A,1
7-725,1
7-734,1
7-A,1
7-K,1
70,67
700,17
700-1,1
7001A,1
7001B,1
700A,1
700B,1
701,195
702,197
702G,1
703,199
703-2,1
704,161
705,151
706,162
707,120
708,140
709,103
709E,2
70A,1
70B,4
71,94
710,103
7101,15
7102,31
7103,23
7104,23
7105,14
7106,24
7107,12
7108,15
7109,12
711,132
7110,8
7111,9
7112,6
7113,2
7114,3
7115,3
7117,3
7119,2
712,117
712-2,1
7121,3
7124,1
712A,1
713,94
7131,1
714,83
714-A,1
714A,1
715,74
715B,1
716,79
7160-2,1
717,58
717B,1
718,58
719,36
72,82
720,36
7200,1
7201,18
7202,22
7203,16
7204,24
7205,22
7206,12
7207,13
7208,8
7209,7
721,72
721 C,1
7210,8
7211,11
7212,12
7213,4
7214,2
7216,2
7217,4
7218,4
7219,2
721D,1
722,71
7220,1
7221,1
7222,3
7224,2
723,60
7234,1
724,55
725,24
725C,1
726,28
7262B,1
727,27
728,35
729,7
729B,1
73,75
730,7
7300,1
7301,10
7302,11
7303,12
7304,12
7305,11
7306,26
7307,7
7308,8
7309,7
731,24
7310,6
7311,6
7312,10
7313,7
7314,5
7315,2
7316,2
7317,3
7318,3
7319,2
732,30
7321,1
733,16
733-B,1
734,21
734-B,1
735,13
736,22
737,20
738,16
739,2
73A,1
74,85
740,7
7400,1
7401,5
7402,4
7403,4
7404,7
7405,3
7406,6
7407,4
7408,4
7409,4
741,2
7410,2
7411,5
7412,3
7413,2
7414,1
7415,1
742,2
743,2
744A,1
745,1
746,2
747,3
748,2
749,1
7494,1
74A,2
75,85
751,1
751 B,1
752,1
753,1
754,1
754-3,1
755,2
756,1
757,1
758,1
759,1
75A,1
75B,2
76,81
760,2
7627,1
764,1
76A,1
76B,1
77,52
774,1
778,1
77A,2
77B,3
78,66
783,1
78B,2
79,61
792,1
795,1
7A,46
7A2,1
7A5,1
7B,63
7C,30
7D,23
7E,16
7F,12
7G,4
7H,7
7I,3
7J,3
7K,1
7M,4
7N,3
7O,1
7P,4
7Q,4
7R,1
7U,1
7W,2
7Z,1
8,1879
8-101,2
8-102,3
8-103,1
8-104,1
8-105,1
8-106,1
8-107,1
8-108,1
8-11,1
8-201,1
8-203,3
8-204,4
8-206,4
8-301,3
8-302,1
8-303,1
8-304,3
8-305,1
8-306,1
8-307,1
8-308,1
8-31,1
8-814,1
8-838C,1
8-B,2
8-I,1
8 B,2
80,62
800,18
801,192
802,169
802-14,1
8022,4
802A,1
803,182
804,144
8048,2
805,138
806,123
807,131
808,105
809,85
809B,1
81,80
810,82
8100,1
8101,14
8102,22
8103,19
8104,15
8105,18
8106,28
8107,11
8108,17
8109,4
811,117
8110,9
8111,4
8112,7
8113,7
8115,1
8116,1
8118,3
8119,3
812,106
8120,1
8121,2
8123,4
813,83
8131,1
8133,1
814,96
815,62
816,77
817,46
818,43
819,24
82,72
820,24
8201,20
8202,18
8203,20
8204,16
8205,17
8206,23
8207,8
8208,18
8209,8
821,64
821-13,1
8210,5
8211,9
8212,7
8213,6
8214,1
8215,1
8217,2
8218,2
822,56
822-A,1
8221,2
8222,1
8223,1
822A,1
822C,1
823,56
8233,1
824,67
825,28
8252,1
825A,1
826,22
827,22
828,26
828A,1
829,6
83,74
830,4
8300,3
8301,4
8302,8
8303,6
8304,8
8305,11
8306,12
8307,7
8308,9
8309,9
831,15
8310,5
8311,5
8312,4
8313,3
8314,8
8315,1
8316,1
8318,1
8319,1
832,24
8320,2
8321,1
833,16
834,14
835,12
836,16
836A,1
837,16
838,13
839,3
83B,2
84,68
8401,3
8402,7
8403,1
8404,6
8405,2
8406,6
8409,4
8410,4
8411,1
8412,3
8413,2
8414,3
842,2
8420,1
8421,1
844,2
846,3
847,2
849,4
8490C,1
84B,1
85,63
850,1
852,2
853,2
854,1
858,1
859,2
86,62
865,1
87,60
8708,1
8719,1
872,1
8737,1
8745,1
8748,1
8749,1
8755,1
8757,1
8759,2
8765,1
8767,1
877,1
8783,1
88,57
8801,1
8807,1
8823C,1
8829,1
885,1
88A,1
89,67
8902,1
895,1
897,1
899,1
8A,49
8A1,1
8A2,1
8A8,1
8B,65
8C,31
8C12,1
8C5,1
8C6,1
8D,17
8E,11
8F,11
8G,5
8H,3
8I,3
8J,1
8K,2
8L,1
8N,1
8R,1
8U,1
8W,2
8X,1
9,1363
9-101,6
9-102,1
9-103,4
9-104,2
9-105,1
9-106,2
9-1A,1
9-201,3
9-202,1
9-203,3
9-204,1
9-205,1
9-206,1
9-301,2
9-302,1
9-306,1
9-308,1
9-906,1
9-931,1
9-931C,1
9-B,1
9-G,1
9 APT 4,1
90,46
900,16
900A,2
900B,1
901,173
902,154
903,138
904,147
905,109
906,112
906B,1
907,83
908,90
908A,1
909,68
91,64
910,50
9101,18
9102,16
9103,10
9104,17
9105,15
9106,18
9107,11
9108,11
9109,4
910B,1
911,93
9110,7
9111,7
9112,5
9113,1
9114,5
9115,3
9117,2
9118,2
9119,1
912,103
9120,1
9122,1
9123,2
912A,1
913,76
913-B,1
9134,2
914,76
915,64
916,54
917,41
917-B,1
918,29
919,23
91B,1
92,55
920,25
9201,19
9202,20
9203,17
9204,20
9205,13
9206,11
9207,11
9208,10
9209,5
921,52
921 C,1
9210,7
9211,4
9212,5
9213,4
9214,4
9215,1
9216,1
9217,2
9218,1
9219,1
921B,1
922,54
9221,3
9222,1
9223,2
923,48
9231,1
924,57
925,15
925A,1
926,24
927,20
928,20
929,8
93,79
930,1
9301,5
9302,10
9303,6
9304,7
9305,9
9306,4
9307,4
9308,1
9309,5
931,17
9310,3
9311,4
9312,5
9313,2
9314,4
9315,4
9316,3
9317,4
9318,2
932,20
9320,1
9321,3
9322,2
932C,1
933,16
934,14
934B,1
935,15
9357,2
936,13
937,10
937B,1
938,13
939,3
94,60
940,3
9401,1
9402,1
9405,2
9409,1
941,2
9410,1
9412,1
9415,1
942,1
943,2
944,1
946,5
946A,1
95,66
951,1
958,1
9584,2
95A,2
95B,2
96,57
961,2
96B,2
97,75
98,64
989,1
99,47
9909,1
99A,2
99B,1
99C,1
9A,51
9A-1,1
9A8,1
9B,39
9B4,1
9B5,1
9B9,1
9BC,2
9C,22
9D,11
9E,8
9EF,1
9F,9
9G,4
9H,2
9I,2
9IK,1
9J,2
9K,1
9L,1
9M,1
9N,2
9P,3
9Q,1
9R,2
9U,4
9W,5
A,5848
A-02,3
A-03,2
A-04,1
A-06,1
A-07,2
A-08,1
A-09,1
A-1,11
A-10,4
A-101,1
A-103,1
A-104,3
A-105,1
A-106,1
A-107,1
A-108,1
A-11,2
A-12,1
A-13,2
A-14,3
A-15,1
A-2,10
A-201,2
A-202-D,1
A-205,1
A-24,1
A-3,11
A-3040,1
A-349,1
A-38,1
A-39,1
A-4,7
A-405,1
A-407,1
A-4090,1
A-42,1
A-48,1
A-49,1
A-5,5
A-6,5
A-63,1
A-64,1
A-7,4
A-8,3
A-87,1
A-UPPER,1
A 1,1
A 103,1
A 13,1
A 15,1
A 204,1
A 204-B,1
A 206,1
A 301,1
A 308,1
A 402,1
A 5,1
A BOX7,1
A/13,1
A/30,2
A001,2
A002,1
A003,1
A004,2
A01,2
A03,2
A04,1
A05,3
A06,2
A07,1
A08,4
A1,148
A1-201,1
A1-202,2
A1-203,1
A1-301,1
A1-302,2
A1-304,1
A10,25
A1001,1
A1002,1
A1003,1
A1004,1
A1005,1
A1009,1
A101,20
A1010,1
A102,20
A103,18
A104,19
A105,20
A105A,1
A106,17
A107,7
A108,6
A109,3
A11,32
A110,4
A1102,1
A1107,1
A1108,1
A111,5
A112,6
A113,5
A11301,1
A12,30
A120,1
A1201,1
A1202,1
A1203,1
A1204,1
A1205,1
A1206,1
A1207,1
A1208,1
A1209,1
A124,1
A127,1
A13,10
A1301,1
A1302,1
A1306,1
A14,32
A1404,2
A1405,4
A1406,2
A15,18
A1501,1
A1503,1
A1504,1
A1505,1
A16,15
A165,1
A17,10
A18,14
A19,10
A2,129
A2-3,1
A20,13
A200,3
A201,15
A2012,1
A202,16
A2020,1
A2020.1,1
A203,21
A204,16
A2040,1
A204A,1
A205,20
A206,15
A207,17
A207B,1
A208,15
A20812,1
A209,3
A21,9
A210,3
A21001,1
A211,2
A212,4
A213,3
A214B,1
A215,1
A218,1
A2190,1
A22,13
A23,5
A2302,1
A2303,1
A2306,1
A24,11
A2402,1
A2405,1
A25,12
A2501,3
A2504,2
A2505,2
A253,1
A26,8
A27,4
A28,8
A29,3
A2B,1
A3,124
A30,5
A300,2
A301,21
A3011,1
A301A,1
A302,12
A30202,1
A303,18
A304,15
A3040,1
A304C,1
A305,10
A3052,1
A306,10
A3060,1
A306A,1
A307,9
A308,11
A309,4
A3090,1
A31,7
A310,8
A311,6
A312,4
A313,2
A314,1
A3190,1
A32,5
A320,1
A321,1
A32101,1
A322,1
A328,1
A33,4
A34,4
A35,9
A353,1
A36,6
A37,2
A38,5
A39,2
A4,107
A40,7
A400,1
A401,5
A401B,1
A402,1
A4020,1
A403,1
A404,3
A405,3
A4052,1
A406,2
A407,4
A40722,1
A408,1
A409,1
A41,2
A410,4
A411,4
A412,2
A41202,1
A42,4
A42102,1
A43,1
A44,3
A45,2
A46,3
A48,1
A49,1
A5,71
A50,2
A5011,1
A503,1
A504,1
A5082,1
A509,2
A510,2
A5100,1
A516,1
A519,1
A53,1
A54,2
A546,1
A55,7
A552,1
A559,1
A56,3
A57,4
A58,4
A59,5
A6,75
A60,4
A601,1
A602,1
A603,1
A604,1
A606,1
A607,1
A61,5
A610,1
A63,1
A64,1
A65,1
A66,1
A67,1
A68,2
A69,1
A7,63
A701,1
A702,1
A705,1
A707,1
A71,3
A710,1
A72,1
A720,1
A73,1
A74,4
A75,3
A76,2
A78,3
A79,4
A8,36
A80,3
A801,1
A802,2
A805,1
A806,1
A808,1
A809,1
A81,2
A810,1
A82,1
A84,2
A85,2
A86,2
A87,1
A88,1
A9,26
A90,1
A903,1
A909,1
A910,1
A92,2
A93,1
A935,1
A94,2
AA,2
AA-3,1
AA-6,2
AA-7,1
AA1,3
AA11,2
AA12,1
AA15,1
AA17,1
AA2,4
AA3,2
AA5,5
AA6,2
AA7,1
AA9,1
AB,1
ABC1,1
AC,2
AD,2
AG1,1
AL-26,1
AL-D11,1
AL114,1
AL14,2
AL21,2
AL310,1
ALPHA,1
AP-10,1
AP49,1
APT,3
APT #1,1
APT 0,1
APT 1,7
APT 10,1
APT 103,1
APT 105,1
APT 106,1
APT 109,1
APT 113,1
APT 114,1
APT 12,1
APT 121,1
APT 15,2
APT 1A,1
APT 2,3
APT 201,2
APT 202,1
APT 203,3
APT 207,2
APT 209,2
APT 212,2
APT 215,2
APT 2A6,1
APT 2D,1
APT 3,3
APT 321,1
APT 322,1
APT 3A,1
APT 4,2
APT 407,1
APT 41,1
APT 4D,1
APT 5,2
APT 6,1
APT 7,6
APT 8,3
APT A,2
APT C,1
APT E4,1
APTD,1
ASPEN12,1
b,2
B,5628
B-01,1
B-02,1
B-04,1
B-05,1
B-06,1
B-09,1
B-1,8
B-1-7,1
B-10,3
B-101,3
B-102,2
B-103,2
B-107,1
B-108,1
B-12,4
B-13,1
B-15,2
B-18,1
B-19,1
B-2,4
B-202,2
B-203,1
B-204,2
B-206,1
B-208,2
B-21,1
B-210,1
B-23,1
B-3,8
B-301,1
B-302,2
B-310,1
B-33,1
B-34,1
B-39,1
B-4,9
B-5,5
B-6,3
B-7,1
B-8,4
B-9,1
B-UPSTAIRS,1
B 101,1
B 108,1
B 11,1
B 202,1
B 226,1
B 3,1
B 40,2
B 401,1
B 706,1
B 909,1
B UPPR,1
B!,1
B#23,1
B/APT 2,1
B0,1
B0020,1
B0031,1
B0032,1
B007,1
B01,4
B012,2
B013,1
B0150,1
B0161,1
B0192,1
B02,2
B03,3
B04,2
B05,1
B06,2
B07,1
B08,2
B09,2
B1,150
B10,32
B1003,1
B1006,1
B1007,1
B101,25
B1010,1
B102,23
B103,29
B104,23
B105,14
B1050,1
B106,13
B107,8
B108,14
B1081,1
B10821,1
B109,6
B11,43
B110,8
B1101,1
B1106,1
B111,5
B1110,1
B11101,1
B1112,2
B112,2
B11222,1
B113,4
B1130,1
B1130-1,1
B114,1
B115,1
B116,1
B119,1
B12,41
B120,1
B1203,1
B1205,1
B1206,2
B1207,1
B1210,1
B1211,1
B1212,1
B13,27
B14,15
B15,21
B16,15
B17,15
B18,15
B19,15
B2,129
B20,9
B200,3
B201,32
B202,19
B20202,2
B203,25
B204,11
B205,16
B206,14
B207,12
B208,11
B209,7
B20A4,1
B21,11
B210,6
B211,4
B212,6
B2121,1
B213,5
B214,3
B214E,1
B215,2
B216,2
B2162,1
B218,1
B22,14
B221,1
B222,1
B223,2
B23,6
B24,16
B25,8
B26,7
B27,9
B28,6
B29,3
B3,117
B30,6
B300,2
B301,15
B302,11
B302A,1
B303,18
B3031-3,1
B3032,1
B304,14
B305,6
B306,10
B3061,2
B307,5
B308,7
B309,10
B31,4
B310,7
B311,5
B312,5
B313,1
B3141,1
B315,1
B316,1
B31611,1
B3162,1
B319,1
B32,8
B33,5
B33121,1
B34,1
B35,4
B36,2
B37,2
B38,2
B39,1
B4,123
B400,3
B401,2
B402,2
B40201,1
B403,4
B40321,1
B404,2
B405,4
B406,2
B4061,1
B407,2
B408,4
B409,2
B41,2
B410,1
B411,1
B412,1
B4121,1
B4122,1
B413,4
B4130,2
B4142,1
B430,1
B45,2
B46,2
B49,3
B5,81
B501,1
B502,1
B503,1
B504,1
B507,1
B51,1
B510,1
B512,1
B52,1
B54,1
B562,1
B6,94
B601,1
B602,1
B603,2
B607,1
B609,1
B610,2
B611,1
B612,1
B642,1
B7,68
B701,1
B702,1
B703,1
B704,1
B706,1
B707,1
B708,1
B709,1
B710,1
B711,1
B8,51
B802,1
B803,1
B807,1
B808,1
B810,1
B811,1
B812,1
B9,41
B904,1
B906,1
B907,1
B91,1
B910,1
B911,2
B912,1
B9150,1
BA,1
BASE,1
BASEMENT,3
BB,1
BB2,3
BB4,2
BB5,1
BB6,1
BB8,2
BC,1
BE,1
BE 319,1
BE223,1
BE336,1
BH1,1
BIRCH COTT,1
BSMT,4
BW,1
BX162,1
BX3,1
BX7,1
C,2831
C-00422,1
C-07,2
C-1,9
C-101,3
C-103,2
C-104,1
C-106,2
C-108,1
C-11,2
C-12,3
C-13,1
C-14,1
C-15,2
C-16,1
C-17,2
C-19,2
C-2,12
C-20,1
C-203,1
C-206,2
C-207,1
C-21,1
C-213,1
C-219,1
C-22,2
C-221,1
C-23,1
C-24,2
C-27,1
C-3,5
C-302,2
C-31,1
C-35,1
C-39,1
C-4,7
C-40,1
C-5,7
C-6,3
C-7,7
C-8,6
C-9,1
C-C04,2
C-C405,1
C 1,1
C 10,1
C 108,1
C 18,1
C 2,1
C 204,1
C 205,1
C 21,1
C 300,1
C 407,1
C001,2
C001-A,1
C00201,1
C003,1
C003B,1
C004,1
C005,1
C006,1
C0060,1
C006A,1
C006B,1
C007,1
C01,2
C01001,1
C010A,1
C02,3
C03,1
C035,1
C04,1
C05,1
C06,5
C07,3
C08,3
C09,2
C09011,1
C1,119
C10,43
C100,1
C1001,2
C1002,2
C1004,1
C101,15
C1012,1
C101C,1
C101D,1
C102,12
C10202,1
C103,8
C104,15
C105,10
C10502,1
C106,15
C106B,1
C107,18
C108,13
C109,2
C11,36
C110,4
C1105-12,1
C111,2
C112,2
C113,2
C115,2
C116,1
C117,2
C118,1
C119,3
C12,41
C120,1
C121,2
C122,1
C124,1
C13,24
C14,21
C143,1
C15,15
C16,13
C17,13
C18,9
C19,10
C2,119
C20,10
C200,1
C201,22
C202,15
C20201,1
C203,15
C203A,1
C204,15
C2042,1
C204A,1
C205,21
C206,11
C207,14
C208,12
C209,5
C21,14
C210,3
C211,3
C212,3
C213,3
C214,2
C215,1
C216,1
C217,2
C218,1
C219,1
C22,7
C220,2
C221,2
C222,1
C222B,1
C23,10
C233,1
C237,1
C24,12
C25,8
C26,3
C27,8
C28,6
C29,3
C3,99
C30,4
C300,1
C301,11
C302,12
C303,14
C304,13
C3041,2
C305,11
C306,11
C306B,1
C307,6
C308,9
C308A,1
C309,3
C31,6
C310,5
C311,1
C312,3
C313,3
C316,2
C317,1
C318,1
C319,1
C32,13
C320,1
C321,1
C322,2
C324,1
C326,1
C33,6
C330,1
C34,4
C343,1
C35,4
C36,7
C37,3
C38,4
C39,5
C4,92
C40,1
C401,4
C402,3
C404,1
C4041,1
C405,3
C406,3
C407,3
C408,4
C409,1
C41,3
C410,2
C412,2
C415,1
C42,1
C43,1
C44,1
C45,3
C46,1
C47,1
C48,1
C5,68
C50,2
C51,1
C510,1
C52,3
C521,1
C53,1
C54,4
C55,4
C56,1
C58,1
C59,1
C6,61
C608,1
C60B,1
C61,4
C7,58
C8,55
C8 A,1
C9,32
C9C,1
CA,1
CB,1
CC,3
CC4,1
CC6,1
CC7,1
CC8,1
CD,2
CH202,1
CH204,1
CLUB,2
CO2,1
CT,3
D,2323
D-01,1
D-03,1
D-05,1
D-06,1
D-1,6
D-101,1
D-103,2
D-109,1
D-11,2
D-12,2
D-13,1
D-15,2
D-16,2
D-18,4
D-19,1
D-2,5
D-20,1
D-201,1
D-202,1
D-206,1
D-208,1
D-23,2
D-25,1
D-27,1
D-28,1
D-29,1
D-3,5
D-312,1
D-4,9
D-403,1
D-41,1
D-5,3
D-607A,1
D-65,1
D-68,1
D-69,1
D-7,3
D-8,3
D-D,1
D-D02,1
D #309D,1
D 10,1
D 18,1
D 2,1
D 22,1
D 3,1
D 304,1
D 5,1
D 6,2
D006,1
D01,4
D02,3
D03,3
D04,1
D04010,1
D04A,1
D05,2
D06,5
D08,3
D09,2
D1,103
D10,20
D101,9
D102,11
D103,16
D104,13
D104B,1
D105,7
D106,12
D107,9
D108,5
D109,1
D11,28
D110,3
D1106,1
D111,2
D112,1
D113,1
D11602,1
D117,1
D12,25
D125,1
D126,3
D127,2
D128,1
D129,1
D12A,1
D13,18
D130,2
D135,1
D14,20
D15,15
D156,1
D16,11
D17,10
D18,5
D19,7
D2,122
D20,10
D200,1
D201,15
D202,8
D203,7
D20311,1
D204,18
D205,5
D206,8
D207,9
D208,11
D21,10
D210,1
D211,1
D214,1
D2140,1
D216,1
D217,2
D218,1
D22,12
D224,1
D225,1
D226A,1
D228,2
D23,7
D230,2
D231,1
D231C,1
D233A,1
D234A,1
D239,1
D24,10
D240,1
D249,1
D25,6
D26,5
D27,9
D28,10
D29,5
D3,94
D30,4
D301,9
D302,7
D303,5
D304,5
D304B,1
D305,5
D306,3
D306A,1
D307,7
D3071,1
D3072,1
D308,6
D309,1
D31,5
D310,3
D311,2
D316,1
D317,1
D32,3
D324,2
D325,1
D326,1
D327,2
D329,1
D33,3
D330,1
D333,1
D3336,1
D34,3
D35,3
D36,1
D37,5
D38,2
D39,4
D4,93
D40,3
D401,2
D402,3
D404,1
D405,2
D40504,1
D406,3
D407,2
D408,3
D4082,1
D409,1
D410,3
D412,2
D4122,1
D413,2
D414,1
D415,1
D416,1
D416A,1
D417,2
D418,2
D419,1
D42,2
D420,1
D421,2
D43,5
D434A,1
D44,1
D45,2
D46,3
D47,1
D48,1
D5,64
D50,3
D501,1
D50201,1
D503,1
D504,1
D50422,1
D505,1
D506,1
D507,1
D508,1
D509,2
D5090.2,1
D51,1
D510,2
D59,1
D6,51
D609,1
D61,1
D62,1
D63,1
D65,2
D67,1
D68,1
D69,1
D7,45
D70,1
D74,1
D75,1
D76,1
D78,1
D79,2
D8,41
D80,2
D81,1
D8101,1
D85,1
D9,23
DC,1
DD1,1
DD2,1
DD4,3
DD5,1
DD6,1
DD7,2
DD8,1
DH-202,1
DL717,1
DL719,1
DOOR,1
DORM A,1
DOWNS-336,1
DOWNSTAIRS,1
DW4,1
DWN465,1
E,931
E-02,1
E-1,5
E-10,2
E-101,1
E-106,2
E-11,2
E-12,2
E-120,2
E-131,1
E-14,2
E-15,1
E-151,1
E-15D,1
E-16,2
E-18,1
E-1A,1
E-2,5
E-20,2
E-201,2
E-204,1
E-21,1
E-23,1
E-24,1
E-29,1
E-3,5
E-36,1
E-4,5
E-5,3
E-510,1
E-6,3
E-7,5
E-8,4
E-9,1
E 144,1
E 18,2
E 205,1
E 5,1
E 6,1
E001,1
E002,1
E003,1
E007,1
E01,1
E02,3
E04,3
E057,1
E06,2
E07,1
E08,1
E09,2
E1,78
E10,28
E100,1
E101,22
E102,11
E103,11
E104,16
E105,13
E106,12
E107,10
E108,10
E109,3
E11,23
E110,1
E111,2
E112,4
E113,1
E114,3
E115,3
E116,1
E117,1
E118,7
E119,1
E12,16
E120,1
E1202,1
E1206,1
E1207,1
E121,2
E1214,1
E1215,2
E1218,2
E1219,2
E122,1
E1220,1
E1222,2
E1225,3
E1226,2
E123,2
E124,4
E126,6
E127,1
E129,2
E13,16
E130,4
E131,4
E132,2
E133,2
E134,1
E135,2
E136,2
E137,3
E138,1
E139,1
E14,15
E142,1
E144,1
E149,1
E15,18
E150,1
E151,2
E152,1
E153,3
E154,3
E156,3
E157,1
E159,2
E16,12
E17,3
E18,7
E19,5
E1B,1
E1C,1
E1E,1
E1F,1
E1W,1
E2,116
E20,17
E201,9
E202,13
E202A,1
E203,12
E204,11
E205,14
E206,8
E207,7
E208,9
E208B,1
E209,2
E21,10
E210,2
E211,2
E212,2
E213,1
E214,1
E216,2
E217,1
E218,1
E219,1
E22,9
E220,2
E2201,5
E2203,2
E2204,2
E2206,1
E2210,1
E2211,1
E2213,1
E2216,1
E222,1
E2220,1
E2224,2
E224,1
E225,4
E226,3
E229,2
E23,9
E230,2
E231,2
E232,1
E234,1
E236,1
E24,9
E25,7
E26,5
E27,4
E28,1
E29,2
E2A,1
E2B,1
E2C,1
E2D,1
E2E,1
E2G,2
E2H,1
E3,72
E30,1
E301,2
E302,6
E303,4
E303B,1
E304,4
E305,7
E306,1
E307,3
E308,7
E309,2
E31,2
E310,3
E312,4
E313,2
E317,2
E319,1
E32,2
E321,1
E322,2
E323,2
E324,2
E327,2
E33,6
E330,2
E331,2
E333,1
E334,1
E335,1
E336,2
E34,2
E35,2
E36,2
E37,4
E3A,1
E3B,1
E3C,1
E3F,1
E3G,2
E4,75
E40,2
E41,1
E414,1
E417,1
E42,2
E46,1
E47,2
E49,2
E4A,1
E4B,1
E4D,2
E4E,1
E4G,1
E5,57
E50,8
E501,1
E503,1
E504,2
E505,1
E506,3
E508,1
E509,1
E51,2
E510,1
E512,1
E513,1
E514,1
E515,2
E517,2
E518,1
E519,3
E52,4
E520,1
E521,1
E523,3
E524,2
E53,2
E54,1
E55,2
E56,4
E57,1
E58,3
E59,2
E5C,2
E5D,1
E5E,1
E5H,1
E6,45
E60,3
E61,2
E64,2
E65,2
E6A,1
E6C,2
E6E,1
E6F,1
E6G,1
E6H,2
E6X,1
E7,55
E71,1
E72,1
E77,1
E78,1
E79,3
E8,41
E80,1
E81,2
E86,1
E87,1
E88,3
E89,2
E9,22
E90,2
E92,3
E95,1
E96,1
E97,2
E98,2
E99,2
EAST,3
EAST 8C,1
EB,1
EC,1
ECHO,1
ED,1
EE2,1
EE3,1
EE5,1
EE7,1
EL-612,1
EL 915,1
EL#410,1
ELL-350,1
ELL 758,1
ELLS,1
EV123,2
EV135,1
EV137,1
EV140,1
EV218,1
EW12,1
EW13,2
EW14,1
EW15,1
EW22,1
EW25,1
F,789
F- 310,1
F-02,1
F-05,1
F-08,1
F-1,2
F-10,3
F-107,1
F-11,1
F-13,1
F-18,1
F-2,3
F-203,1
F-3,4
F-309,1
F-33,1
F-35,1
F-37,1
F-4,6
F-5,1
F-6,3
F-610,1
F-7,1
F-D,1
F 1,1
F`12,1
F001,2
F002,1
F004,1
F006,1
F01,3
F02,5
F03,3
F05,2
F06,3
F07,1
F09,1
F1,61
F1 2W,1
F10,17
F1001,1
F1004,1
F101,14
F102,2
F103,7
F104,10
F105,7
F106,6
F107,6
F108,5
F109,3
F11,20
F110,1
F111,2
F112,3
F12,11
F13,12
F14,15
F140,1
F143,2
F144,1
F145,2
F15,10
F16,18
F17,5
F18,7
F19,4
F2,83
F20,4
F201,8
F202,9
F203,7
F204,12
F205,6
F206,5
F207,9
F208,4
F209,2
F21,4
F210,5
F211,2
F212,4
F22,4
F223,1
F23,3
F238,1
F24,12
F240,2
F241,1
F242,1
F243,1
F25,5
F26,1
F28,1
F29,1
F3,56
F30,2
F301,2
F302,5
F303,5
F304,2
F305,6
F306,3
F307,2
F308,5
F31,4
F311,2
F312,2
F32,3
F33,4
F338,1
F339,2
F34,3
F340,3
F341,1
F342,2
F343,1
F344,2
F35,2
F36,6
F39,1
F4,52
F401,2
F404,2
F405,1
F406,2
F5,42
F6,36
F601,1
F602,2
F603,2
F604,2
F605,1
F606,1
F608,2
F610,2
F611,1
F612,1
F613,2
F614,1
F615,1
F619,3
F62,2
F620,1
F622,1
F623,2
F624,1
F63,1
F64,4
F65,1
F67,1
F68,3
F7,37
F8,28
F9,12
FB,1
FF,1
FF1,2
FF2,3
FF3,2
FF4,2
FF5,2
FF6,1
FF7,1
FF8,2
FL2,1
FLOOR,1
FRNT,2
FRONT,3
G,359
G-02,1
G-05,1
G-07,1
G-1,1
G-10,1
G-11,5
G-113,1
G-12,1
G-126,1
G-17,2
G-18,2
G-2,2
G-201,1
G-204,1
G-207,1
G-3,2
G-4,1
G-5,1
G-6,1
G-9,2
G-C,1
G 163,1
G001,1
G002,1
G003,1
G004,1
G005,2
G01,3
G02,4
G020,2
G022,1
G03,3
G046,1
G048,1
G050,1
G055,1
G056,2
G057,1
G058,2
G06,3
G07,1
G08,2
G09,2
G1,74
G10,17
G101,10
G102,9
G103,8
G104,4
G105,6
G106,5
G107,4
G108,7
G11,14
G110,1
G111,2
G115,1
G117,1
G12,18
G121-2,1
G125,1
G126B,1
G13,8
G14,7
G146,1
G147,2
G148,1
G15,8
G150,1
G16,3
G17,7
G18,6
G19,2
G2,63
G20,5
G201,6
G201E,1
G202,7
G203,9
G204,9
G205,4
G206,5
G207,3
G208,5
G209,2
G21,7
G210,1
G22,2
G227,1
G228,1
G23,6
G24,6
G246,1
G249,1
G250,2
G251,1
G26,1
G27,2
G3,58
G301,5
G302,7
G303,2
G305,4
G306,3
G307,3
G308,4
G309,1
G310,4
G311,1
G346,2
G347,2
G351,1
G37,3
G39,1
G4,57
G40,1
G41,1
G43,3
G47,1
G48,1
G5,27
G59,1
G6,35
G7,25
G701,2
G702,1
G703,1
G704,2
G705,1
G706,3
G710,2
G712,1
G713,2
G715,2
G717,2
G718,1
G719,1
G721,2
G722,1
G723,1
G724,1
G73,1
G74,2
G75,2
G76,3
G77,2
G79,1
G8,25
G82,2
G9,16
GA,1
GA14,1
GD,1
GG-5,1
GG-7,1
GG1,1
GG2,1
GG3,2
GG5,1
H,416
H-01,1
H-03,1
H-10,1
H-106,1
H-11,1
H-12,1
H-17,1
H-18,1
H-2,3
H-20,2
H-208,1
H-215,1
H-23,1
H-3,3
H-308,1
H-407,1
H 11,1
H01,1
H02,1
H024,1
H03,1
H04,1
H05,1
H09,2
H092,1
H1,40
H10,12
H101,7
H102,6
H103,4
H104,5
H105,2
H105-A,1
H106,4
H107,5
H108,3
H11,13
H110,1
H110-B,1
H111,1
H12,10
H13,6
H130,1
H14,2
H15,5
H152,2
H153,1
H154,1
H155,1
H156,1
H157,1
H158,1
H16,6
H160,1
H163,1
H17,2
H18,7
H19,2
H2,57
H20,4
H201,5
H202,2
H203,3
H204,2
H205,4
H206,9
H207,2
H208,3
H209,1
H21,5
H212,1
H215,1
H21B,1
H22,1
H228,1
H23,3
H24,2
H252,2
H253,1
H254,2
H255,1
H256,1
H257,1
H258,1
H26,1
H28,1
H3,51
H301,1
H302,4
H303,3
H304,4
H305,2
H306,3
H307,2
H308,2
H309,2
H31,2
H310,2
H33,2
H332,1
H352,1
H353,2
H354,1
H4,51
H401,1
H405,1
H42,2
H5,28
H6,30
H7,20
H715,1
H8,26
H801,1
H802,1
H804,2
H807,1
H808,2
H809,1
H810,1
H812,1
H86,2
H87,4
H88,1
H89,1
H9,6
H90,2
H91,1
H92,1
H95,4
H96,3
HA 603,1
HAS-647,1
HB705,1
HC,4
HC 19,1
HC 50,1
HC42,1
HD7,1
HH-3,1
HH325A,1
HH4,2
HH8,1
I,107
I-01,1
I-1,4
I-101,3
I-103,2
I-104,1
I-105,2
I-107,1
I-108,3
I-115,1
I-12,1
I-120,1
I-122,1
I-13,2
I-15,1
I-17,1
I-19,1
I-2,1
I-201,1
I-202,1
I-211,1
I-213,2
I-22,1
I-3,7
I-4,9
I-5,2
I-6,5
I-8,1
I-9,2
I-97,1
I-98,2
I 101,1
I 103,1
I 114,1
I 126,1
I 201,1
I 205,1
I 7,1
I 9,1
I01,1
I02,3
I03,1
I04,1
I07,1
I08,2
I098,1
I1,21
I10,4
I100,2
I1001,1
I1003,1
I101,3
I102,3
I103,3
I104,2
I105,1
I106,4
I107,3
I108,3
I109,2
I11,2
I110,1
I111,1
I117,2
I118,1
I12,1
I121,1
I123,2
I124,1
I125,1
I14,1
I16,2
I16B,1
I17,1
I2,16
I20,2
I201,4
I202,3
I203,6
I204,2
I205,1
I206,2
I207,1
I208,1
I209,1
I21,2
I211,1
I214,1
I217,2
I218,1
I22,1
I220,1
I221,1
I226,1
I23,1
I3,13
I302,1
I303,3
I304,1
I305,6
I306,1
I307,2
I308,3
I309,1
I311,1
I312,1
I4,17
I5,21
I6,12
I7,6
I8,6
I9,2
I97,1
I98,2
II-3,1
II1,1
II2,2
II4,1
II5,1
II7,1
II8,2
IL1C,1
IL4C,1
IL6B,1
J,199
J-03,1
J-06,1
J-1,4
J-103,1
J-105,1
J-114,2
J-13,1
J-15,1
J-2,2
J-23,1
J-3,1
J-340-A,1
J-4,1
J-57,1
J-6,1
J-7,1
J-O2,1
J - 240,1
J002,1
J01,3
J02,1
J03,1
J08,1
J1,25
J10,5
J108,2
J11,4
J113,1
J114,1
J116,1
J117,2
J118,2
J12,5
J13,4
J14,5
J15,3
J16,1
J17,3
J18,1
J19,4
J2,33
J20,1
J201,2
J202,1
J203,1
J206,1
J207,1
J208,3
J21,2
J22,2
J23,3
J24,4
J240,2
J3,23
J303,1
J304,1
J305,2
J306,1
J307,1
J340,1
J35,1
J4,28
J5,13
J51,2
J52,1
J54,1
J55,1
J56,1
J58,2
J59,2
J6,18
J61,1
J62,2
J63,1
J64,1
J65,1
J66,2
J67,1
J7,12
J8,11
J9,5
J901,1
J902,1
J903,1
J904,1
J905,1
J907,2
J909,2
J910,1
J911,1
JA,2
JJ-5,1
JJ2,1
JJ3,3
JJ4,1
JJ5,2
JJ6,1
JJ8,1
JTA-408,1
JTA 507,1
K,146
K-09,1
K-1,3
K-1013,1
K-13,1
K-2,2
K-29,1
K-4,1
K-7,1
K-70,1
K002,1
K02,1
K07,1
K1,28
K1-2,1
K10,2
K1002,1
K1004,1
K1005,1
K1007,2
K1008,2
K101,3
K1011,1
K1012,5
K1013,1
K1014,1
K1015,1
K1016,1
K1017,1
K1018,2
K1019,1
K1020,2
K1022,1
K1023,1
K1024,1
K104,1
K105,1
K106,1
K108,1
K11,4
K12,2
K121,1
K122,1
K123,2
K126,2
K129,1
K13,2
K130,1
K131,3
K14,2
K15,1
K16,1
K17,1
K18,1
K19,2
K2,16
K20,2
K201,3
K202,1
K205,2
K208,2
K22,1
K229,1
K23,1
K24,1
K3,20
K301,2
K302,2
K304,3
K305,1
K306,1
K307,1
K308,1
K4,25
K5,13
K6,17
K69,1
K7,8
K70,2
K71,1
K72,1
K73,1
K75,1
K76,1
K77,1
K8,9
K80,1
K81,1
K82,2
K84,1
K86,1
K88,2
K9,2
KA,1
KA12,1
KA16,1
KB,1
KK1,2
KK3,1
KK4,1
KK6,2
KK7,1
KK8,2
KV610,1
L,139
L-03,1
L-1,2
L-10,1
L-11,1
L-13,2
L-158A,1
L-17,1
L-18,1
L-2,3
L-205,1
L-207,1
L-3,1
L-4,2
L-43,1
L-46,1
L-5,2
L-6,1
L-8,1
L-A8,1
L-B8,1
L 08,1
L001,1
L002,1
L003,1
L004,1
L04,1
L06,1
L1,20
L10,1
L101,1
L102,5
L103,2
L105,1
L106,5
L107,2
L108,1
L11,5
L110,1
L112,1
L12,3
L13,3
L135,3
L138,1
L14,4
L141,1
L143,2
L15,1
L159,1
L159B,1
L16,4
L161,1
L161 A,1
L162-B,1
L163A,1
L164A,1
L17,1
L18,2
L2,25
L20,1
L201,2
L202,2
L204,3
L205,1
L206,1
L207,1
L208,2
L209,1
L21,6
L210,2
L211,1
L22,4
L23,2
L24,1
L3,23
L301,1
L302,1
L304,2
L306,1
L308,1
L309,1
L310,1
L32,3
L334,1
L4,24
L5,13
L6,8
L7,10
L8,9
L9,2
LCE4A,1
LEV,1
LEVEL,2
LEW-206,1
LEW - 416,1
LEW 321,1
LL-2,1
LL3,1
LL6,1
LN,1
LOCATION,1
LOFT,1
LOT #2,1
LOT 1,2
LOT 2,1
LOT 20,2
LOT 24,2
LOT 26,1
LOT 3,1
LOT 4,1
LOT 52,1
LOT 6,1
LOT 77,2
LOT 9,2
LOT C5,1
LOT D3,1
LOT8,1
LOWER,2
LT 5,1
LWR,1
M,74
M-09,1
M-1,1
M-12,1
M-17,1
M-2,2
M-23,1
M-24,1
M-5,1
M-6,1
M-9,1
M001,2
M002,1
M003,2
M02,1
M03,1
M07,1
M09,1
M1,17
M1-213,1
M1 419A,1
M10,3
M102,2
M107,1
M11,2
M12,5
M13,2
M135,1
M137,1
M14,5
M140,1
M144,1
M145-1,1
M147,1
M149,1
M15,4
M154,1
M16,1
M17,5
M18,3
M19,5
M2,20
M20,4
M201,1
M202,1
M203,1
M204,1
M206,2
M208,1
M209,1
M21,3
M210,2
M22,4
M23,5
M24,2
M27,2
M29,1
M3,19
M308,1
M31A,1
M33,1
M4,20
M42,1
M5,7
M6,10
M7,12
M8,18
M841,1
M9,3
MAGC,1
MANAGER,1
MAR-101A,1
MH,1
MH1,1
MH7,1
MH9,1
MHC5,1
MICHIGIAN,1
MM2,1
MM6,2
MN,1
MS1,1
MS2,1
N,52
N-07,1
N-1,1
N-10,1
N-4,1
N-7,1
N 356,1
N001,2
N002,2
N003,1
N01,1
N07,1
N1,19
N10,2
N103,1
N104,1
N106,1
N107,1
N11,2
N110,1
N12,2
N13,2
N14,2
N154,1
N2,20
N2-205,1
N203,1
N206,1
N208,1
N209,2
N210,1
N24,2
N25,1
N3,11
N326,1
N34,1
N342,1
N4,25
N43,1
N5,9
N516,1
N6,12
N6-105,1
N601,1
N7,12
N8,6
N9,2
NATION,1
NATION417,1
NH1,1
NN-3,1
NN3,1
NN4,1
NN5,1
NORTH,3
NT 23,1
O,39
O-01,1
O-10,2
O-107,1
O-11,1
O-15,1
O-21,1
O-3,2
O-4,1
O-6,1
O0002,1
O1,4
O102,2
O103,1
O104,2
O105,1
O108,1
O159,1
O2,1
O202,1
O203,1
O204,2
O206,1
O209,3
O21,2
O210,1
O257,1
O3,3
O301,1
O302,2
O304,1
O305,1
O307,1
O309,1
O4,6
O5,5
O5-305,1
O6,4
O7,4
O8,4
OFC,13
OFFICE,6
OO-1,1
OO-2,1
OO2,1
OO3,1
OO6,2
OS-419,1
OS 101,1
OSW513,1
OSWALD 517,1
P,39
P-1,1
P-13,1
P-15,1
P-22,1
P001,1
P002,1
P003,1
P01,1
P1,17
P10,1
P102,1
P106,1
P107,1
P109,1
P11,4
P110,2
P12,2
P13,3
P14,2
P15,1
P16,5
P17,1
P19,2
P2,18
P20,1
P20 B,1
P201,2
P202,1
P204,2
P206,1
P21,2
P210,2
P23,2
P26,2
P27,2
P29,1
P3,13
P32,1
P4,6
P5,2
P6,5
P7,3
P8,2
P9,2
PP-2,1
PP-4,1
PP1,1
PP2,1
PP3,1
PP6,1
PP7,1
PP8,1
Q,20
Q001,1
Q002,1
Q004,2
Q08,1
Q1,9
Q101,2
Q102,2
Q103,1
Q104,1
Q105,2
Q108,1
Q11,1
Q165B,1
Q167,1
Q2,8
Q203,2
Q204,2
Q206,2
Q209,1
Q210,1
Q268,1
Q3,12
Q4,14
Q5,2
Q6,3
Q7,9
Q8,6
R,28
R-01,1
R-4,1
R 004,1
R 326,1
R 7-B,1
R002,1
R1,6
R10,3
R101,2
R102,1
R103,5
R106,2
R108,1
R11,3
R110,1
R111,1
R112,2
R114,1
R12,3
R15,1
R171,1
R2,9
R201,1
R203,1
R205,1
R206,1
R207,1
R209,1
R21,1
R210,1
R212,1
R270,1
R3,12
R301,1
R304,1
R305,1
R306,2
R307,1
R308,1
R309,1
R4,10
R5,5
R5D,1
R6,5
R7,7
R7-A,1
R8,5
R9,2
RD1,1
REAR,5
RM 1,1
RM 101,1
RM 102,1
RM 108,2
RM 110,1
RM 20,1
RW 557,1
RW 558,1
RW 606,1
RW605,2
S,23
S-1,1
S-12,1
S-3,1
S-5,3
S - 101B,1
S 452,1
S#11,1
S012,1
S02B,1
S04,1
S1,8
S10,1
S102,4
S102 A,1
S102 B,1
S103,2
S103-B,1
S103 A,1
S106,1
S107 A,1
S107 B,1
S108,1
S108-B,1
S109,1
S11,1
S110,1
S111,1
S112,1
S113 B,1
S119,1
S12,3
S1282,1
S1352,1
S1381,1
S1391,1
S14,2
S15,2
S17,1
S19,1
S2,9
S203,1
S205,2
S207,1
S208,1
S21,3
S22,1
S24,1
S26,1
S3,8
S301,1
S302,1
S304,1
S310,1
S312,1
S314,1
S4,15
S414,1
S5,8
S6,9
S7,9
S76,1
S8,3
S9,3
SEL-311,1
SELF 148,1
SH-A4120.1,1
SH-B41422,1
SH-D-2031,1
SH-D3010.2,1
SH-D3020,1
SH-D5090,1
SILVER,1
SLC145,1
SLC245,1
SLC246,1
SLF-57N,1
SLF116N,1
SOUTH,6
SPB201A,1
STO-564,1
"SUITE,FLOO",5
"SUITE,UN",1
T,7
T-19,2
T-2,1
T-3,1
T-4,1
T-8,1
T-9,1
T01,1
T03,1
T04,4
T05,2
T1,7
T10,2
T101,2
T103,1
T104,3
T108,1
T109,2
T11,4
T110,1
T12,3
T14,1
T16,1
T17,1
T18,3
T2,11
T20,2
T201,4
T203,1
T204,1
T205,2
T207,2
T21,2
T210,1
T22,4
T23,1
T24,2
T25,1
T26,1
T27,3
T28,1
T29,1
T3,10
T30,2
T301,1
T307,1
T310,2
T380,1
T4,4
T5,4
T6,8
T7,5
T8,4
T9,4
TEM-204C,1
TEM302,1
TROUT,1
U,7
U-1,1
U-281A,1
U-7,1
U1,4
U101,1
U105,2
U106,1
U109,1
U11,3
U14,2
U2,6
U201,1
U202,1
U204,1
U207,2
U209,1
U21,2
U24,2
U3,5
U302,1
U303,2
U304,1
U305,1
U4,5
U5,2
U6,3
U7,2
U8,2
UNIT 10 RM,1
UNIT B,2
UP,3
UPPER,6
UPPR,2
UPSTAIRS,5
V,5
V-201,1
V02,1
V1,3
V101,1
V103,3
V104,2
V105,2
V107,1
V108,1
V11,3
V110,2
V112,1
V113,2
V114,1
V115,1
V117,2
V14,1
V2,4
V202,2
V203,1
V204,2
V206,1
V207,2
V208,2
V21,1
V2111-1,2
V3,3
V4,1
V6,2
V7,1
V8,1
VVB207A,1
VVB207B,1
VVB423A,1
VVC114,1
W,18
W-102,1
W-109,1
W-12,1
W-2,2
W-20,2
W-209,1
W-216,1
W-222,1
W-37,1
W-505-B,1
W-78,1
W 218,1
W 228,1
W 39,1
W0,2
W004,1
W009,1
W0101,3
W0103,1
W0104,1
W0106,1
W0107,4
W0109,2
W0110,2
W0112,1
W0114,1
W0115,1
W0116,1
W0117,2
W0118,2
W0119,2
W014,1
W1,7
W10,4
W100,1
W101,1
W102,3
W103,3
W103A,1
W104,1
W105,1
W106,2
W107,3
W108,1
W109,4
W11,4
W110,1
W1103,2
W1106,1
W1108,1
W1109,1
W111,7
W1113,2
W1116,1
W1119,1
W112,2
W113,2
W114,3
W115,5
W116,3
W117,2
W118,2
W119,2
W12,10
W120,1
W121,1
W122,1
W123,4
W124,3
W125,1
W126,2
W127,1
W128,2
W129,2
W13,4
W130,1
W131,1
W132,1
W14,6
W15,2
W16,3
W17,2
W171,2
W18,5
W19,5
W1A,1
W1B,1
W1C,1
W1E,1
W1G,1
W2,9
W20,2
W201A,1
W202,4
W203B,1
W204,3
W205,2
W206,4
W207,3
W208,2
W208A,1
W209,1
W209A,1
W21,8
W210,3
W2100,2
W2101,1
W2102,1
W2103,1
W2105,2
W2107,2
W2108,4
W2109,1
W210A,1
W211,3
W2110,2
W2113,4
W2114,1
W2115,1
W2116,1
W2117,2
W2118,4
W212,3
W2121,1
W212A,1
W213,1
W214,1
W215,1
W215A,1
W216,2
W217,3
W218,2
W219,3
W22,1
W220A,1
W221,1
W222,1
W2227,1
W223,2
W225,3
W226,3
W228,1
W229,1
W23,2
W230,1
W231,2
W232,1
W24,3
W25,1
W26,1
W27,1
W2A,1
W2B,2
W2C,1
W2F,1
W3,11
W30,1
W301,4
W302,1
W304,1
W305,2
W306,3
W307,1
W308,4
W309,1
W31,1
W310,4
W311,4
W312,3
W313,3
W316,2
W317,1
W318,1
W32,1
W321,1
W322,1
W324,1
W325,1
W326,1
W327,2
W328,1
W329,1
W330,1
W331,3
W332,1
W35,1
W36,1
W38,3
W39,1
W3B,1
W3C,1
W3F,1
W3G,1
W4,12
W402,3
W404,2
W405,3
W406,3
W407,1
W408,3
W409,3
W410,4
W411,5
W412,3
W413,2
W415,1
W416,1
W42,3
W420,1
W421,1
W423,1
W44,2
W45,1
W46,1
W47,1
W48,2
W49,1
W4A,1
W4B,1
W4C,1
W4H,1
W5,2
W51,1
W52,1
W53,3
W54,3
W56,2
W59,1
W5A,1
W5D,2
W5E,2
W6,5
W60,1
W61,1
W62,2
W63,2
W64,1
W68,2
W69,2
W6C,1
W6D,1
W6E,1
W6F,1
W7,8
W74,1
W75,2
W77,1
W78,2
W79,2
W8,6
W82,1
W84,1
W86,1
W9,1
W91,4
W92,3
W94,1
W95,2
W96,1
W97,1
W98,1
W99,1
WEST,2
WF5,1
WV217C,1
X,6
X1,4
X10,1
X11,2
X12,3
X2,1
X3,4
X4,3
X5,1
X6,3
X7,3
X8,1
X9,1
Y,6
Y1,1
Y12,1
Y2,1
Y23,1
Y27,1
Y3,1
Y4,2
Y5,1
Y6,1
Y7,2
Y8,2
Y9,4
Z,5
Z10,2
Z11,3
Z12,3
Z13,1
Z21,1
Z22,1
Z3,2
Z4,2
Z6,2
Z7,1
