precinct_text_designation,Count
000,141
0001,2528
0002,570
0003,25
0004,324
0005,489
0006,354
0007,574
0008,304
0009,960
001,7237
001.1,112
0010,633
0011,988
0012,1502
0013,1284
0014,1602
0015,1917
0016,1969
0017,924
0018,1024
0019,831
002,7350
0020,553
0021,3351
0022,1424
0023,1251
0024,1620
0025,2600
0026,1371
0028,1814
0029,1424
003,10945
0030,2041
0031,4337
0032,2549
0033,2192
0034,292
0035,952
0036,2118
0037,2269
0038,2078
0039,3467
004,4116
004.1,320
004.2,153
0040,261
0041,643
0042,2371
0043,2538
0044,2562
0045,746
0046,2937
0047,2332
0048,1826
0049,1352
005,5223
005.1,293
0050,1237
0051,3330
0052,2701
0052C,309
0053,2074
0054,1185
0055,276
0056,1397
0056B,16
0056C,5
0056D,4
0057,1197
0058,1582
0059,3163
0059A,223
006,3016
006.1,50
006.3,187
0060,282
0061,2
0061A,6
0061B,36
0061D,153
0061F,2
0062,1237
0063,1555
0064,1435
0065,1436
0065A,69
0066,1259
0067,456
0067A,5
0068,620
0069,155
007,3836
0070,36
0071,192
0072,1621
0073,1324
0074,1482
0075,236
0076,478
0077,25
0078,3
007A,23
008,3535
008.2,77
0080,837
0081,562
0082,501
0083,12
0084,261
0085,372
0086,1145
0087,938
0089,180
009,3638
009.3,384
0090,501
0091,764
0092,552
0093,567
0094,664
0095,591
0096,447
0097,74
0099,112
01,5927
010,3024
010.1,163
0101,453
0102,1742
0103,702
0104,728
0105,1995
0106,3390
0107,2051
0108,1404
0109,1576
011,5172
011.2,88
0110,1920
0111,481
0112,1798
0113,1750
0114,1667
0116,2209
0117,1816
0118,2011
0119,1666
012,3146
012.2,349
0120,1618
0121,1267
0122,2810
0123,390
0126,383
0127,39
0128,1447
0129,571
013,4872
0130,1119
0133,44
0135,453
0136,882
0137,1541
0138,1927
014,5087
014.1,18
014B,471
015,4775
016,3878
017,4206
018,2683
018 A,481
019,2057
01A,618
01B,635
01C,1112
01D,828
02,10533
02.1,3286
02.2,6
020,4624
020 A,472
0201,545
0202,427
0203,446
0204,417
0205,1237
0206,1114
0207,3447
0208,1030
0209,2300
021,2349
0210,2788
0211,1325
0214,1923
0215,2999
0216,1577
0217,1923
0218,3328
022,5507
0221,1161
0222,1245
0223,1774
0224,3380
0225,3764
0226,2261
0227,1518
0228,2574
023,2847
0230,105
0233,838
0235,567
0236,1119
0238,270
0239,99
024,2758
024.1,339
0240,344
0241,185
0242,334
0243,68
0246,263
0247,472
0248,47
0249,1566
025,1780
025 A,1878
025.1,459
0250,728
0251,677
0252,780
0257,1
025A,60
026,3682
026.01,245
026B,671
027,2320
027.1,112
028,2367
028B,807
029,2281
029 A,1021
02A,382
02B,514
02C,459
02D,452
02E,387
03,5094
030,943
0301,1512
0302,2436
0303,1514
0304,1312
0305,807
0306,2646
0307,2095
0308,2224
0309,773
031,1882
0310,2047
0312,932
0313,2443
0314,2108
0315,1859
0316,1186
0317,21
0318,239
0319,574
032,2022
032.1,242
0320,663
0321,94
0324,924
0325,1168
0326,185
0328,146
033,1736
033 A,383
033 B,291
033 C,74
033.1,86
0330,1620
0331,390
0332,867
0333,1230
0334,830
0335,643
0336,276
0339,1973
034,1982
035,2605
035B,511
036,3331
037,3149
037 A,462
038,1856
038 A,91
038B,391
039,2725
03A,594
03B,495
03C,695
03D,438
03W,115
04,5558
040,2615
0401,1539
0402,1539
0403,1443
0404,3327
0405,1568
0406,2291
0407,565
0408,2228
0409,1448
041,2010
0410,2752
0411,142
0412,3689
0413,2472
0414,1087
0415,328
0416,1184
0417,1316
0418,1854
0419,1294
042,2075
042.1,75
0420,1703
0422,1188
0423,1699
0424,854
0425,2638
0426,218
0429,996
042B,504
043,3583
0431,76
0433,758
0434,2
0437,1023
0439,3
044,1245
0444,151
0445,736
0446,242
0447,303
0448,131
0449,676
044B,434
045,2796
046,2950
046 A,207
046B,1249
047,3070
048,3467
049,1908
049B,275
05,5794
050,2090
050 A,520
0501,432
0502,486
0503,2830
0504,2072
0505,522
0506,2475
0507,2335
0508,2051
0509,2331
050B,72
051,754
0510,2662
0511,654
0512,4112
0513,1847
0514,2857
0515,2225
0516,1280
0517,1270
0518,1588
0519,1848
052,1742
0522,1563
0523,1539
0524,2380
0525,1847
0526,2061
0527,2034
0528,2
052B,89
053,802
0530,1975
0531,2794
0534,239
0539,1916
053B,998
054,1843
054 A,425
0541,3
0544,217
0545,849
055,1266
055B,85
056,1555
056B,24
056C,90
057,2134
057B,204
057C,100
058,704
059,934
0591,226
059B,73
05A,160
05B,117
05C,105
05W,87
06,4343
060,1727
0601,3173
0602,2981
0603,1159
0604,2854
0605,1343
0606,1151
0607,2404
0608,2593
0609,4045
061,1626
0610,1735
0611,1219
0612,2245
0613,1807
0614,1234
0615,3155
0616,1456
0617,1036
0618,722
0619,1836
061B,292
062,2280
0621,616
0622,2134
0623,2220
0624,219
0626,20
0627,126
0629,119
063,1599
0630,5
0632,795
0633,811
0634,303
063B,315
063C,569
064,271
064B,1
065,286
065B,19
065C,3
065D,4
065E,32
066,1419
066B,3
066C,293
067,163
067A,762
067B,366
067C,106
068,49
069,898
06W,61
07,6863
070,990
0701,481
0702,508
0703,549
0704,545
0705,425
0706,391
0707,409
0709,356
071,2797
0710,428
0711,612
072,1128
073,551
074,3400
076,187
077,3
077B,699
078,528
079,232
07B,45
07D,444
08,5171
080,257
0801,475
0802,461
0803,563
0804,542
0805,748
0806,369
0807,496
0808,425
0809,530
081,209
0810,386
0811,563
082,610
083,442
084,606
09,5422
090,181
0901,145
0902,439
0903,690
0904,566
0905,565
0906,617
0908,879
0909,386
091,135
0910,848
0911,433
0912,292
092,185
1,1648
10,4604
100,594
1000,437
100000,58
1000000,219
100001,1353
100001A,875
100002,2387
100003,1510
100004,55
100004A,2121
100005,2582
100006,1574
100006A,1186
100007,390
100007A,29
100009,36
100009A,101
100012,5
100035,4
1000EF,93
1001,716
1002,1663
1003,1429
1004,2167
1005,488
1006,574
1007,532
1008,584
1009,348
101,1365
1010,571
1010001,39
1010002,61
101001,23
1011,1693
1012,486
1013,734
1014,875
102,6
1021,1261
1022,540
1023,835
1024,685
103,4
1031,2447
1032,694
1034,958
1042,525
1044,633
10501,50
1052,972
1054,1157
1064,177
107,2
10A01,90
10NO,199
10SO,493
11,6361
11.5,234
110,103
1100,789
1100003,99
1100004,130
110001,2142
110002,2095
110002A,110
110003,1418
110003A,303
110004,1058
110007,462
110007A,742
110009,186
11005A,223
11005AA,443
11006A,573
11006AA,448
1101,2745
1102,2145
1102A,153
1103,1119
1104,1535
1105,1617
1106,513
1107,545
1108,553
1109,570
111,3
1110,366
1111001,57
1111002,68
1111003,91
112,4
11201,2
114501,46
116,2
118,2
11A,24
12,7833
12.4,114
120,291
1200,243
1200000,160
1200001,42
1200002,54
1200003,26
120001,146
120001A,109
120002,613
120003,1118
120004,1259
120005,1049
12004A,90
12004B,135
12005A,1014
1201,589
1202,555
1203,519
1204,605
1205,500
1205A1,494
1205A2,352
1206,681
1207,750
1208,593
1209,975
121,3
1211,862
1212001,260
1212002,66
1212003,37
1212004,350
1213,602
1214,537
1215,909
1216,1041
1217,8
1219,119
1220,686
1231,430
125501,58
12B,661
13,6004
13.4,420
13.5,136
1300000,113
130001,190
130001A,205
130002,820
130003,1162
130004,1656
1301,2
1302,280
1305,55
1306,203
1308,9
1309,170
1310,2175
1312,987
1320,3377
1321,149
1322,130
1330,336
135001,60
14,8533
14.5,175
1400000,200
140001,642
140002,1004
140003,943
140004,383
140004A,64
1401,925
1402,819
1403,456
1404,1086
1405,485
142501,56
15,5916
1500000,213
150001,1183
150002,712
1501,851
1502,546
1503,78
16,3591
1600005,161
1600006,292
160001,1567
160002,1267
17,3753
1700007,73
1700008,78
18,1781
1800009,100
1800010,47
18A,70
19,4565
19.1,2333
1900011,69
1900012,52
1A101,79
1A5201,29
1B,22
1B1,149
1B10001,1145
1B10002,1311
1B201,113
1C,417
1C10001,709
1CUN,647
1D10001,99
1E,426
1H0011,352
1H0021,939
1H0031,783
1H0041,165
1L101,348
1L201,437
1M4201,416
1M4202,318
1M4203,497
1N10001,74
1S01001,244
1S01002,314
1W,439
2,2032
20,6377
200,1124
2000,40
200000,24
2000000,94
200002,219
200003,148
200004,518
200005,243
20002,487
2000GR,124
2001,533
2002,175
2003,652
2004,2
2005,6
2007,2
2008,6
2010,4
20101,476
2011,34
2013,1
2014,4
2016,14
2017,3
2018,4
2019,259
2020,2
20201,437
2021,32
2022,95
2024,2
2025,31
20NO,504
20RS,19
20SO,505
21,3570
210001,553
2100013,69
2100014,57
210002,824
210005,1149
2100101,35
2110000,500
2110001,54
2120000,719
2120001,65
2130000,740
2140000,9
2140001,439
22,2584
220001,273
220010,54
2200201,133
2201,1486
2202,713
2203,662
2204,206
2250001,99
2250015,77
2250016,271
2260017,63
2260018,262
23,4326
2300000,84
230002,45
2300301,524
2300304,334
2370001,169
24,4482
2400019,91
2400020,473
2400401,76
2460001,83
25,2796
2500000,97
26,5708
2600501,123
2610000,670
2620000,598
2630000,466
2640000,587
26EH102,122
27,2047
27.1,437
28,3831
2800601,215
29,1012
2900701,107
29D,4
2B4401,392
2C,64
2C20001,331
2C5401,22
2CRC,502
2D701,626
2E,42
2E101,76
2E20001,714
2H0012,459
2H0022,368
2H0032,251
2I2,63
2J02,35
2T20001,170
2W02001,35
3,301
30,4491
3000,132
300000,63
300001,96
300002,65
300003,26
300004,475
300006,501
30003,134
3000HW,429
3001,15
3002,1
3003,3
3004,1
3005,125
3006,15
3009,215
3010,1071
30301,226
30NO,607
30SO,227
30WI,145
31,2317
310,254
310001,1311
310002,1212
310004,768
3100801,41
32,3200
320,523
33,1994
330003,144
330011,104
3301,391
34,281
35,905
36,1649
37,2806
38,1105
39,1521
3C4601,76
3CNT,412
3F0002,127
3F501,54
3G,342
3G30001,281
3G5601,71
3H50001,464
3K3,76
3O801,325
3O802,398
3O803,228
3R0014,54
3R02,984
3Y30001,495
3Y30002,405
4,311
40,406
400,572
4000,33
400001,71
400002,614
400003,158
400006,192
40004,595
4000LG,181
4001,110
4002,314
4006,138
4007,244
40401,129
41,143
410001,737
410002,620
410003,438
4110004,737
42,358
420001,720
420002,1580
4220004,845
43,1838
430001,619
430002,1026
430003,867
430004,2066
4330004,545
44,2008
440001,857
440002,1303
440003,1007
440004,431
440012,377
4401,59
45,1526
450002,182
46,705
47,843
48,1916
49,334
4A,4
4B,10
4C,7
4C02,542
4COS,733
4D4801,212
4H,1332
4H40001,36
4J701,263
4K5801,334
4L4,51
4L70001,15
4M0015,142
4N601,218
5,1471
500,98
500000,107
500008,884
500009,415
5000ML,249
51,397
51.4,50
5100,313
51000,795
52,413
5200,121
52000,525
53,1171
5300,137
53000,1031
53001,65
54,258
5400,577
54002,396
54003,397
55,175
55000,720
550001,33
55001,39
550013,117
5501,519
56,675
57,2672
57.2,36
570002,475
58,3770
59,818
5COZ,496
5F0016,172
5I,3667
5L6001,154
5M401,595
5M5,61
5P201,77
5S50001,23
5S80001,55
5T5001,172
6,1151
60,1788
60.3,11
60.4,15
60.5,24
600,50
600000,34
600011,169
6001,510
6002,2
6003,86
6004,6
6005,27
6008,3
6009,2
6010,14
6011,9
6013,10
6014,5
6016,35
6018,5
6019,11
6021,18
6024,2
6025,1
6026,6
6032,43
61,6598
61.2,35
6100,311
610000,713
62,4070
6200,242
620000,581
63,1617
6300,229
630000,534
630001,4
64,771
6400,501
64001,61
65,315
66,167
660001,448
660002,491
660003,448
660004,333
66001,266
66002,68
6601,29
69,54
6A,2
6CKY,660
6G0002,166
6K02,234
6L,307
6R0017,134
6R601,46
6S6,206
6S60001,51
6S6201,452
6S6202,513
6S6203,263
6T90001,653
7,296
70,820
700,81
7000,25
700000,60
700004,943
7001,1
7002,760
7004,767
7005,36
7009,45
7010,2
7011,189
71,172
71501,34
72,5
73,123
74,11
75,661
76,94
760002,39
77,889
770001,353
770002,564
770003,603
77001,38
770015,98
77001A,47
77002,99
7701,284
78,294
79,254
7CDE,752
7E0018,187
7F02,57
7T70001,137
7V7,136
7W30001,864
7W301,22
8,160
80,125
800,37
800000,100
800001,154
800002,62
800003,88
800004,77
800005,56
818,518
82001,86
829,753
8310,647
8411,851
880001,192
88001,68
880016,32
88002,26
8801,39
8C60001,100
8CJF,336
8M,315
8N02,745
8W0019,21
9,59
90,94
900,594
900000,119
9001,451
9002,4
9003,126
9004,23
9005,23
9007,375
9008,2
9009,1
900A,8
900B,2
9010,627
9011,2
9012,5
91,46
93,37
93501,70
96,2
99001,81
99001A,65
99002,58
9901,81
9H001D,27
9M02,124
9P001A,43
9S,60
A00001,181
A00002,91
A001,1648
A002,1033
A003,1324
A006,239
A007,292
A1,1035
A100,242
A100001,300
A100014,62
A1000A1,61
A1063,161
A11,796
A12,426
A13,907
A14,295
A140000,457
A15,459
A1602,19
A1RDE,566
A2,1087
A200,1261
A2000A2,61
A200A,7
A200B,1
A200D,1
A21,329
A22,585
A250000,111
A2801,45
A2REA,719
A2RWE,578
A3,904
A300,48
A3000A3,69
A31,183
A310002,31
A3702,43
A380000,169
A3RJF,501
A4,602
A400,111
A4000A4,347
A400A43,77
A400A4N,27
A400A4W,1
A42,306
A4300A4,19
A4300A5,51
A460000,39
A4703,50
A4a,142
A4b,190
A4c,188
A4RKW,1057
A5,484
A500,45
A500009,128
A50001,257
A5000A5,424
A500A54,50
A5202,50
A570000,75
A5RKY,577
A6,967
A600,192
A6000A6,195
A600A,76
A61,215
A620002,198
A6704,42
A6RNT,203
A7,1503
A700,150
A7000A7,98
A71,434
A7403,93
A7ROS,788
A8,840
A800,142
A800011,6
A8000A8,277
A8003A8,6
A81,57
A8200A8,29
A8202A8,53
A8802,29
A8E,61
A8ROZ,773
A9,374
A900,48
A900A,86
A91,395
A9102,41
A92,197
A93,382
A95,473
A9C,67
A9N,39
A9RRC,1665
AB00072,53
AB00102,40
AC00073,283
AD,122
AD3,10
AD9,138
AF,1197
AG,114
AL,23
AL00001,612
AL00033,138
AR,96
AS001,44
AS60002,77
AT,237
AT00034,76
AT01,24
AT02,112
AT03,782
AT05,307
AT06,107
AT07,7
AT08,97
AT12,64
AT13,4
AT15,10
AT16,2
AT22,151
AU0AU,17
AV00001,287
AV400,47
AV80001,37
B00003,81
B001,1144
B002,1
B005,7
B006,2
B008,5
B009,3
B1,804
B100,325
B100015,37
B1000B1,444
B100A,28
B1502,61
B1RRU,600
B2,727
B200,128
B2000B2,207
B2203,13
B280016,32
B2RSA,665
B3,876
B300,364
B300010,26
B3000B3,73
B300A,192
B300B,263
B3103,31
B3RUN,638
B4,538
B400,59
B4000B4,297
B4204,19
B4E,99
B4RSA,154
B5,339
B500,125
B5000B5,106
B5803,53
B5N,87
B5RUN,44
B6,296
B600,240
B6000B6,60
B6302,68
B700,133
B7104,38
B800,93
B800A,25
B8303,48
B900,612
B9804,17
BA,435
BA00802,61
BA01,2262
BA02,1815
BA0201,52
BA03,2994
BA04,4
BA101,38
BA20000,174
BAA,91
Banner,106
BC,384
BE,48
BE00035,45
BE0201,473
BE0401,34
BE202,221
BE502,188
BE90001,157
BEA,283
BFM,64
BG01NO,517
BG02SO,122
BG70002,32
BH40002,24
BHT,85
BL,42
BL00005,89
BL0401,95
BL0601,33
BL301,53
BL4,29
BLA0001,64
BM00001,171
BNT,61
BO5,26
BOA0000,116
BRW000,199
BS01-01,1236
BS02-01,1067
BS03-01,1299
BS04-01,1628
BT00402,39
BU,139
BU00074,928
BU0601,76
BUB,302
BUB1,37
BW002,77
C00004,113
C001,2295
C002,11
C003,1408
C004,1312
C006,2312
C007,34
C008,745
C009,2275
C010,1408
C013,1443
C014,1029
C017,3
C019,411
C020,833
C022,119
C023,2
C1,555
C100,21
C100009,42
C1603,50
C1W,5
C200,126
C2304,27
C2a,1728
C2b,561
C2E,2
C300,176
C3305,40
C3a,507
C3b,386
C4,412
C400,145
C4604,20
C4a,277
C5,61
C500,65
C5205,46
C5a,75
C5b,115
C600,223
C6503,43
C700,141
C7105,29
C8,415
C800,278
C900,84
CA,131
CA00036,238
CA003,47
CA20002,38
CA700,58
CAB,115
CAN,145
CAN (A),305
CAN (B),5
CC,213
CC10002,60
CC20003,17
CCC,78
CD,759
CD000,135
CD00006,210
CD0801,62
CE,433
CE00002,360
CE00037,175
CE00702,60
CE0801,65
CE1003,50
CE1004,83
CE800,52
CE90002,506
CEA0003,21
CEC01,286
CED,135
CEN,404
Center,36
Center2,256
CG1,436
CG2,386
CG3,645
CH,744
CH000,104
CH1001,36
CH13,487
CH2,1
CH9,148
CHG,49
CL,94
CL000,83
CL004,80
CL201,70
CN000,343
CN00038,757
CNC,409
CNENCL,3
CNT,142
CO,226
CO005,37
CO102,145
CO1201,214
CO302,43
COD0001,12
COI,44
CP1401,17
CP1W2,629
CP1W3,1306
CP1W3EX,1
CP1W4,746
CP2W2,669
CP2W3,553
CP2W4,493
CP2W4A,8
CP2W4B,1
CP3W3,201
CP3W3EX,4
CP3W3H7,931
CP3W4,48
CP3W4EC,5
CP3W4H7,444
CS102-1,136
CSH102,6
CSH104,471
CSH114,212
CST,51
CT000NO,375
CT000SO,398
CT10009,66
CU,529
CU1401,80
CU40003,38
CV401,8
CVD,108
CW1,214
CX000,290
D00005,56
D100,93
D100017,28
D101,1429
D102,1163
D103,755
D104,1454
D105,1155
D106,1813
D108,2133
D109,1287
D111,1128
D113,941
D114,1047
D115,613
D116,1640
D117,529
D118,1598
D119,639
D120,363
D121,1611
D122,2455
D125,377
D126,11
D127,548
D128,2
D200,131
D200010,63
D201,697
D202,1119
D203,1042
D204,621
D205,2002
D206,2050
D207,1916
D208,1599
D209,997
D210,2498
D211,2379
D212,1373
D213,1023
D214,973
D215,1423
D216,1073
D219,12
D221,581
D222,2383
D223,1365
D224,565
D300,88
D300A,5
D300B,1
D300D,183
D300E,17
D301,724
D302,320
D303,728
D304,1352
D305,1636
D306,858
D307,871
D308,585
D309,761
D310,1340
D311,1519
D313,1299
D315,1158
D316,1300
D317,1602
D318,1372
D319,867
D320,1004
D321,1560
D322,1123
D323,1187
D324,658
D325,1256
D401,1766
D402,1726
D403,1842
D404,1158
D405,1495
D406,1239
D407,1209
D408,1161
D409,1658
D410,1129
D411,831
D412,1980
D413,900
D414,1710
D415,168
D416,1354
D417,1310
DB11,1084
DB12,1321
DB124,442
DB13,1
DB14,1240
DB17,1
DB211,968
DB22,1661
DB23,2073
DB31,478
DB315,41
DB32,1286
DB321,1062
DB325,138
DB326,193
DB341,96
DB345,2
DB36,1006
DB37,290
DB38,14
DB41,849
DB42,1540
DB433,84
DB434,8
DB436,800
DB437,66
DB440,1360
DC,86
DC000,36
DE501,22
DET,113
DG,1326
DG00005,413
DL03,1
DL04,2
DL10,5
DO,41
DO1601,2
DO1602,19
DO1604,3
DP,71
DR,217
DR0000,322
DU1601,11
DW01-01,30
E-OG,48
E00006,170
E001,1920
E003,792
E004,3
E005,434
E008,285
E009,1078
EA,841
EB,129
EC018,452
EC019,419
EC020,544
EC025,52
ED01-01,2658
ED02-01,414
ED02-02,9
EE007,33
EE008,117
EET,442
EF000EF,63
EL,696
EL0EL,8
EMC,926
EMT,217
EN0004,102
ER,76
ES00001,314
ES9,38
EU30000,312
EU60004,12
EV6,311
EV9A,16
EV9B,1
EW006,130
EW022,43
F00007,153
F100001,78
F100014,62
F11,132
F22,160
FA,90
FAX,385
FC,125
FE0000,243
FHE,227
FI,28
FLF01,77
FMF,114
FO1801,85
FR,420
FR000,193
FR0000,263
FR40001,103
FR601,59
FRE,333
FS01,970
FS01B,15
FS01C,22
FS02,916
FS03,395
FS04,829
FS05,826
FS06,2059
FS07,1039
FT,944
FT10001,93
FU0000,115
FX,115
G00008,195
G100001,114
G100014,33
G101,515
G102,372
G200013,20
G201,356
G202,390
G300014,29
G301,492
G302,452
G401,234
G402,236
G403,171
G404,233
GA,2095
GA00003,104
GA00900,94
GA1801,6
GA1802,23
GA2001,65
GA50002,29
GAC,560
GAG,150
GC,373
GCT,122
GD,513
GE2001,23
GE30002,72
GF000GR,73
GF009,33
GG023,50
GI50002,116
GL301,60
GN01,1110
GN09,2
GN10,2
GN13,2
GO,1953
GO01,3
GO02,108
GO04,168
GO05,1715
GO11,1
GR,1020
GR00041,718
GR102,27
GR2201,70
GR60002,32
GRA,33
GRAN,284
GRE,75
GRH,771
GRT,130
GT,478
GU000,67
GV00042,40
GY01,2202
GY02,296
GY03,70
GY04,103
GY07,249
GY08,120
H1,388
H101,846
H102,1326
H103,1168
H104,1054
H105,823
H106,286
H107,1089
H11,846
H13H102,479
H13H104,326
H2,403
H201,968
H202,1514
H203,1236
H204,1285
H205,743
H206,750
H207,677
H22,911
H22H104,1089
H3,458
H301,1178
H302,1219
H303,794
H304,453
H305,2223
H306,1870
H307,228
H401,375
H402,946
H403,773
H404,1213
H405,1151
H406,1014
H407,2120
HA,18
HA00075,882
HA0024,73
HA002D,100
HA03001,46
HA11,1317
HA15,3
HA17,454
HA21,1218
HA2201,64
HA24,88
HA25,38
HA27,475
HA31,1420
HA33,111
HA35,177
HA40002,80
HA40003,58
HA402,15
HA41,1195
HA42,556
HA70002,19
HA900,51
HAI,158
HAI1,18
Harmony,66
HC00001,565
HC00002,602
HC00003,371
HC00004,1196
HC00005,860
HC00006,711
HC00007,844
HC00008,383
HC00009,1017
HC0001,1044
HC00011,1064
HC00012,701
HC00014,752
HC00015,676
HC00016,1030
HC00017,859
HC00018,478
HC00019,569
HC0002,820
HC00021,1535
HC00023,1321
HC00024,865
HC00025,899
HC00026,420
HC00027,637
HC00028,1310
HC00029,621
HC0003,464
HC00031,703
HC00032,206
HC00033,257
HC00034,130
HC00035,337
HC021,294
HCEX23,257
HCEX28,589
HCEX34,1
HCH102A,35
HD401,42
HE2401,16
HE302,71
HER1,576
HER2,616
HER4,386
HF00502,74
HI,71
HI000C,448
HLD,17
HLJ01,58
HN501,170
HO20002,109
HO2401,31
HPK01,78
HPT,114
HU00045,95
Hugoto2,836
Hugoto3,919
Hugoton,518
HV00001,142
HV2601,53
HV2602,10
HVH101,247
HVH114,83
HW000HW,130
HW103,20
HY00044,50
HYT,169
I101,1937
I102,1350
I103,1561
I104,1252
I105,1311
I106,571
I107,1295
I108,992
I109,1497
I201,1413
I202,1053
I203,1725
I204,2162
I205,1739
I206,683
I207,1608
I210,612
I211,1194
I301,1280
I302,2064
I303,1422
I304,942
I305,1271
I306,469
I307,1079
I308,1065
I309,1076
I310,414
I401,905
I402,1041
I403,1018
I404,743
I405,574
I406,4
I407,902
I408,722
I409,969
I410,475
I411,1117
I412,857
I413,241
IL00202,37
IL01,1530
IL30001,167
IN403,15
IN800,105
INB0000,192
INC,934
INE,78
IO50002,277
IO60002,63
IR000B,235
J101,562
J102,507
J103,200
J104,523
J201,266
J202,3
J203,677
J204,1001
J301,1217
J302,1043
J401,1228
J402,498
J403,638
JA00010,59
JA502,23
JA900,343
JAT,133
JC,63
JE,26
JE00006,355
JE00008,951
JE102,375
JEL,154
JF,281
JF00001,104
JT0MV,326
JT0MVA,79
JT0VAS,606
JV50001,160
K100001,207
K101,653
K102,1043
K130011,44
K201,1119
K202,1064
K301,1241
K302,535
K401,687
K402,782
K403,256
K404,324
KC01-01,304
KC01-02,360
KC01-03,234
KC02-01,485
KC02-02,342
KC02-03,90
KC02-04,470
KC02-05,652
KC02-06,26
KC02-07,1
KC022,350
KC03-01,933
KC03-02,942
KC03-03,176
KC03-04,667
KC03-05,51
KC04-01,843
KC04-02,363
KC04-03,594
KC04-04,986
KC05-01,999
KC05-02,469
KC05-03,459
KC05-04,532
KC05-05,517
KC06-01,626
KC06-02,264
KC07-01,555
KC07-02,459
KC07-03,618
KC07-04,943
KC07-05,218
KC07-06,1128
KC07-07,486
KC07-08,931
KC07-09,1181
KC07-10,608
KC07-11,15
KC08-01,909
KC08-02,839
KC08-03,1152
KC08-04,1118
KC09-01,173
KC09-02,873
KC09-03,1733
KC09-04,204
KC09-05,85
KC09-06,1038
KC09-07,868
KC09-08,475
KC09-09,366
KC09-10,866
KC09-11,120
KC09-12,957
KC09-13,667
KC09-14,821
KC09-15,4
KC09-16,2168
KC09-17,9
KC09-18,175
KC09-19,41
KC09-21,64
KC09-22,139
KC09-23,83
KC09-24,38
KC09-25,1124
KC10-01,889
KC10-02,850
KC10-03,65
KC10-04,619
KC10-05,985
KC10-06,341
KC10-07,243
KC104,3
KC11-01,941
KC11-02,865
KC11-03,1069
KC11-04,960
KC11-05,1132
KC11-06,762
KC11-07,637
KC11-08,1009
KC11-09,483
KC11-10,723
KC11-11,876
KC11-12,270
KC11-13,163
KC11-14,232
KC11-15,318
KC11-16,95
KC11-17,18
KC12-01,941
KC12-02,675
KC12-03,984
KC12-04,1003
KC12-05,506
KC12-06,909
KC12-07,927
KC12-08,617
KC12-09,126
KC12-10,173
KC12-11,366
KC12-12,390
KC12-13,677
KC12-14,313
KC12-15,84
KC12-16,312
KC13-01,1038
KC13-02,854
KC13-03,473
KC13-04,460
KC13-05,138
KC13-06,210
KC13-07,548
KC13-08,670
KC13-09,887
KC13-10,87
KC13-11,701
KC13-12,616
KC13-13,279
KC14-01,929
KC14-02,454
KC14-03,427
KC14-04,793
KC14-05,745
KC14-06,962
KC14-07,1190
KC14-08,899
KC14-09,505
KC14-10,1803
KC14-11,908
KC14-12,1831
KC14-13,1280
KC14-14,1996
KC14-15,864
KC14-16,485
KC14-17,936
KCT,381
KE01,2
KE02,15
KE03,1292
KE04,53
KE07,15
KE08,5
KE10,6
KE101,65
KE102,69
KE17,1
KE19,10
KE21,18
KE26,7
KE60003,28
KMQ,32
L001,709
L002,927
L003,592
L004,962
L140012,39
L1C,571
L250013,70
L2C,607
L3C,588
L4C,612
LA00076,39
LA010,59
LA203,20
LA2801,28
LA2802,26
LA90001,130
LA90002,47
LA90003,23
LAA00,36
LAD,294
LB,426
LB00003,563
LB000UV,70
LB00302,38
LB00303,38
LBL,49
LBM01,115
LC,1081
LC023,75
LC1,714
LC2,998
LC3,993
LC4,823
LC402,250
LC4MC,58
LCR,29
LE,114
LE0LE,10
LE102,77
LE202,93
LE302,275
LG,34
LG000LG,65
LGK,82
LI,781
LI00011,155
LI00047,340
LI2601,101
LI3001,2
LI3002,39
LI60004,17
LI602,16
LIA00,163
LIN,209
LN,134
LN00004,237
LN00005,183
LN011,41
LN60001,28
LN701,103
LNN01,489
LO,56
LO00049,74
LO0LO,3
LO2801,59
LO3201,22
LO6,73
LO60003,24
LO602,172
LOB0001,32
LOC,45
LOO,161
LR00048,410
LS,84
LS00203,51
LT,800
LT00046,64
LT10006,75
LTT,169
LU50002,33
LVT,296
LY,15
LY00003,243
LYP68N,7
LYP68S,51
LYP70,122
M001,158
M100001,428
M100017,107
M1C,4523
M200001,188
M2C,1417
M300001,450
M3C,937
M4C,2033
MA105,23
MA3401,10
MA3402,10
MAC0000,174
MAE000,332
MAF,283
MAW000,78
MB012,30
MC0000,413
MC00006,568
MC0001,304
MC0MC,25
MC10005,223
MC901,57
MD00051,1297
MD70001,250
MDC,1152
MDT,261
ME,529
MET,181
MF00001,209
MF0005,123
MH00001,471
MI,58
MI00001,1023
MI00052,51
MI0029,405
MI01,1599
MI02,639
MI03,4
MI05,3
MI07,35
MI08,36
MI09,323
MI12,2
MI14,141
MI18,3
MI20,3
MI22,2
MI26,25
MI6,182
MI9,267
MIG,256
MIS,647
MN0000,556
MND5,137
MND9,402
MNN,731
MO,1955
MO0025,180
MO0MO,97
MO3001,95
MOB00,267
MOD0002,30
Moscow,369
MP0000,72
MPT,424
MQC,419
MQT,110
MSS,674
MT10003,71
MV01,956
MV02,2707
MV05,2
MV06,144
MV14,2
N100001,56
N100002,412
N101,1133
N102,1381
N103,1082
N104,407
N105,444
N106,1184
N107,1426
N108,1262
N109,698
N110,1516
N111,561
N112,1425
N113,901
N114,1138
N115,524
N116,991
N117,600
N118,829
N119,980
N120,566
N121,344
N122,327
N123,823
N124,272
N125,705
N126,213
N127,1185
N201,870
N202,972
N203,787
N204,1103
N205,779
N206,919
N207,698
N208,725
N209,939
N210,1949
N211,452
N212,733
N213,750
N214,687
N215,1152
N216,768
N217,1022
N218,1595
N219,700
N220,619
N221,682
N222,888
N223,806
N224,839
N225,677
N226,826
N227,541
N228,578
N229,987
N230,1116
N231,831
N232,911
N301,1467
N302,1134
N303,626
N304,1094
N305,1218
N306,1658
N307,1234
N308,1349
N309,1335
N310,690
N311,1061
N312,901
N313,1904
N314,1397
N315,851
N317,1540
N318,1886
N319,1279
N320,1131
N321,1024
N322,653
N401,1341
N402,1192
N403,1827
N404,1558
N405,1231
N406,985
N407,875
N408,1045
N409,940
N410,744
N411,1430
N412,1795
N413,1031
N414,652
N415,758
N416,2181
N417,1727
N418,435
N419,1464
N420,546
N421,839
N501,1256
N502,1032
N503,1226
N504,1538
N505,2079
N506,1375
N507,1556
N508,2101
N509,1538
N510,1086
N511,1569
N512,595
N513,1159
N514,102
N515,1814
N516,805
N517,502
N518,1174
N519,417
N601,1297
N602,86
N603,1182
N604,1485
N605,1576
N606,309
N607,455
N608,1316
N609,777
N610,357
N611,1374
N612,578
N613,1435
N614,1375
N615,1804
N616,828
N617,263
N618,1525
N619,941
N620,714
N621,808
N622,1467
N623,2105
NA603,13
NB013,58
NC,107
NELB,2
NEQ,291
NGT,403
NI,1968
NI00053,169
NI01,374
NK00069,269
NK0007,167
NK00071,207
NMH,105
NMV523,138
NMV537,342
NMV623,154
NMV637,253
NMVEN26,4
NMVEN5,8
NOR01,376
NOR02,36
NPE1,12
NPE2,79
NPW,393
NST,29
NT,495
NT000,327
NT00007,125
NUI,82
NW,541
NW000,161
O101,1426
O102,518
O103,1077
O201,1397
O202,691
O203,1042
O301,818
O302,1383
O303,853
O401,1062
O402,803
O403,1189
O404,416
O501,931
O502,1112
O503,1666
O601,884
O602,1355
O603,850
OA01,141
OA3601,58
OB,69
OC,1116
OC00001,1420
OC00002,1741
OC00003,648
OC00004,1890
OC00006,686
OC00007,1963
OC00008,1789
OC16,513
OC25,630
OC35,670
OC35EXB,5
OC45,39
OC46,558
OC80000,124
OG,122
OH,405
OH01,1015
OL,197
OR50003,31
OS0000,297
OSA5,455
OSA6A,1
OSA9,96
OSG,326
OT,673
OT10008,25
OT3201,25
OV,61
OV000OV,75
OZ102,128
P100001,281
P100014,206
P101,831
P102,476
P200016,19
P201,648
P202,781
P301,463
P302,449
P303,391
P310009,81
P401,376
P402,535
P403,580
P470015,54
PA,6225
PA0000,291
PA00007,461
PA00077,146
PA0013,145
PA01,200
PA02,272
PA05,2160
PA06,91
PA09,5
PA0PA,23
PA10,2
PA11,2
PA12,2
PA14,1989
PA15,376
PA16,21
PA17,1
PA3801,31
PA7,81
PAA0001,60
PBE,68
PC,590
PC1,1017
PC11,201
PC13,455
PC16,2
PC17,2
PC18,432
PC19,176
PC2,955
PC21,1167
PC23,374
PC3,875
PC31,1153
PC32,272
PC4,1286
PC41,696
PC43,494
PC44,72
PC45,272
PD8,43
PE,572
PE404,91
PEE,266
PG90000,41
PGB0002,131
PH000BB,34
PI00602,42
PI70003,62
Pioneer,41
PL,19
PL00078,68
PL00603,25
PL014,43
PL4001,18
PL4002,8
PL80001,101
PO,168
PO00008,292
PO00009,269
PO002A,477
PO302,22
PP000PP,97
PR,227
PR000,80
PR000W1,481
PR000W2,3
PR202,81
PR203,42
PRD0003,39
PT,317
PT00054,98
PUD00,237
PV000,152
PVC0001,59
PWW,389
PX00002,146
PY01,1136
PYW,84
Q101,1222
Q102,848
Q103,921
Q104,766
Q105,1586
Q106,1182
Q107,1479
Q108,2195
Q109,376
Q110,427
Q111,1156
Q112,10
Q113,859
Q201,756
Q202,1142
Q203,1298
Q204,1322
Q205,700
Q206,814
Q207,874
Q208,770
Q209,712
Q210,687
Q211,879
Q212,537
Q213,492
Q301,957
Q302,1071
Q303,1563
Q304,1492
Q305,134
Q306,1504
Q307,2033
Q308,1352
Q309,1559
Q310,953
Q311,1858
Q312,631
Q401,1355
Q402,874
Q403,768
Q404,833
Q405,1646
Q406,1103
Q407,1441
Q408,499
Q409,2102
Q411,938
Q412,289
Q413,265
QC01-01,34
QUA0000,100
R001,803
R002,623
R100001,35
R100010,22
RA,69
RC,122
RCJ,329
RE0000,89
RE402,215
RG0NO,429
RG0SO,431
RHS,178
RI,474
RI01,32
RI03,376
RI06,178
RI07,933
RI13,10
RI14,49
RI15,507
RI3401,165
RI502,208
RI90002,48
RICH,1584
RICH6,105
RIK,414
RIT,117
RLL,78
RM604,24
RN00055,1164
RO,11
RO00057,76
RO0027,139
RO01,677
RO02,21
RO03,467
RO04,16
RO703,73
RS00056,191
RS0RS,28
RSA0004,16
RT,263
RVM,88
S-CO,21
S-OG,68
S-WA,54
S001,339
S120010,75
S200009,31
SA,29
SA01,1584
SA02,782
SA03,57
SA04,36
SA05,389
SA70003,15
SAB0000,28
SBN,85
SC,370
SC00010,646
SC00058,262
SC10007,25
SC6,238
SC9,201
SCA0002,15
SCB00,81
SCC0000,99
SCNE000,260
SCNW000,411
SE,116
SE603,501
SE604,368
SFA0002,132
SH,1488
SH00011,197
SH00021,35
SH00066,552
SH00067,772
SH00068,481
SH0021A,255
SH002A6,59
SH002AA,117
SH002AB,8
SH002B,153
SH015,52
SH0A1,713
SH0B,616
SH0BA,964
SH126,2209
SH201,60
SH3601,81
SH3EXB6,172
SH70004,19
SHI,223
SHP,70
SHT,244
SHU,126
SL,202
SL00008,68
SM3801,34
SMV6,1138
SOC,127
SPD,66
SPE2,149
SPW,247
SR80002,59
SRA01,107
SRD0000,120
SS0000,1324
SS01003,35
SS01004,113
SSE0000,77
SST,64
ST,97
ST00012,139
ST0006,49
ST4001,34
STAN5,632
STAN6,54
STE,204
STF0001,205
STW,18
STWEB,11
STWEC,1
STWEH2,18
STWEH7,2
STWH7,88
SU,251
SU00059,481
SU106,42
SUC00,60
SUP,30
SUT,225
SVT,184
SW,1185
SW4201,23
SWENA,26
SY0008,132
T001,914
T100012,21
T1P1,230
T1P2,150
T2,542
T220001,38
T3,310
T4,148
T440003,170
T5,433
T6,78
T610001,163
T7,172
T8,131
T870001,10
T9,239
T980003,48
TC,78
TC80003,78
TCT,204
TGG0001,203
TH0000,120
TH00083,324
TH016,43
TI405,50
TM,1261
TR00061,97
TR017,33
TU00081,222
TW001,153
TW001A,49
TW003,99
TW003A,52
TW004,27
TW005,131
TWP01,124
TWP02,288
TWP03-1,72
TWP03-2,866
TWP04,22
TWP05,50
TWP06,68
TWP07,151
TWP08,229
TWP09,31
TWP10,121
TWP11-1,379
TWP11-2,1184
TWP12,119
TY000,98
UC000UC,65
UN00703,40
UN01,1820
UN02,371
UN10002,114
UN801,16
UNE,23
UNE000,208
UNT,146
UNV,118
V100011,15
VA,800
VA00013,93
VA021,61
VA4401,2
VA4402,41
VA4403,3
VA503,22
VAF,76
VAH101,4
VAH114,596
VB0NO,281
VB0SO,144
VC11,1205
VC21,1151
VC31,1145
VC32,43
VC33,9
VC41,1216
VC42,338
VC44,13
VCC0002,25
VE000,111
VI,374
VI605,14
Voorhee,122
W1 Lake,2
W100001,461
W100014,13
W1ILL,16
W200001,67
W3 Ind,5
W300001,123
WA,549
WA0000,87
WA00002,102
WA00063,82
WA0026,262
WA01,86
WA02,366
WA02002,83
WA03,19
WA05,1
WA08,2
WA09,3
WA11,2
WA13,43
WA20002,21
WA30002,189
WA302,293
WA40000,175
WA4601,38
WA80002,57
WAD00,60
WAJ,144
WB,316
WB000,20
WC,1350
WC000ML,130
WC024,532
WC30003,33
WCenter,103
WE04001,249
WE0WE,22
WE4801,41
WEG00,219
WET,511
WG,270
WH,111
WH00009,141
WHW,106
WI,371
WI00008,135
WI00082,82
WI0WI,47
WI504,17
WIC,75
WIX,208
WIX1,25
WL024,69
WM00064,75
WMC,619
WP10004,98
WR5001,22
WR70002,40
WR80002,120
WS0028,157
WS10002,184
WSA,49
WSF00,218
WT,267
WT702,143
WT80002,99
WV6,456
WV9,41
WVEX6,290
WYD0000,140
XX0001,623
YOH114,408
YY0002,428
ZZ0003,511
