text_phone_last_four,Count
,503509
0,2676
000,5
0000,158146
0001,178
0002,162
0003,162
0004,187
0005,182
0006,187
0007,190
0008,193
0009,174
0010,178
0011,204
0012,176
0013,167
0014,175
0015,175
0016,197
0017,173
0018,162
0019,175
0020,197
0021,188
0022,168
0023,156
0024,190
0025,171
0026,172
0027,159
0028,174
0029,170
003,1
0030,187
0031,152
0032,169
0033,195
0034,161
0035,166
0036,164
0037,165
0038,175
0039,180
0040,186
0041,156
0042,153
0043,157
0044,169
0045,150
0046,161
0047,175
0048,165
0049,165
0050,200
0051,151
0052,157
0053,172
0054,164
0055,181
0056,183
0057,166
0058,167
0059,157
0060,172
0061,177
0062,166
0063,176
0064,140
0065,173
0066,184
0067,168
0068,151
0069,163
007,3
0070,177
0071,181
0072,151
0073,164
0074,173
0075,169
0076,164
0077,184
0078,160
0079,135
0080,169
0081,177
0082,163
0083,141
0084,146
0085,146
0086,176
0087,143
0088,158
0089,162
009,1
0090,180
0091,159
0092,147
0093,158
0094,154
0095,181
0096,167
0097,157
0098,163
0099,183
0100,191
0101,187
0102,177
0103,164
0104,160
0105,164
0106,174
0107,176
0108,178
0109,153
011,1
0110,182
0111,208
0112,163
0113,196
0114,157
0115,150
0116,184
0117,166
0118,148
0119,162
0120,157
0121,155
0122,167
0123,192
0124,180
0125,164
0126,176
0127,158
0128,171
0129,184
013,1
0130,177
0131,175
0132,157
0133,170
0134,161
0135,167
0136,152
0137,141
0138,160
0139,134
0140,175
0141,170
0142,154
0143,152
0144,179
0145,160
0146,152
0147,163
0148,169
0149,150
015,1
0150,178
0151,171
0152,168
0153,145
0154,157
0155,177
0156,138
0157,156
0158,150
0159,181
0160,171
0161,172
0162,153
0163,146
0164,165
0165,176
0166,170
0167,173
0168,161
0169,142
017,1
0170,169
0171,183
0172,155
0173,164
0174,122
0175,164
0176,140
0177,170
0178,145
0179,162
0180,174
0181,167
0182,143
0183,149
0184,137
0185,159
0186,128
0187,143
0188,180
0189,169
019,1
0190,174
0191,167
0192,174
0193,147
0194,137
0195,151
0196,146
0197,129
0198,155
0199,174
02,1
020,1
0200,225
0201,167
0202,165
0203,169
0204,178
0205,166
0206,153
0207,158
0208,154
0209,164
0210,171
0211,176
0212,172
0213,169
0214,138
0215,149
0216,134
0217,154
0218,158
0219,127
022,1
0220,201
0221,176
0222,183
0223,173
0224,183
0225,168
0226,161
0227,132
0228,156
0229,185
0230,178
0231,163
0232,169
0233,193
0234,168
0235,162
0236,154
0237,153
0238,133
0239,148
0240,168
0241,165
0242,171
0243,155
0244,145
0245,146
0246,150
0247,130
0248,171
0249,146
025,1
0250,170
0251,143
0252,163
0253,137
0254,189
0255,182
0256,131
0257,160
0258,151
0259,162
0260,175
0261,162
0262,153
0263,143
0264,152
0265,148
0266,166
0267,138
0268,160
0269,126
0270,158
0271,160
0272,171
0273,154
0274,129
0275,147
0276,161
0277,187
0278,133
0279,136
0280,148
0281,139
0282,153
0283,150
0284,141
0285,134
0286,158
0287,154
0288,172
0289,151
0290,160
0291,165
0292,142
0293,130
0294,152
0295,132
0296,166
0297,136
0298,153
0299,178
0300,205
0301,165
0302,182
0303,174
0304,161
0305,179
0306,179
0307,142
0308,149
0309,177
0310,149
0311,166
0312,160
0313,150
0314,145
0315,143
0316,147
0317,153
0318,159
0319,174
0320,151
0321,168
0322,151
0323,163
0324,159
0325,145
0326,140
0327,168
0328,171
0329,153
0330,171
0331,160
0332,176
0333,158
0334,158
0335,143
0336,170
0337,162
0338,139
0339,156
034,1
0340,162
0341,160
0342,145
0343,170
0344,165
0345,139
0346,152
0347,154
0348,147
0349,148
0350,176
0351,136
0352,136
0353,169
0354,127
0355,178
0356,148
0357,139
0358,137
0359,132
0360,162
0361,138
0362,130
0363,156
0364,157
0365,140
0366,162
0367,139
0368,141
0369,160
0370,158
0371,145
0372,141
0373,169
0374,139
0375,149
0376,119
0377,172
0378,156
0379,166
038,1
0380,155
0381,121
0382,161
0383,155
0384,136
0385,149
0386,152
0387,151
0388,153
0389,126
0390,133
0391,167
0392,133
0393,148
0394,143
0395,143
0396,141
0397,153
0398,152
0399,139
0400,238
0401,153
0402,200
0403,150
0404,193
0405,178
0406,149
0407,178
0408,157
0409,133
0410,155
0411,156
0412,157
0413,134
0414,173
0415,154
0416,158
0417,151
0418,164
0419,168
0420,162
0421,146
0422,152
0423,160
0424,144
0425,154
0426,143
0427,146
0428,132
0429,134
0430,144
0431,161
0432,145
0433,180
0434,181
0435,160
0436,161
0437,151
0438,159
0439,137
044,1
0440,171
0441,181
0442,150
0443,166
0444,168
0445,170
0446,138
0447,155
0448,158
0449,153
045,1
0450,163
0451,155
0452,141
0453,143
0454,157
0455,154
0456,166
0457,158
0458,151
0459,115
0460,164
0461,138
0462,138
0463,158
0464,178
0465,146
0466,191
0467,147
0468,148
0469,149
0470,148
0471,135
0472,138
0473,146
0474,150
0475,149
0476,143
0477,144
0478,125
0479,145
0480,145
0481,144
0482,141
0483,127
0484,149
0485,141
0486,134
0487,135
0488,160
0489,150
049,3
0490,147
0491,148
0492,160
0493,119
0494,164
0495,159
0496,147
0497,144
0498,127
0499,162
0500,182
0501,150
0502,158
0503,166
0504,163
0505,183
0506,171
0507,146
0508,154
0509,152
0510,148
0511,149
0512,145
0513,133
0514,141
0515,167
0516,163
0517,150
0518,135
0519,141
0520,143
0521,129
0522,176
0523,155
0524,135
0525,146
0526,145
0527,135
0528,146
0529,136
0530,172
0531,132
0532,138
0533,140
0534,130
0535,171
0536,141
0537,139
0538,135
0539,152
054,2
0540,172
0541,144
0542,134
0543,131
0544,149
0545,145
0546,145
0547,141
0548,149
0549,147
0550,192
0551,173
0552,131
0553,142
0554,132
0555,157
0556,176
0557,159
0558,166
0559,150
0560,181
0561,148
0562,141
0563,138
0564,165
0565,165
0566,174
0567,148
0568,134
0569,128
0570,172
0571,132
0572,108
0573,132
0574,158
0575,149
0576,139
0577,182
0578,136
0579,118
058,1
0580,157
0581,154
0582,133
0583,149
0584,141
0585,166
0586,149
0587,132
0588,176
0589,129
0590,155
0591,153
0592,142
0593,126
0594,140
0595,165
0596,150
0597,141
0598,170
0599,137
06,1
0600,211
0601,141
0602,153
0603,150
0604,161
0605,168
0606,194
0607,168
0608,149
0609,138
0610,164
0611,154
0612,147
0613,154
0614,139
0615,149
0616,130
0617,172
0618,122
0619,157
0620,155
0621,151
0622,132
0623,125
0624,144
0625,138
0626,168
0627,147
0628,160
0629,129
0630,143
0631,140
0632,135
0633,160
0634,132
0635,127
0636,148
0637,132
0638,148
0639,147
0640,154
0641,118
0642,163
0643,167
0644,166
0645,134
0646,137
0647,137
0648,151
0649,152
0650,146
0651,138
0652,128
0653,144
0654,149
0655,178
0656,161
0657,131
0658,118
0659,134
066,1
0660,150
0661,144
0662,152
0663,146
0664,157
0665,156
0666,127
0667,141
0668,160
0669,140
0670,156
0671,139
0672,131
0673,139
0674,141
0675,140
0676,148
0677,152
0678,163
0679,126
068,1
0680,158
0681,126
0682,124
0683,125
0684,136
0685,146
0686,177
0687,140
0688,152
0689,130
0690,161
0691,132
0692,125
0693,127
0694,125
0695,125
0696,137
0697,132
0698,130
0699,175
0700,181
0701,146
0702,164
0703,150
0704,122
0705,156
0706,158
0707,194
0708,165
0709,158
0710,160
0711,159
0712,139
0713,117
0714,150
0715,139
0716,125
0717,151
0718,139
0719,143
072,1
0720,151
0721,123
0722,167
0723,147
0724,123
0725,158
0726,132
0727,160
0728,126
0729,144
073,1
0730,170
0731,126
0732,114
0733,146
0734,127
0735,127
0736,109
0737,139
0738,129
0739,137
0740,159
0741,157
0742,132
0743,134
0744,137
0745,142
0746,148
0747,153
0748,130
0749,133
075,1
0750,132
0751,128
0752,117
0753,153
0754,133
0755,170
0756,152
0757,143
0758,154
0759,125
0760,141
0761,141
0762,112
0763,113
0764,142
0765,155
0766,141
0767,166
0768,145
0769,130
0770,161
0771,155
0772,168
0773,161
0774,145
0775,138
0776,155
0777,154
0778,157
0779,125
078,1
0780,156
0781,138
0782,146
0783,121
0784,133
0785,127
0786,133
0787,152
0788,119
0789,136
0790,132
0791,132
0792,117
0793,138
0794,124
0795,135
0796,136
0797,129
0798,131
0799,151
080,1
0800,191
0801,149
0802,172
0803,153
0804,146
0805,139
0806,159
0807,165
0808,153
0809,151
081,1
0810,129
0811,137
0812,154
0813,135
0814,144
0815,147
0816,132
0817,141
0818,141
0819,140
0820,143
0821,143
0822,160
0823,155
0824,137
0825,144
0826,139
0827,137
0828,147
0829,131
0830,160
0831,155
0832,129
0833,146
0834,135
0835,156
0836,146
0837,142
0838,150
0839,130
084,1
0840,129
0841,106
0842,144
0843,147
0844,151
0845,153
0846,121
0847,131
0848,158
0849,126
0850,153
0851,151
0852,147
0853,128
0854,139
0855,153
0856,128
0857,162
0858,149
0859,147
0860,148
0861,134
0862,134
0863,116
0864,135
0865,165
0866,142
0867,130
0868,147
0869,118
087,1
0870,134
0871,117
0872,136
0873,135
0874,137
0875,140
0876,129
0877,169
0878,139
0879,139
0880,172
0881,183
0882,158
0883,127
0884,173
0885,160
0886,125
0887,148
0888,170
0889,142
0890,130
0891,144
0892,121
0893,130
0894,121
0895,141
0896,119
0897,125
0898,149
0899,163
0900,190
0901,137
0902,154
0903,137
0904,156
0905,138
0906,135
0907,166
0908,146
0909,161
0910,137
0911,190
0912,152
0913,143
0914,126
0915,141
0916,134
0917,121
0918,137
0919,160
0920,148
0921,140
0922,139
0923,143
0924,143
0925,125
0926,124
0927,129
0928,132
0929,151
0930,152
0931,142
0932,121
0933,161
0934,109
0935,139
0936,145
0937,149
0938,135
0939,131
0940,147
0941,136
0942,146
0943,131
0944,153
0945,139
0946,117
0947,116
0948,125
0949,162
0950,147
0951,135
0952,153
0953,121
0954,138
0955,146
0956,133
0957,134
0958,128
0959,141
0960,150
0961,137
0962,142
0963,149
0964,110
0965,131
0966,154
0967,119
0968,130
0969,137
097,1
0970,136
0971,127
0972,148
0973,125
0974,136
0975,154
0976,130
0977,145
0978,142
0979,139
0980,150
0981,130
0982,131
0983,134
0984,135
0985,151
0986,133
0987,148
0988,142
0989,134
0990,146
0991,140
0992,143
0993,154
0994,147
0995,146
0996,159
0997,132
0998,121
0999,159
1,1
100,1
1000,321
1001,189
1002,167
1003,163
1004,173
1005,189
1006,183
1007,198
1008,146
1009,176
1010,207
1011,156
1012,160
1013,140
1014,174
1015,164
1016,165
1017,173
1018,167
1019,168
102,1
1020,194
1021,141
1022,156
1023,175
1024,172
1025,158
1026,167
1027,162
1028,152
1029,168
1030,180
1031,167
1032,146
1033,157
1034,136
1035,163
1036,173
1037,145
1038,147
1039,148
1040,182
1041,126
1042,151
1043,150
1044,154
1045,165
1046,145
1047,155
1048,171
1049,144
1050,170
1051,162
1052,171
1053,151
1054,163
1055,142
1056,155
1057,150
1058,137
1059,163
106,3
1060,191
1061,184
1062,163
1063,151
1064,128
1065,170
1066,147
1067,153
1068,158
1069,166
1070,191
1071,155
1072,140
1073,157
1074,152
1075,149
1076,128
1077,164
1078,154
1079,139
1080,189
1081,169
1082,150
1083,145
1084,146
1085,125
1086,145
1087,152
1088,160
1089,142
1090,166
1091,136
1092,151
1093,149
1094,135
1095,169
1096,134
1097,149
1098,158
1099,158
1100,228
1101,175
1102,160
1103,172
1104,169
1105,167
1106,157
1107,163
1108,152
1109,152
1110,202
1111,233
1112,144
1113,172
1114,170
1115,178
1116,164
1117,159
1118,165
1119,145
1120,194
1121,160
1122,204
1123,174
1124,174
1125,151
1126,164
1127,150
1128,161
1129,157
1130,176
1131,148
1132,140
1133,177
1134,162
1135,160
1136,171
1137,172
1138,146
1139,158
1140,158
1141,154
1142,180
1143,154
1144,173
1145,148
1146,159
1147,151
1148,169
1149,126
1150,165
1151,158
1152,139
1153,136
1154,149
1155,176
1156,134
1157,154
1158,145
1159,173
1160,178
1161,156
1162,136
1163,156
1164,148
1165,146
1166,191
1167,150
1168,148
1169,148
1170,164
1171,186
1172,164
1173,160
1174,162
1175,166
1176,139
1177,176
1178,155
1179,150
1180,170
1181,156
1182,146
1183,168
1184,131
1185,167
1186,152
1187,150
1188,183
1189,159
1190,163
1191,167
1192,148
1193,130
1194,125
1195,167
1196,140
1197,164
1198,170
1199,176
12,2
1200,225
1201,159
1202,164
1203,161
1204,140
1205,152
1206,171
1207,158
1208,145
1209,155
1210,149
1211,151
1212,212
1213,178
1214,168
1215,175
1216,126
1217,145
1218,163
1219,145
122,1
1220,163
1221,170
1222,177
1223,180
1224,166
1225,170
1226,183
1227,152
1228,153
1229,151
1230,192
1231,152
1232,167
1233,163
1234,220
1235,160
1236,152
1237,146
1238,136
1239,160
1240,138
1241,147
1242,158
1243,151
1244,168
1245,157
1246,126
1247,146
1248,150
1249,152
1250,178
1251,131
1252,144
1253,130
1254,150
1255,145
1256,159
1257,154
1258,148
1259,141
1260,164
1261,134
1262,164
1263,143
1264,125
1265,143
1266,172
1267,131
1268,123
1269,146
1270,137
1271,153
1272,124
1273,156
1274,143
1275,174
1276,149
1277,136
1278,151
1279,123
128,2
1280,141
1281,167
1282,137
1283,142
1284,165
1285,156
1286,142
1287,130
1288,175
1289,128
1290,148
1291,117
1292,133
1293,139
1294,133
1295,164
1296,141
1297,135
1298,146
1299,137
1300,206
1301,146
1302,144
1303,152
1304,178
1305,172
1306,139
1307,145
1308,150
1309,143
1310,166
1311,160
1312,160
1313,192
1314,165
1315,153
1316,161
1317,141
1318,135
1319,160
1320,136
1321,154
1322,141
1323,150
1324,144
1325,175
1326,138
1327,138
1328,119
1329,140
1330,180
1331,157
1332,172
1333,173
1334,141
1335,157
1336,150
1337,123
1338,147
1339,175
1340,146
1341,154
1342,150
1343,150
1344,155
1345,143
1346,132
1347,131
1348,136
1349,146
1350,160
1351,153
1352,143
1353,148
1354,148
1355,144
1356,146
1357,126
1358,144
1359,133
1360,124
1361,163
1362,133
1363,122
1364,124
1365,112
1366,145
1367,119
1368,126
1369,168
1370,136
1371,110
1372,132
1373,137
1374,151
1375,148
1376,119
1377,159
1378,148
1379,133
138,1
1380,133
1381,137
1382,141
1383,149
1384,125
1385,145
1386,145
1387,131
1388,155
1389,144
1390,162
1391,123
1392,144
1393,145
1394,106
1395,119
1396,137
1397,141
1398,131
1399,142
1400,175
1401,163
1402,147
1403,161
1404,146
1405,147
1406,156
1407,149
1408,133
1409,160
141,1
1410,165
1411,161
1412,125
1413,148
1414,186
1415,156
1416,140
1417,148
1418,134
1419,144
142,1
1420,158
1421,143
1422,141
1423,153
1424,154
1425,148
1426,122
1427,138
1428,147
1429,145
1430,151
1431,153
1432,140
1433,125
1434,150
1435,146
1436,147
1437,136
1438,130
1439,116
1440,151
1441,138
1442,134
1443,145
1444,164
1445,125
1446,151
1447,144
1448,151
1449,147
145,2
1450,151
1451,154
1452,131
1453,139
1454,112
1455,141
1456,151
1457,124
1458,158
1459,139
1460,153
1461,135
1462,112
1463,118
1464,154
1465,129
1466,152
1467,123
1468,152
1469,129
1470,162
1471,123
1472,132
1473,145
1474,170
1475,137
1476,135
1477,184
1478,115
1479,151
1480,147
1481,133
1482,135
1483,107
1484,124
1485,155
1486,133
1487,171
1488,152
1489,132
149,1
1490,152
1491,134
1492,145
1493,133
1494,121
1495,129
1496,149
1497,136
1498,132
1499,154
1500,232
1501,175
1502,130
1503,167
1504,127
1505,150
1506,154
1507,138
1508,122
1509,153
1510,139
1511,136
1512,155
1513,148
1514,138
1515,140
1516,146
1517,163
1518,137
1519,177
1520,157
1521,153
1522,156
1523,135
1524,132
1525,161
1526,145
1527,149
1528,156
1529,136
1530,164
1531,134
1532,132
1533,154
1534,151
1535,156
1536,151
1537,152
1538,139
1539,130
1540,160
1541,170
1542,131
1543,128
1544,146
1545,134
1546,147
1547,111
1548,134
1549,148
1550,171
1551,152
1552,126
1553,128
1554,168
1555,163
1556,159
1557,145
1558,154
1559,142
1560,153
1561,159
1562,131
1563,141
1564,146
1565,151
1566,152
1567,122
1568,141
1569,136
1570,145
1571,158
1572,143
1573,149
1574,133
1575,143
1576,132
1577,135
1578,118
1579,129
1580,150
1581,127
1582,128
1583,138
1584,132
1585,136
1586,138
1587,131
1588,156
1589,139
159,1
1590,134
1591,117
1592,118
1593,136
1594,143
1595,133
1596,119
1597,129
1598,140
1599,140
160,1
1600,184
1601,142
1602,149
1603,132
1604,147
1605,145
1606,155
1607,155
1608,129
1609,139
1610,141
1611,184
1612,139
1613,148
1614,163
1615,143
1616,170
1617,150
1618,147
1619,151
1620,143
1621,141
1622,148
1623,149
1624,122
1625,125
1626,159
1627,134
1628,140
1629,135
1630,136
1631,136
1632,146
1633,157
1634,117
1635,141
1636,144
1637,108
1638,133
1639,120
164,1
1640,137
1641,133
1642,130
1643,121
1644,137
1645,137
1646,146
1647,123
1648,123
1649,133
1650,144
1651,139
1652,117
1653,136
1654,120
1655,158
1656,122
1657,124
1658,121
1659,144
1660,154
1661,140
1662,127
1663,125
1664,150
1665,140
1666,142
1667,121
1668,141
1669,156
1670,137
1671,145
1672,132
1673,126
1674,143
1675,162
1676,130
1677,142
1678,116
1679,152
1680,145
1681,133
1682,121
1683,140
1684,118
1685,141
1686,110
1687,129
1688,139
1689,134
1690,144
1691,147
1692,128
1693,130
1694,136
1695,118
1696,145
1697,129
1698,143
1699,132
1700,190
1701,143
1702,121
1703,151
1704,130
1705,136
1706,164
1707,169
1708,156
1709,149
1710,143
1711,135
1712,158
1713,133
1714,146
1715,156
1716,150
1717,155
1718,157
1719,147
1720,129
1721,150
1722,139
1723,114
1724,140
1725,120
1726,159
1727,166
1728,151
1729,107
173,1
1730,122
1731,117
1732,138
1733,120
1734,125
1735,127
1736,143
1737,130
1738,131
1739,121
1740,143
1741,127
1742,157
1743,139
1744,140
1745,101
1746,148
1747,129
1748,143
1749,123
1750,137
1751,138
1752,140
1753,132
1754,156
1755,153
1756,123
1757,148
1758,153
1759,135
176,1
1760,156
1761,126
1762,147
1763,120
1764,132
1765,126
1766,129
1767,131
1768,120
1769,133
177,2
1770,170
1771,147
1772,170
1773,146
1774,143
1775,139
1776,150
1777,163
1778,141
1779,142
1780,135
1781,121
1782,145
1783,143
1784,129
1785,114
1786,147
1787,138
1788,132
1789,144
1790,143
1791,130
1792,161
1793,118
1794,136
1795,154
1796,125
1797,111
1798,117
1799,114
180,1
1800,209
1801,124
1802,160
1803,148
1804,143
1805,125
1806,136
1807,136
1808,159
1809,145
1810,138
1811,133
1812,163
1813,140
1814,132
1815,144
1816,160
1817,140
1818,171
1819,132
1820,148
1821,140
1822,139
1823,132
1824,128
1825,138
1826,135
1827,116
1828,151
1829,141
1830,151
1831,150
1832,142
1833,138
1834,136
1835,154
1836,143
1837,142
1838,134
1839,116
1840,153
1841,122
1842,117
1843,130
1844,156
1845,144
1846,140
1847,119
1848,143
1849,138
1850,148
1851,149
1852,117
1853,122
1854,141
1855,137
1856,119
1857,138
1858,142
1859,127
1860,123
1861,111
1862,125
1863,125
1864,125
1865,132
1866,153
1867,124
1868,132
1869,140
1870,133
1871,139
1872,129
1873,126
1874,121
1875,138
1876,135
1877,161
1878,138
1879,142
188,1
1880,157
1881,143
1882,150
1883,148
1884,138
1885,161
1886,151
1887,125
1888,183
1889,144
1890,114
1891,139
1892,135
1893,135
1894,111
1895,139
1896,136
1897,126
1898,123
1899,151
190,1
1900,247
1901,120
1902,133
1903,153
1904,137
1905,141
1906,141
1907,153
1908,137
1909,135
1910,159
1911,151
1912,128
1913,142
1914,143
1915,150
1916,127
1917,140
1918,146
1919,161
1920,150
1921,152
1922,148
1923,146
1924,127
1925,133
1926,130
1927,151
1928,131
1929,136
1930,118
1931,130
1932,155
1933,154
1934,132
1935,133
1936,110
1937,124
1938,127
1939,131
1940,162
1941,130
1942,152
1943,140
1944,151
1945,144
1946,134
1947,137
1948,115
1949,146
1950,158
1951,134
1952,139
1953,135
1954,149
1955,138
1956,146
1957,145
1958,153
1959,138
1960,150
1961,144
1962,152
1963,133
1964,137
1965,145
1966,143
1967,123
1968,155
1969,144
1970,129
1971,152
1972,151
1973,137
1974,163
1975,139
1976,136
1977,139
1978,162
1979,134
1980,168
1981,144
1982,131
1983,152
1984,134
1985,157
1986,141
1987,119
1988,172
1989,141
1990,149
1991,162
1992,155
1993,162
1994,145
1995,144
1996,152
1997,112
1998,157
1999,175
2,1
2000,357
2001,195
2002,202
2003,173
2004,192
2005,172
2006,185
2007,185
2008,159
2009,166
2010,196
2011,178
2012,158
2013,165
2014,207
2015,173
2016,172
2017,149
2018,151
2019,154
2020,250
2021,186
2022,174
2023,194
2024,180
2025,181
2026,155
2027,153
2028,162
2029,186
2030,187
2031,137
2032,144
2033,182
2034,160
2035,155
2036,164
2037,153
2038,175
2039,156
2040,171
2041,173
2042,173
2043,151
2044,154
2045,167
2046,174
2047,140
2048,148
2049,147
205,1
2050,170
2051,152
2052,159
2053,148
2054,141
2055,179
2056,169
2057,154
2058,149
2059,149
2060,168
2061,139
2062,137
2063,145
2064,162
2065,168
2066,145
2067,153
2068,170
2069,153
207,1
2070,172
2071,151
2072,185
2073,148
2074,148
2075,173
2076,144
2077,159
2078,157
2079,138
2080,187
2081,138
2082,162
2083,147
2084,166
2085,143
2086,159
2087,147
2088,157
2089,138
2090,207
2091,141
2092,145
2093,143
2094,153
2095,119
2096,139
2097,135
2098,163
2099,157
21,1
2100,227
2101,183
2102,145
2103,157
2104,154
2105,159
2106,176
2107,157
2108,169
2109,142
2110,168
2111,192
2112,168
2113,168
2114,204
2115,160
2116,167
2117,170
2118,154
2119,172
2120,203
2121,289
2122,178
2123,186
2124,180
2125,175
2126,176
2127,150
2128,169
2129,157
2130,155
2131,210
2132,164
2133,203
2134,142
2135,170
2136,146
2137,147
2138,163
2139,155
2140,163
2141,206
2142,175
2143,146
2144,173
2145,172
2146,164
2147,157
2148,156
2149,169
2150,162
2151,198
2152,156
2153,146
2154,186
2155,178
2156,176
2157,138
2158,150
2159,148
2160,166
2161,214
2162,175
2163,161
2164,151
2165,176
2166,178
2167,159
2168,156
2169,138
2170,173
2171,174
2172,142
2173,148
2174,137
2175,155
2176,156
2177,183
2178,171
2179,166
2180,151
2181,156
2182,160
2183,170
2184,132
2185,148
2186,165
2187,130
2188,163
2189,150
2190,164
2191,192
2192,174
2193,158
2194,163
2195,163
2196,141
2197,140
2198,151
2199,162
2200,293
2201,203
2202,210
2203,174
2204,182
2205,164
2206,194
2207,197
2208,175
2209,179
2210,198
2211,221
2212,194
2213,185
2214,196
2215,211
2216,170
2217,200
2218,208
2219,168
2220,220
2221,269
2222,228
2223,218
2224,249
2225,220
2226,210
2227,203
2228,197
2229,219
2230,225
2231,186
2232,207
2233,209
2234,208
2235,198
2236,179
2237,207
2238,159
2239,174
2240,205
2241,190
2242,199
2243,171
2244,224
2245,200
2246,226
2247,194
2248,152
2249,189
225,1
2250,173
2251,226
2252,182
2253,180
2254,204
2255,228
2256,166
2257,175
2258,175
2259,161
2260,204
2261,199
2262,168
2263,177
2264,187
2265,210
2266,200
2267,184
2268,178
2269,171
227,1
2270,192
2271,197
2272,194
2273,187
2274,202
2275,193
2276,171
2277,218
2278,179
2279,168
2280,207
2281,215
2282,197
2283,165
2284,178
2285,172
2286,204
2287,165
2288,210
2289,162
2290,170
2291,196
2292,180
2293,176
2294,162
2295,162
2296,162
2297,169
2298,166
2299,179
230,2
2300,219
2301,199
2302,189
2303,177
2304,163
2305,186
2306,149
2307,163
2308,183
2309,159
2310,220
2311,225
2312,184
2313,165
2314,170
2315,194
2316,181
2317,173
2318,187
2319,176
2320,187
2321,187
2322,209
2323,214
2324,205
2325,189
2326,160
2327,175
2328,194
2329,176
233,1
2330,210
2331,177
2332,190
2333,181
2334,188
2335,193
2336,191
2337,167
2338,189
2339,199
234,1
2340,194
2341,200
2342,159
2343,204
2344,184
2345,213
2346,172
2347,157
2348,173
2349,175
2350,172
2351,160
2352,182
2353,198
2354,150
2355,188
2356,171
2357,174
2358,166
2359,153
2360,175
2361,155
2362,156
2363,189
2364,172
2365,165
2366,173
2367,178
2368,180
2369,148
2370,164
2371,188
2372,150
2373,178
2374,178
2375,173
2376,151
2377,170
2378,159
2379,143
238,1
2380,175
2381,192
2382,167
2383,148
2384,179
2385,168
2386,166
2387,166
2388,204
2389,165
2390,208
2391,158
2392,176
2393,184
2394,158
2395,156
2396,159
2397,180
2398,147
2399,165
240,1
2400,268
2401,155
2402,188
2403,147
2404,173
2405,154
2406,147
2407,161
2408,179
2409,151
2410,189
2411,202
2412,155
2413,181
2414,202
2415,214
2416,153
2417,144
2418,162
2419,160
2420,183
2421,174
2422,188
2423,180
2424,216
2425,180
2426,184
2427,175
2428,189
2429,179
243,3
2430,153
2431,163
2432,193
2433,176
2434,195
2435,162
2436,172
2437,161
2438,143
2439,164
2440,159
2441,204
2442,204
2443,167
2444,197
2445,179
2446,185
2447,191
2448,198
2449,165
245,1
2450,185
2451,155
2452,188
2453,156
2454,158
2455,193
2456,174
2457,173
2458,152
2459,183
2460,171
2461,157
2462,163
2463,181
2464,178
2465,183
2466,187
2467,184
2468,176
2469,168
247,1
2470,148
2471,220
2472,176
2473,171
2474,160
2475,174
2476,171
2477,178
2478,154
2479,169
2480,185
2481,201
2482,156
2483,138
2484,170
2485,141
2486,172
2487,163
2488,160
2489,144
2490,180
2491,170
2492,173
2493,167
2494,175
2495,160
2496,138
2497,155
2498,153
2499,180
2500,253
2501,166
2502,159
2503,163
2504,170
2505,195
2506,148
2507,148
2508,166
2509,158
2510,177
2511,189
2512,168
2513,158
2514,178
2515,182
2516,184
2517,169
2518,161
2519,174
2520,187
2521,178
2522,194
2523,175
2524,174
2525,216
2526,183
2527,159
2528,146
2529,173
253,1
2530,177
2531,182
2532,145
2533,156
2534,130
2535,174
2536,165
2537,161
2538,156
2539,151
254,1
2540,166
2541,173
2542,159
2543,176
2544,188
2545,206
2546,172
2547,161
2548,172
2549,162
2550,189
2551,198
2552,169
2553,179
2554,156
2555,181
2556,172
2557,164
2558,162
2559,165
2560,179
2561,147
2562,157
2563,145
2564,150
2565,166
2566,155
2567,176
2568,147
2569,156
2570,170
2571,149
2572,142
2573,153
2574,155
2575,189
2576,145
2577,171
2578,179
2579,158
2580,172
2581,159
2582,149
2583,139
2584,136
2585,167
2586,180
2587,174
2588,183
2589,145
259,1
2590,153
2591,145
2592,143
2593,148
2594,152
2595,180
2596,139
2597,142
2598,148
2599,142
260,1
2600,211
2601,148
2602,171
2603,167
2604,148
2605,164
2606,192
2607,165
2608,154
2609,149
2610,192
2611,178
2612,154
2613,129
2614,164
2615,166
2616,181
2617,157
2618,168
2619,158
2620,191
2621,158
2622,168
2623,189
2624,166
2625,179
2626,193
2627,210
2628,188
2629,166
263,1
2630,171
2631,164
2632,146
2633,156
2634,152
2635,152
2636,168
2637,143
2638,151
2639,139
264,1
2640,195
2641,138
2642,157
2643,156
2644,188
2645,152
2646,181
2647,146
2648,134
2649,169
2650,166
2651,149
2652,161
2653,160
2654,161
2655,180
2656,192
2657,135
2658,125
2659,133
266,1
2660,164
2661,165
2662,185
2663,190
2664,166
2665,200
2666,162
2667,159
2668,178
2669,169
2670,138
2671,166
2672,164
2673,145
2674,167
2675,163
2676,153
2677,142
2678,153
2679,143
268,2
2680,159
2681,169
2682,148
2683,143
2684,141
2685,163
2686,183
2687,148
2688,183
2689,138
2690,167
2691,177
2692,139
2693,150
2694,139
2695,164
2696,180
2697,154
2698,144
2699,135
270,1
2700,265
2701,156
2702,165
2703,126
2704,148
2705,154
2706,130
2707,147
2708,154
2709,151
2710,152
2711,176
2712,153
2713,148
2714,135
2715,161
2716,141
2717,166
2718,146
2719,147
272,1
2720,163
2721,163
2722,178
2723,162
2724,173
2725,169
2726,163
2727,179
2728,157
2729,155
2730,186
2731,150
2732,151
2733,148
2734,128
2735,137
2736,149
2737,171
2738,116
2739,166
2740,152
2741,176
2742,130
2743,129
2744,172
2745,148
2746,133
2747,167
2748,138
2749,156
2750,144
2751,146
2752,146
2753,129
2754,175
2755,153
2756,148
2757,159
2758,153
2759,132
2760,163
2761,158
2762,143
2763,144
2764,152
2765,155
2766,150
2767,156
2768,139
2769,179
2770,156
2771,170
2772,169
2773,168
2774,157
2775,183
2776,158
2777,177
2778,182
2779,133
2780,149
2781,156
2782,150
2783,138
2784,140
2785,149
2786,144
2787,164
2788,130
2789,154
279,1
2790,158
2791,136
2792,141
2793,142
2794,124
2795,140
2796,145
2797,171
2798,125
2799,147
2800,215
2801,153
2802,157
2803,140
2804,142
2805,186
2806,129
2807,157
2808,172
2809,151
2810,174
2811,194
2812,124
2813,158
2814,157
2815,133
2816,158
2817,170
2818,167
2819,147
2820,156
2821,170
2822,168
2823,158
2824,142
2825,156
2826,168
2827,156
2828,187
2829,155
2830,148
2831,152
2832,149
2833,158
2834,143
2835,137
2836,139
2837,143
2838,174
2839,154
2840,152
2841,174
2842,177
2843,129
2844,152
2845,159
2846,180
2847,141
2848,174
2849,121
2850,166
2851,205
2852,162
2853,152
2854,162
2855,155
2856,142
2857,146
2858,168
2859,151
2860,150
2861,153
2862,154
2863,147
2864,129
2865,131
2866,143
2867,137
2868,177
2869,144
2870,155
2871,152
2872,150
2873,139
2874,154
2875,146
2876,148
2877,180
2878,168
2879,134
2880,182
2881,159
2882,147
2883,157
2884,158
2885,149
2886,165
2887,160
2888,203
2889,172
2890,164
2891,130
2892,120
2893,150
2894,144
2895,140
2896,152
2897,134
2898,138
2899,144
29,1
2900,210
2901,149
2902,150
2903,142
2904,145
2905,131
2906,158
2907,142
2908,172
2909,148
2910,167
2911,154
2912,145
2913,139
2914,119
2915,163
2916,132
2917,141
2918,144
2919,156
2920,144
2921,137
2922,161
2923,161
2924,137
2925,147
2926,156
2927,145
2928,157
2929,189
293,1
2930,137
2931,138
2932,108
2933,141
2934,153
2935,132
2936,135
2937,123
2938,144
2939,165
2940,150
2941,157
2942,138
2943,142
2944,153
2945,134
2946,141
2947,124
2948,123
2949,160
295,1
2950,161
2951,133
2952,121
2953,140
2954,139
2955,145
2956,149
2957,138
2958,115
2959,160
296,1
2960,140
2961,154
2962,158
2963,144
2964,138
2965,150
2966,144
2967,126
2968,128
2969,135
2970,125
2971,150
2972,132
2973,149
2974,146
2975,124
2976,139
2977,160
2978,132
2979,143
2980,143
2981,151
2982,134
2983,121
2984,133
2985,119
2986,136
2987,137
2988,149
2989,124
2990,154
2991,146
2992,157
2993,144
2994,154
2995,129
2996,144
2997,136
2998,157
2999,151
3,2
300,2
3000,248
3001,172
3002,149
3003,168
3004,142
3005,144
3006,167
3007,140
3008,157
3009,148
3010,186
3011,157
3012,158
3013,141
3014,141
3015,150
3016,118
3017,139
3018,111
3019,150
3020,184
3021,142
3022,164
3023,138
3024,139
3025,179
3026,131
3027,144
3028,124
3029,142
3030,183
3031,169
3032,156
3033,153
3034,137
3035,153
3036,148
3037,123
3038,144
3039,139
3040,144
3041,141
3042,140
3043,143
3044,150
3045,144
3046,158
3047,140
3048,137
3049,145
3050,153
3051,132
3052,131
3053,143
3054,115
3055,164
3056,136
3057,125
3058,123
3059,130
3060,140
3061,136
3062,134
3063,149
3064,150
3065,149
3066,170
3067,156
3068,140
3069,152
3070,173
3071,138
3072,146
3073,131
3074,118
3075,129
3076,143
3077,149
3078,156
3079,121
308,1
3080,156
3081,131
3082,130
3083,132
3084,116
3085,139
3086,130
3087,146
3088,147
3089,150
3090,153
3091,138
3092,116
3093,147
3094,137
3095,127
3096,139
3097,152
3098,129
3099,158
3100,222
3101,143
3102,175
3103,168
3104,159
3105,162
3106,165
3107,145
3108,146
3109,133
311,1
3110,156
3111,207
3112,168
3113,165
3114,152
3115,181
3116,133
3117,149
3118,132
3119,181
3120,154
3121,186
3122,137
3123,141
3124,145
3125,168
3126,148
3127,151
3128,146
3129,128
313,1
3130,168
3131,188
3132,171
3133,154
3134,141
3135,176
3136,156
3137,141
3138,131
3139,128
314,1
3140,167
3141,180
3142,134
3143,149
3144,166
3145,150
3146,146
3147,130
3148,153
3149,149
3150,147
3151,163
3152,127
3153,123
3154,138
3155,150
3156,182
3157,125
3158,170
3159,125
3160,164
3161,172
3162,129
3163,138
3164,156
3165,158
3166,153
3167,140
3168,114
3169,124
3170,145
3171,165
3172,124
3173,149
3174,125
3175,146
3176,143
3177,157
3178,151
3179,143
3180,164
3181,157
3182,138
3183,145
3184,122
3185,158
3186,159
3187,125
3188,161
3189,140
3190,138
3191,179
3192,157
3193,144
3194,139
3195,141
3196,144
3197,137
3198,140
3199,142
32,1
3200,185
3201,163
3202,160
3203,158
3204,166
3205,153
3206,164
3207,156
3208,174
3209,144
3210,162
3211,172
3212,173
3213,160
3214,158
3215,159
3216,131
3217,174
3218,139
3219,127
3220,183
3221,166
3222,180
3223,167
3224,170
3225,156
3226,165
3227,133
3228,145
3229,177
3230,151
3231,169
3232,231
3233,174
3234,155
3235,186
3236,173
3237,165
3238,141
3239,173
3240,140
3241,185
3242,167
3243,163
3244,163
3245,153
3246,150
3247,137
3248,163
3249,136
325,1
3250,157
3251,164
3252,163
3253,167
3254,142
3255,157
3256,143
3257,143
3258,152
3259,152
326,1
3260,149
3261,150
3262,167
3263,152
3264,146
3265,134
3266,158
3267,134
3268,144
3269,127
3270,159
3271,147
3272,174
3273,147
3274,139
3275,145
3276,142
3277,191
3278,146
3279,139
328,1
3280,165
3281,172
3282,187
3283,136
3284,138
3285,149
3286,167
3287,115
3288,160
3289,121
3290,154
3291,140
3292,125
3293,166
3294,133
3295,158
3296,139
3297,141
3298,165
3299,136
3300,257
3301,165
3302,180
3303,172
3304,162
3305,163
3306,164
3307,160
3308,145
3309,151
3310,179
3311,202
3312,159
3313,192
3314,159
3315,158
3316,170
3317,148
3318,157
3319,178
3320,159
3321,181
3322,203
3323,185
3324,144
3325,157
3326,177
3327,137
3328,160
3329,154
3330,185
3331,175
3332,171
3333,241
3334,192
3335,177
3336,181
3337,163
3338,174
3339,146
3340,155
3341,181
3342,141
3343,200
3344,188
3345,225
3346,161
3347,161
3348,156
3349,139
3350,189
3351,162
3352,164
3353,162
3354,158
3355,186
3356,158
3357,144
3358,155
3359,157
3360,186
3361,169
3362,153
3363,175
3364,169
3365,148
3366,199
3367,151
3368,173
3369,158
3370,160
3371,160
3372,157
3373,156
3374,159
3375,145
3376,176
3377,163
3378,176
3379,126
338,2
3380,176
3381,156
3382,157
3383,178
3384,154
3385,146
3386,154
3387,141
3388,171
3389,154
339,2
3390,165
3391,154
3392,160
3393,161
3394,157
3395,161
3396,144
3397,130
3398,154
3399,160
340,1
3400,202
3401,183
3402,172
3403,162
3404,160
3405,144
3406,150
3407,143
3408,160
3409,131
3410,132
3411,175
3412,160
3413,134
3414,154
3415,158
3416,156
3417,171
3418,123
3419,143
3420,149
3421,164
3422,164
3423,166
3424,134
3425,149
3426,121
3427,156
3428,127
3429,143
3430,168
3431,159
3432,148
3433,156
3434,184
3435,183
3436,148
3437,179
3438,172
3439,151
344,1
3440,157
3441,185
3442,159
3443,138
3444,188
3445,160
3446,174
3447,175
3448,163
3449,175
3450,208
3451,138
3452,150
3453,138
3454,169
3455,168
3456,210
3457,162
3458,134
3459,152
3460,157
3461,159
3462,149
3463,141
3464,176
3465,138
3466,154
3467,147
3468,133
3469,141
347,1
3470,158
3471,154
3472,148
3473,142
3474,141
3475,135
3476,125
3477,141
3478,118
3479,141
3480,151
3481,157
3482,144
3483,150
3484,151
3485,159
3486,164
3487,145
3488,163
3489,130
3490,137
3491,144
3492,134
3493,137
3494,156
3495,132
3496,124
3497,148
3498,155
3499,146
3500,230
3501,171
3502,112
3503,149
3504,157
3505,154
3506,139
3507,144
3508,141
3509,161
3510,177
3511,137
3512,157
3513,158
3514,167
3515,144
3516,153
3517,142
3518,159
3519,132
3520,187
3521,121
3522,159
3523,143
3524,146
3525,169
3526,150
3527,150
3528,166
3529,164
353,1
3530,158
3531,182
3532,155
3533,181
3534,143
3535,173
3536,167
3537,175
3538,152
3539,131
3540,147
3541,147
3542,173
3543,152
3544,150
3545,158
3546,163
3547,164
3548,153
3549,132
355,1
3550,179
3551,160
3552,161
3553,175
3554,169
3555,176
3556,137
3557,184
3558,150
3559,139
3560,152
3561,167
3562,132
3563,132
3564,166
3565,180
3566,160
3567,143
3568,128
3569,140
3570,161
3571,162
3572,160
3573,138
3574,135
3575,166
3576,142
3577,141
3578,137
3579,145
3580,172
3581,144
3582,156
3583,144
3584,129
3585,152
3586,126
3587,140
3588,158
3589,121
3590,152
3591,164
3592,142
3593,155
3594,127
3595,161
3596,131
3597,117
3598,147
3599,133
36,1
3600,245
3601,143
3602,126
3603,149
3604,125
3605,139
3606,165
3607,142
3608,113
3609,147
3610,143
3611,163
3612,139
3613,149
3614,134
3615,148
3616,165
3617,135
3618,145
3619,138
362,1
3620,155
3621,149
3622,131
3623,170
3624,122
3625,167
3626,148
3627,143
3628,154
3629,129
363,1
3630,175
3631,175
3632,161
3633,151
3634,136
3635,168
3636,193
3637,131
3638,149
3639,155
364,1
3640,166
3641,151
3642,124
3643,145
3644,150
3645,151
3646,159
3647,131
3648,146
3649,135
3650,146
3651,131
3652,142
3653,116
3654,154
3655,155
3656,142
3657,134
3658,145
3659,147
3660,182
3661,147
3662,128
3663,159
3664,162
3665,166
3666,166
3667,157
3668,163
3669,151
3670,159
3671,149
3672,154
3673,127
3674,133
3675,152
3676,146
3677,135
3678,157
3679,142
3680,162
3681,144
3682,123
3683,128
3684,119
3685,134
3686,133
3687,137
3688,175
3689,118
3690,167
3691,158
3692,119
3693,123
3694,133
3695,120
3696,145
3697,147
3698,133
3699,133
3700,226
3701,140
3702,167
3703,155
3704,129
3705,137
3706,154
3707,171
3708,132
3709,134
3710,134
3711,185
3712,119
3713,159
3714,123
3715,151
3716,151
3717,150
3718,164
3719,137
372,1
3720,136
3721,146
3722,182
3723,143
3724,143
3725,145
3726,136
3727,165
3728,145
3729,143
3730,147
3731,154
3732,141
3733,163
3734,121
3735,136
3736,150
3737,184
3738,159
3739,142
3740,134
3741,154
3742,131
3743,130
3744,128
3745,150
3746,139
3747,163
3748,139
3749,137
3750,148
3751,139
3752,148
3753,120
3754,135
3755,127
3756,117
3757,154
3758,118
3759,146
376,1
3760,125
3761,133
3762,138
3763,147
3764,135
3765,140
3766,123
3767,167
3768,130
3769,126
3770,163
3771,159
3772,143
3773,154
3774,129
3775,148
3776,129
3777,138
3778,142
3779,149
3780,134
3781,141
3782,129
3783,136
3784,127
3785,141
3786,146
3787,132
3788,138
3789,134
379,1
3790,149
3791,133
3792,136
3793,120
3794,124
3795,137
3796,130
3797,161
3798,109
3799,150
380,1
3800,186
3801,157
3802,152
3803,141
3804,134
3805,133
3806,137
3807,124
3808,151
3809,151
3810,119
3811,173
3812,150
3813,149
3814,123
3815,140
3816,121
3817,133
3818,150
3819,135
3820,157
3821,153
3822,154
3823,138
3824,125
3825,144
3826,141
3827,139
3828,158
3829,127
3830,170
3831,149
3832,148
3833,182
3834,121
3835,133
3836,155
3837,152
3838,160
3839,141
3840,148
3841,132
3842,138
3843,139
3844,151
3845,138
3846,129
3847,121
3848,155
3849,132
385,1
3850,174
3851,131
3852,117
3853,122
3854,135
3855,158
3856,116
3857,138
3858,142
3859,130
3860,153
3861,134
3862,121
3863,150
3864,129
3865,150
3866,134
3867,133
3868,141
3869,119
3870,141
3871,115
3872,105
3873,129
3874,120
3875,128
3876,136
3877,152
3878,169
3879,114
3880,156
3881,137
3882,157
3883,153
3884,147
3885,144
3886,143
3887,133
3888,141
3889,148
3890,138
3891,123
3892,117
3893,135
3894,137
3895,120
3896,117
3897,100
3898,137
3899,130
3900,203
3901,136
3902,154
3903,148
3904,137
3905,145
3906,133
3907,125
3908,144
3909,120
3910,138
3911,168
3912,127
3913,158
3914,127
3915,152
3916,124
3917,148
3918,117
3919,131
392,1
3920,110
3921,144
3922,136
3923,140
3924,133
3925,125
3926,121
3927,109
3928,134
3929,111
3930,141
3931,152
3932,133
3933,146
3934,126
3935,129
3936,133
3937,142
3938,124
3939,163
3940,126
3941,132
3942,126
3943,132
3944,145
3945,122
3946,115
3947,130
3948,108
3949,133
3950,158
3951,127
3952,110
3953,123
3954,144
3955,144
3956,98
3957,113
3958,104
3959,151
3960,144
3961,124
3962,131
3963,117
3964,111
3965,116
3966,118
3967,120
3968,127
3969,139
3970,136
3971,122
3972,107
3973,115
3974,129
3975,118
3976,128
3977,168
3978,117
3979,141
398,1
3980,130
3981,160
3982,125
3983,101
3984,107
3985,125
3986,132
3987,109
3988,121
3989,159
399,2
3990,154
3991,156
3992,123
3993,143
3994,121
3995,132
3996,117
3997,130
3998,151
3999,131
4,2
400,1
4000,286
4001,144
4002,132
4003,149
4004,167
4005,145
4006,145
4007,131
4008,147
4009,135
4010,174
4011,131
4012,133
4013,116
4014,122
4015,138
4016,125
4017,137
4018,134
4019,114
4020,176
4021,135
4022,148
4023,135
4024,125
4025,122
4026,136
4027,122
4028,129
4029,104
4030,151
4031,144
4032,143
4033,142
4034,128
4035,124
4036,120
4037,115
4038,140
4039,118
4040,179
4041,154
4042,132
4043,130
4044,141
4045,136
4046,133
4047,111
4048,144
4049,117
405,1
4050,148
4051,119
4052,112
4053,123
4054,131
4055,130
4056,128
4057,109
4058,103
4059,110
4060,125
4061,138
4062,124
4063,128
4064,140
4065,131
4066,126
4067,127
4068,115
4069,116
407,2
4070,128
4071,123
4072,111
4073,118
4074,114
4075,112
4076,114
4077,130
4078,134
4079,116
4080,134
4081,132
4082,110
4083,121
4084,130
4085,118
4086,114
4087,131
4088,155
4089,122
4090,150
4091,122
4092,123
4093,122
4094,118
4095,120
4096,119
4097,133
4098,107
4099,139
410,1
4100,217
4101,163
4102,144
4103,141
4104,129
4105,144
4106,114
4107,125
4108,96
4109,115
4110,157
4111,156
4112,122
4113,108
4114,153
4115,122
4116,132
4117,115
4118,138
4119,138
4120,114
4121,167
4122,139
4123,129
4124,130
4125,128
4126,121
4127,118
4128,126
4129,115
4130,139
4131,131
4132,131
4133,149
4134,136
4135,133
4136,120
4137,134
4138,130
4139,132
4140,132
4141,158
4142,127
4143,139
4144,139
4145,152
4146,115
4147,107
4148,132
4149,120
415,1
4150,137
4151,136
4152,139
4153,126
4154,140
4155,154
4156,115
4157,145
4158,129
4159,90
4160,108
4161,125
4162,133
4163,118
4164,125
4165,123
4166,128
4167,118
4168,104
4169,133
4170,142
4171,134
4172,120
4173,133
4174,129
4175,130
4176,124
4177,157
4178,100
4179,117
4180,112
4181,122
4182,122
4183,105
4184,130
4185,112
4186,110
4187,105
4188,137
4189,127
419,1
4190,109
4191,118
4192,119
4193,100
4194,116
4195,128
4196,104
4197,99
4198,112
4199,96
4200,213
4201,122
4202,152
4203,132
4204,144
4205,130
4206,120
4207,122
4208,134
4209,131
4210,135
4211,133
4212,119
4213,119
4214,129
4215,130
4216,109
4217,145
4218,136
4219,139
422,1
4220,138
4221,166
4222,168
4223,120
4224,128
4225,136
4226,157
4227,136
4228,139
4229,152
4230,155
4231,137
4232,135
4233,123
4234,121
4235,123
4236,118
4237,134
4238,129
4239,108
4240,147
4241,139
4242,145
4243,128
4244,121
4245,147
4246,147
4247,122
4248,143
4249,121
4250,146
4251,127
4252,128
4253,126
4254,125
4255,140
4256,128
4257,101
4258,148
4259,117
426,1
4260,141
4261,121
4262,133
4263,110
4264,132
4265,115
4266,158
4267,128
4268,114
4269,133
4270,158
4271,135
4272,149
4273,123
4274,115
4275,128
4276,131
4277,144
4278,134
4279,112
428,1
4280,119
4281,141
4282,140
4283,116
4284,132
4285,116
4286,106
4287,125
4288,145
4289,116
4290,120
4291,141
4292,144
4293,125
4294,117
4295,125
4296,111
4297,109
4298,123
4299,121
430,1
4300,179
4301,128
4302,135
4303,122
4304,131
4305,134
4306,147
4307,129
4308,145
4309,140
4310,142
4311,149
4312,130
4313,150
4314,147
4315,138
4316,124
4317,117
4318,137
4319,132
432,1
4320,136
4321,153
4322,122
4323,154
4324,128
4325,135
4326,116
4327,126
4328,117
4329,121
4330,149
4331,147
4332,142
4333,129
4334,146
4335,161
4336,130
4337,139
4338,131
4339,151
4340,153
4341,127
4342,136
4343,144
4344,159
4345,139
4346,143
4347,120
4348,134
4349,126
435,3
4350,122
4351,125
4352,134
4353,139
4354,123
4355,139
4356,121
4357,125
4358,112
4359,112
4360,129
4361,140
4362,120
4363,150
4364,129
4365,126
4366,146
4367,122
4368,122
4369,123
4370,130
4371,114
4372,130
4373,143
4374,115
4375,147
4376,118
4377,140
4378,106
4379,113
438,1
4380,108
4381,119
4382,114
4383,139
4384,125
4385,120
4386,103
4387,98
4388,147
4389,123
4390,107
4391,136
4392,115
4393,120
4394,129
4395,117
4396,112
4397,111
4398,113
4399,131
44,2
440,1
4400,162
4401,154
4402,128
4403,140
4404,152
4405,109
4406,164
4407,122
4408,134
4409,133
4410,144
4411,144
4412,132
4413,134
4414,143
4415,173
4416,135
4417,160
4418,130
4419,121
4420,149
4421,145
4422,179
4423,140
4424,150
4425,143
4426,135
4427,114
4428,136
4429,146
4430,139
4431,144
4432,153
4433,164
4434,147
4435,124
4436,122
4437,117
4438,122
4439,126
444,1
4440,173
4441,173
4442,153
4443,152
4444,193
4445,154
4446,122
4447,160
4448,146
4449,150
4450,137
4451,149
4452,114
4453,137
4454,154
4455,183
4456,148
4457,133
4458,145
4459,117
4460,148
4461,141
4462,110
4463,135
4464,145
4465,117
4466,167
4467,141
4468,152
4469,134
4470,138
4471,146
4472,129
4473,114
4474,125
4475,155
4476,146
4477,139
4478,135
4479,120
448,1
4480,133
4481,143
4482,140
4483,131
4484,132
4485,112
4486,123
4487,136
4488,151
4489,124
4490,148
4491,126
4492,123
4493,125
4494,151
4495,121
4496,119
4497,117
4498,132
4499,132
4500,179
4501,128
4502,136
4503,134
4504,101
4505,159
4506,129
4507,131
4508,121
4509,122
4510,147
4511,152
4512,144
4513,124
4514,119
4515,145
4516,133
4517,137
4518,111
4519,106
452,1
4520,125
4521,120
4522,123
4523,93
4524,109
4525,156
4526,132
4527,125
4528,118
4529,139
4530,112
4531,137
4532,141
4533,144
4534,126
4535,141
4536,148
4537,111
4538,107
4539,131
454,1
4540,147
4541,151
4542,116
4543,136
4544,142
4545,142
4546,124
4547,123
4548,129
4549,134
455,1
4550,139
4551,133
4552,115
4553,140
4554,125
4555,173
4556,114
4557,123
4558,130
4559,136
4560,134
4561,138
4562,109
4563,108
4564,143
4565,143
4566,117
4567,153
4568,134
4569,130
4570,116
4571,127
4572,130
4573,108
4574,117
4575,136
4576,121
4577,138
4578,118
4579,113
458,1
4580,116
4581,114
4582,129
4583,133
4584,115
4585,144
4586,122
4587,117
4588,129
4589,109
459,1
4590,124
4591,120
4592,124
4593,108
4594,115
4595,114
4596,114
4597,120
4598,119
4599,112
4600,159
4601,141
4602,117
4603,106
4604,142
4605,132
4606,147
4607,104
4608,117
4609,134
4610,147
4611,122
4612,111
4613,112
4614,120
4615,127
4616,137
4617,108
4618,132
4619,108
4620,158
4621,138
4622,135
4623,128
4624,137
4625,110
4626,136
4627,106
4628,133
4629,120
4630,110
4631,127
4632,99
4633,126
4634,118
4635,129
4636,117
4637,110
4638,119
4639,122
4640,142
4641,132
4642,102
4643,131
4644,141
4645,134
4646,131
4647,120
4648,117
4649,129
4650,138
4651,114
4652,115
4653,119
4654,117
4655,140
4656,129
4657,105
4658,109
4659,115
4660,165
4661,118
4662,137
4663,132
4664,112
4665,127
4666,116
4667,120
4668,106
4669,102
4670,109
4671,108
4672,100
4673,133
4674,105
4675,130
4676,129
4677,143
4678,117
4679,115
4680,111
4681,129
4682,114
4683,119
4684,132
4685,140
4686,130
4687,117
4688,132
4689,109
469,3
4690,129
4691,124
4692,112
4693,112
4694,114
4695,117
4696,116
4697,93
4698,106
4699,135
4700,187
4701,108
4702,126
4703,104
4704,118
4705,105
4706,114
4707,134
4708,117
4709,100
471,1
4710,114
4711,148
4712,113
4713,123
4714,107
4715,107
4716,126
4717,113
4718,116
4719,122
472,1
4720,111
4721,115
4722,135
4723,97
4724,104
4725,126
4726,120
4727,128
4728,126
4729,111
4730,93
4731,119
4732,113
4733,109
4734,118
4735,114
4736,98
4737,120
4738,108
4739,104
4740,146
4741,116
4742,97
4743,130
4744,120
4745,120
4746,114
4747,127
4748,118
4749,120
4750,119
4751,122
4752,101
4753,119
4754,113
4755,110
4756,83
4757,132
4758,113
4759,116
476,1
4760,113
4761,113
4762,130
4763,106
4764,106
4765,112
4766,120
4767,120
4768,95
4769,109
4770,146
4771,120
4772,127
4773,107
4774,131
4775,142
4776,131
4777,164
4778,127
4779,130
4780,122
4781,123
4782,109
4783,105
4784,106
4785,94
4786,115
4787,117
4788,127
4789,117
4790,127
4791,122
4792,120
4793,89
4794,106
4795,92
4796,122
4797,123
4798,100
4799,100
4800,181
4801,112
4802,119
4803,118
4804,116
4805,108
4806,108
4807,110
4808,130
4809,100
4810,111
4811,127
4812,109
4813,116
4814,116
4815,97
4816,102
4817,125
4818,114
4819,116
4820,133
4821,122
4822,135
4823,110
4824,118
4825,132
4826,105
4827,107
4828,123
4829,107
483,2
4830,142
4831,102
4832,122
4833,140
4834,108
4835,118
4836,95
4837,111
4838,131
4839,108
4840,126
4841,132
4842,140
4843,112
4844,134
4845,125
4846,120
4847,120
4848,167
4849,130
4850,123
4851,119
4852,116
4853,130
4854,120
4855,130
4856,109
4857,104
4858,125
4859,122
4860,122
4861,117
4862,101
4863,126
4864,103
4865,105
4866,140
4867,92
4868,137
4869,133
487,1
4870,111
4871,120
4872,116
4873,110
4874,96
4875,92
4876,110
4877,144
4878,132
4879,103
4880,126
4881,129
4882,120
4883,103
4884,120
4885,125
4886,109
4887,114
4888,133
4889,117
4890,126
4891,120
4892,121
4893,116
4894,107
4895,121
4896,128
4897,111
4898,132
4899,107
4900,146
4901,112
4902,125
4903,106
4904,117
4905,106
4906,119
4907,107
4908,115
4909,123
4910,135
4911,136
4912,128
4913,114
4914,107
4915,104
4916,104
4917,92
4918,116
4919,144
4920,127
4921,114
4922,128
4923,112
4924,98
4925,117
4926,106
4927,101
4928,105
4929,125
4930,106
4931,111
4932,99
4933,127
4934,114
4935,117
4936,107
4937,105
4938,109
4939,103
4940,129
4941,116
4942,124
4943,119
4944,101
4945,100
4946,106
4947,100
4948,131
4949,143
4950,136
4951,100
4952,91
4953,101
4954,118
4955,131
4956,101
4957,97
4958,107
4959,127
496,2
4960,104
4961,111
4962,113
4963,107
4964,122
4965,112
4966,113
4967,101
4968,100
4969,147
4970,115
4971,114
4972,93
4973,97
4974,92
4975,94
4976,118
4977,114
4978,98
4979,120
4980,118
4981,108
4982,115
4983,120
4984,112
4985,115
4986,97
4987,105
4988,125
4989,140
4990,144
4991,115
4992,110
4993,124
4994,143
4995,117
4996,113
4997,102
4998,102
4999,132
5,4
5000,269
5001,174
5002,145
5003,142
5004,152
5005,149
5006,141
5007,143
5008,150
5009,150
5010,150
5011,140
5012,121
5013,167
5014,120
5015,133
5016,120
5017,142
5018,142
5019,127
5020,134
5021,130
5022,125
5023,122
5024,123
5025,150
5026,152
5027,128
5028,153
5029,130
5030,138
5031,140
5032,120
5033,141
5034,131
5035,156
5036,132
5037,127
5038,113
5039,120
504,1
5040,169
5041,146
5042,144
5043,118
5044,142
5045,119
5046,113
5047,125
5048,141
5049,110
5050,204
5051,121
5052,122
5053,147
5054,140
5055,164
5056,144
5057,140
5058,131
5059,136
5060,148
5061,134
5062,110
5063,138
5064,122
5065,143
5066,151
5067,119
5068,116
5069,140
5070,150
5071,129
5072,138
5073,106
5074,132
5075,146
5076,129
5077,123
5078,126
5079,110
508,1
5080,145
5081,131
5082,120
5083,118
5084,137
5085,127
5086,122
5087,112
5088,121
5089,109
509,1
5090,117
5091,114
5092,105
5093,111
5094,102
5095,121
5096,119
5097,123
5098,126
5099,104
5100,180
5101,142
5102,128
5103,137
5104,110
5105,145
5106,134
5107,128
5108,135
5109,128
511,1
5110,157
5111,154
5112,148
5113,139
5114,146
5115,131
5116,134
5117,124
5118,132
5119,131
512,1
5120,126
5121,129
5122,113
5123,117
5124,113
5125,139
5126,131
5127,135
5128,124
5129,117
5130,137
5131,142
5132,126
5133,118
5134,118
5135,127
5136,134
5137,125
5138,128
5139,124
514,1
5140,140
5141,151
5142,126
5143,127
5144,129
5145,136
5146,116
5147,117
5148,126
5149,98
515,2
5150,150
5151,190
5152,117
5153,119
5154,121
5155,155
5156,162
5157,113
5158,133
5159,123
5160,153
5161,150
5162,103
5163,108
5164,125
5165,124
5166,162
5167,94
5168,106
5169,125
517,1
5170,125
5171,146
5172,124
5173,110
5174,122
5175,126
5176,118
5177,124
5178,120
5179,105
5180,136
5181,154
5182,133
5183,128
5184,125
5185,124
5186,112
5187,149
5188,140
5189,122
5190,123
5191,138
5192,130
5193,116
5194,122
5195,107
5196,138
5197,106
5198,92
5199,128
5200,199
5201,149
5202,144
5203,112
5204,116
5205,141
5206,128
5207,123
5208,139
5209,127
5210,147
5211,137
5212,147
5213,105
5214,119
5215,135
5216,132
5217,129
5218,114
5219,136
5220,137
5221,147
5222,143
5223,134
5224,131
5225,171
5226,159
5227,139
5228,137
5229,129
5230,122
5231,120
5232,131
5233,140
5234,136
5235,141
5236,134
5237,115
5238,134
5239,111
524,1
5240,134
5241,132
5242,130
5243,138
5244,143
5245,126
5246,123
5247,97
5248,120
5249,147
525,1
5250,168
5251,151
5252,174
5253,138
5254,129
5255,171
5256,134
5257,120
5258,127
5259,130
5260,139
5261,124
5262,124
5263,144
5264,123
5265,130
5266,139
5267,150
5268,113
5269,135
5270,114
5271,123
5272,123
5273,116
5274,126
5275,110
5276,122
5277,134
5278,111
5279,117
5280,154
5281,120
5282,141
5283,127
5284,128
5285,129
5286,109
5287,125
5288,130
5289,121
5290,142
5291,114
5292,131
5293,121
5294,133
5295,117
5296,98
5297,122
5298,124
5299,117
5300,182
5301,133
5302,115
5303,153
5304,138
5305,133
5306,140
5307,105
5308,126
5309,131
5310,127
5311,130
5312,121
5313,148
5314,135
5315,127
5316,136
5317,105
5318,123
5319,120
5320,143
5321,154
5322,163
5323,151
5324,129
5325,139
5326,130
5327,128
5328,121
5329,124
5330,133
5331,159
5332,137
5333,154
5334,126
5335,148
5336,134
5337,126
5338,142
5339,147
5340,169
5341,136
5342,110
5343,159
5344,128
5345,138
5346,108
5347,117
5348,105
5349,131
535,1
5350,144
5351,126
5352,130
5353,149
5354,123
5355,129
5356,120
5357,150
5358,121
5359,107
536,1
5360,140
5361,122
5362,136
5363,135
5364,99
5365,90
5366,133
5367,114
5368,113
5369,129
5370,117
5371,120
5372,116
5373,130
5374,109
5375,125
5376,102
5377,149
5378,126
5379,121
538,1
5380,127
5381,127
5382,132
5383,130
5384,136
5385,134
5386,107
5387,114
5388,132
5389,102
539,1
5390,109
5391,121
5392,123
5393,139
5394,127
5395,118
5396,118
5397,143
5398,108
5399,118
5400,179
5401,132
5402,132
5403,115
5404,157
5405,120
5406,128
5407,116
5408,144
5409,127
541,1
5410,130
5411,128
5412,113
5413,128
5414,130
5415,144
5416,135
5417,146
5418,118
5419,126
5420,115
5421,134
5422,141
5423,138
5424,115
5425,136
5426,132
5427,113
5428,117
5429,105
5430,119
5431,103
5432,114
5433,111
5434,144
5435,166
5436,126
5437,127
5438,132
5439,113
5440,142
5441,120
5442,149
5443,135
5444,158
5445,136
5446,126
5447,138
5448,130
5449,130
5450,140
5451,132
5452,146
5453,124
5454,188
5455,163
5456,139
5457,129
5458,132
5459,124
5460,151
5461,126
5462,120
5463,108
5464,126
5465,124
5466,138
5467,146
5468,98
5469,145
5470,115
5471,102
5472,129
5473,102
5474,159
5475,130
5476,102
5477,135
5478,129
5479,110
5480,125
5481,117
5482,118
5483,122
5484,141
5485,117
5486,119
5487,120
5488,123
5489,141
549,1
5490,143
5491,134
5492,114
5493,117
5494,113
5495,126
5496,117
5497,118
5498,115
5499,136
55,1
5500,243
5501,145
5502,141
5503,120
5504,148
5505,170
5506,129
5507,139
5508,113
5509,110
5510,155
5511,198
5512,143
5513,149
5514,141
5515,168
5516,146
5517,149
5518,125
5519,157
5520,129
5521,118
5522,159
5523,133
5524,146
5525,165
5526,153
5527,132
5528,121
5529,137
553,1
5530,116
5531,128
5532,143
5533,145
5534,124
5535,154
5536,127
5537,122
5538,149
5539,122
5540,118
5541,129
5542,151
5543,141
5544,169
5545,150
5546,124
5547,139
5548,120
5549,121
5550,171
5551,143
5552,144
5553,143
5554,149
5555,198
5556,157
5557,154
5558,158
5559,140
5560,134
5561,150
5562,124
5563,127
5564,137
5565,140
5566,165
5567,131
5568,116
5569,127
5570,156
5571,116
5572,131
5573,121
5574,145
5575,137
5576,107
5577,154
5578,110
5579,122
5580,129
5581,118
5582,136
5583,132
5584,125
5585,132
5586,114
5587,118
5588,168
5589,124
5590,136
5591,112
5592,125
5593,109
5594,120
5595,137
5596,122
5597,100
5598,142
5599,153
5600,170
5601,124
5602,120
5603,117
5604,114
5605,131
5606,150
5607,129
5608,107
5609,122
5610,117
5611,145
5612,120
5613,113
5614,109
5615,119
5616,149
5617,138
5618,108
5619,127
5620,124
5621,117
5622,122
5623,116
5624,121
5625,109
5626,147
5627,117
5628,111
5629,117
563,1
5630,128
5631,121
5632,114
5633,142
5634,112
5635,105
5636,119
5637,108
5638,102
5639,109
564,1
5640,135
5641,113
5642,117
5643,97
5644,119
5645,113
5646,124
5647,112
5648,100
5649,126
5650,148
5651,123
5652,129
5653,116
5654,111
5655,134
5656,151
5657,122
5658,112
5659,112
5660,167
5661,135
5662,122
5663,111
5664,152
5665,159
5666,143
5667,114
5668,96
5669,119
5670,104
5671,110
5672,124
5673,103
5674,126
5675,138
5676,127
5677,147
5678,149
5679,122
5680,115
5681,110
5682,120
5683,120
5684,133
5685,131
5686,132
5687,110
5688,123
5689,116
5690,115
5691,101
5692,97
5693,108
5694,126
5695,100
5696,118
5697,119
5698,114
5699,115
5700,162
5701,98
5702,102
5703,119
5704,124
5705,124
5706,140
5707,127
5708,135
5709,128
5710,117
5711,146
5712,114
5713,108
5714,108
5715,115
5716,103
5717,127
5718,122
5719,108
5720,124
5721,126
5722,128
5723,114
5724,135
5725,117
5726,106
5727,138
5728,115
5729,108
573,1
5730,117
5731,131
5732,125
5733,129
5734,100
5735,115
5736,103
5737,127
5738,104
5739,103
5740,102
5741,120
5742,130
5743,101
5744,109
5745,110
5746,128
5747,135
5748,115
5749,101
575,1
5750,153
5751,118
5752,141
5753,114
5754,114
5755,119
5756,119
5757,176
5758,141
5759,106
576,1
5760,123
5761,104
5762,106
5763,102
5764,121
5765,117
5766,117
5767,150
5768,107
5769,115
5770,134
5771,136
5772,130
5773,110
5774,129
5775,140
5776,132
5777,122
5778,103
5779,106
5780,103
5781,122
5782,106
5783,89
5784,131
5785,95
5786,113
5787,131
5788,95
5789,110
5790,115
5791,110
5792,99
5793,88
5794,115
5795,116
5796,105
5797,121
5798,96
5799,146
58,2
5800,173
5801,150
5802,136
5803,127
5804,127
5805,128
5806,121
5807,95
5808,132
5809,120
581,1
5810,127
5811,132
5812,122
5813,127
5814,122
5815,114
5816,115
5817,95
5818,118
5819,97
5820,125
5821,104
5822,112
5823,117
5824,112
5825,136
5826,107
5827,112
5828,118
5829,108
5830,125
5831,113
5832,106
5833,112
5834,130
5835,113
5836,107
5837,114
5838,143
5839,122
5840,112
5841,123
5842,114
5843,85
5844,118
5845,118
5846,118
5847,130
5848,142
5849,101
585,1
5850,140
5851,134
5852,131
5853,114
5854,139
5855,126
5856,116
5857,133
5858,141
5859,104
5860,103
5861,116
5862,120
5863,118
5864,110
5865,117
5866,108
5867,115
5868,130
5869,95
5870,111
5871,111
5872,115
5873,92
5874,94
5875,121
5876,105
5877,126
5878,129
5879,96
588,1
5880,128
5881,118
5882,124
5883,107
5884,113
5885,121
5886,102
5887,126
5888,177
5889,137
589,1
5890,115
5891,100
5892,97
5893,119
5894,100
5895,117
5896,98
5897,104
5898,120
5899,131
590,1
5900,177
5901,117
5902,111
5903,107
5904,116
5905,114
5906,113
5907,100
5908,103
5909,127
591,1
5910,114
5911,115
5912,118
5913,112
5914,93
5915,111
5916,101
5917,102
5918,107
5919,119
5920,116
5921,89
5922,122
5923,96
5924,105
5925,98
5926,105
5927,110
5928,106
5929,93
593,1
5930,99
5931,109
5932,106
5933,122
5934,121
5935,106
5936,116
5937,101
5938,114
5939,118
5940,119
5941,116
5942,96
5943,119
5944,124
5945,104
5946,121
5947,99
5948,97
5949,115
595,1
5950,123
5951,133
5952,141
5953,114
5954,129
5955,133
5956,110
5957,99
5958,120
5959,132
5960,123
5961,107
5962,107
5963,98
5964,100
5965,107
5966,123
5967,111
5968,119
5969,111
597,1
5970,99
5971,116
5972,89
5973,99
5974,127
5975,112
5976,107
5977,110
5978,94
5979,126
5980,100
5981,122
5982,126
5983,102
5984,129
5985,96
5986,120
5987,97
5988,94
5989,116
599,1
5990,127
5991,127
5992,111
5993,126
5994,106
5995,126
5996,119
5997,101
5998,107
5999,124
6,1
6000,241
6001,138
6002,131
6003,159
6004,152
6005,143
6006,160
6007,144
6008,129
6009,137
6010,157
6011,131
6012,112
6013,141
6014,131
6015,126
6016,134
6017,144
6018,121
6019,131
6020,134
6021,137
6022,139
6023,123
6024,122
6025,149
6026,115
6027,138
6028,112
6029,131
6030,140
6031,140
6032,112
6033,141
6034,123
6035,123
6036,116
6037,115
6038,136
6039,123
6040,145
6041,140
6042,128
6043,112
6044,147
6045,128
6046,108
6047,128
6048,126
6049,131
6050,150
6051,130
6052,121
6053,118
6054,115
6055,141
6056,128
6057,124
6058,132
6059,125
6060,175
6061,143
6062,130
6063,140
6064,150
6065,153
6066,142
6067,143
6068,133
6069,137
6070,143
6071,120
6072,113
6073,115
6074,104
6075,126
6076,125
6077,146
6078,126
6079,124
6080,157
6081,138
6082,115
6083,118
6084,128
6085,123
6086,128
6087,113
6088,137
6089,107
6090,150
6091,118
6092,113
6093,117
6094,135
6095,115
6096,118
6097,101
6098,134
6099,134
6100,207
6101,140
6102,148
6103,149
6104,107
6105,142
6106,128
6107,122
6108,121
6109,147
6110,165
6111,167
6112,124
6113,137
6114,133
6115,133
6116,164
6117,143
6118,130
6119,146
612,1
6120,123
6121,140
6122,138
6123,164
6124,108
6125,124
6126,110
6127,119
6128,151
6129,126
6130,134
6131,129
6132,132
6133,151
6134,125
6135,119
6136,124
6137,135
6138,108
6139,127
6140,124
6141,132
6142,107
6143,125
6144,142
6145,112
6146,109
6147,120
6148,136
6149,117
6150,143
6151,138
6152,113
6153,124
6154,116
6155,134
6156,137
6157,118
6158,98
6159,141
6160,158
6161,166
6162,130
6163,131
6164,135
6165,128
6166,120
6167,108
6168,142
6169,143
6170,134
6171,134
6172,122
6173,121
6174,105
6175,117
6176,114
6177,142
6178,121
6179,111
6180,145
6181,139
6182,101
6183,111
6184,109
6185,115
6186,128
6187,119
6188,150
6189,125
6190,121
6191,147
6192,95
6193,134
6194,113
6195,129
6196,102
6197,104
6198,124
6199,132
620,2
6200,236
6201,124
6202,148
6203,124
6204,120
6205,138
6206,142
6207,134
6208,129
6209,141
6210,132
6211,151
6212,135
6213,128
6214,121
6215,124
6216,131
6217,118
6218,119
6219,119
6220,135
6221,123
6222,168
6223,121
6224,114
6225,138
6226,145
6227,119
6228,135
6229,124
623,1
6230,130
6231,123
6232,132
6233,129
6234,131
6235,124
6236,126
6237,121
6238,119
6239,103
6240,136
6241,121
6242,151
6243,116
6244,130
6245,102
6246,124
6247,108
6248,144
6249,141
6250,164
6251,134
6252,134
6253,133
6254,112
6255,129
6256,122
6257,123
6258,139
6259,124
626,1
6260,152
6261,142
6262,195
6263,130
6264,127
6265,126
6266,118
6267,133
6268,124
6269,114
627,1
6270,129
6271,149
6272,133
6273,116
6274,133
6275,129
6276,97
6277,127
6278,107
6279,121
6280,126
6281,147
6282,133
6283,120
6284,103
6285,123
6286,128
6287,110
6288,151
6289,121
6290,130
6291,101
6292,138
6293,118
6294,105
6295,110
6296,124
6297,120
6298,120
6299,129
630,1
6300,175
6301,130
6302,115
6303,132
6304,110
6305,118
6306,126
6307,112
6308,126
6309,133
6310,136
6311,133
6312,111
6313,130
6314,113
6315,115
6316,117
6317,119
6318,120
6319,143
6320,127
6321,126
6322,141
6323,126
6324,102
6325,118
6326,110
6327,134
6328,120
6329,113
6330,168
6331,136
6332,140
6333,137
6334,125
6335,114
6336,153
6337,110
6338,121
6339,118
6340,133
6341,111
6342,113
6343,114
6344,94
6345,128
6346,103
6347,112
6348,122
6349,123
6350,123
6351,124
6352,120
6353,130
6354,117
6355,145
6356,150
6357,120
6358,118
6359,134
6360,137
6361,125
6362,140
6363,161
6364,127
6365,137
6366,130
6367,121
6368,123
6369,141
6370,135
6371,122
6372,122
6373,143
6374,127
6375,126
6376,115
6377,159
6378,121
6379,113
6380,143
6381,128
6382,136
6383,107
6384,116
6385,103
6386,90
6387,105
6388,123
6389,111
6390,123
6391,118
6392,134
6393,113
6394,114
6395,120
6396,116
6397,127
6398,125
6399,124
6400,151
6401,137
6402,120
6403,135
6404,131
6405,146
6406,138
6407,131
6408,122
6409,115
6410,131
6411,167
6412,139
6413,136
6414,135
6415,119
6416,101
6417,135
6418,126
6419,120
6420,164
6421,125
6422,134
6423,107
6424,146
6425,121
6426,126
6427,114
6428,133
6429,129
6430,118
6431,131
6432,129
6433,133
6434,127
6435,122
6436,106
6437,123
6438,116
6439,109
6440,117
6441,144
6442,115
6443,131
6444,177
6445,142
6446,136
6447,125
6448,129
6449,125
6450,134
6451,132
6452,116
6453,115
6454,137
6455,169
6456,129
6457,106
6458,122
6459,110
6460,131
6461,136
6462,119
6463,121
6464,147
6465,124
6466,127
6467,114
6468,139
6469,102
647,1
6470,118
6471,122
6472,125
6473,113
6474,117
6475,140
6476,105
6477,111
6478,118
6479,99
6480,129
6481,125
6482,130
6483,102
6484,131
6485,119
6486,123
6487,114
6488,152
6489,115
6490,132
6491,114
6492,130
6493,110
6494,131
6495,121
6496,136
6497,110
6498,129
6499,118
6500,179
6501,132
6502,109
6503,139
6504,133
6505,133
6506,123
6507,104
6508,134
6509,120
6510,127
6511,161
6512,115
6513,126
6514,152
6515,139
6516,126
6517,114
6518,126
6519,135
6520,156
6521,123
6522,126
6523,115
6524,118
6525,142
6526,114
6527,118
6528,126
6529,117
6530,105
6531,140
6532,108
6533,157
6534,112
6535,117
6536,118
6537,97
6538,120
6539,122
654,1
6540,117
6541,133
6542,105
6543,113
6544,140
6545,144
6546,130
6547,151
6548,117
6549,115
6550,198
6551,138
6552,113
6553,110
6554,117
6555,145
6556,126
6557,127
6558,130
6559,137
656,1
6560,144
6561,136
6562,121
6563,140
6564,144
6565,163
6566,129
6567,121
6568,107
6569,142
6570,120
6571,109
6572,121
6573,107
6574,124
6575,111
6576,131
6577,148
6578,142
6579,110
658,1
6580,122
6581,125
6582,99
6583,110
6584,118
6585,121
6586,92
6587,104
6588,138
6589,123
6590,136
6591,113
6592,114
6593,114
6594,113
6595,116
6596,126
6597,112
6598,112
6599,140
66,2
660,1
6600,167
6601,128
6602,120
6603,119
6604,133
6605,131
6606,147
6607,138
6608,132
6609,127
6610,116
6611,156
6612,121
6613,108
6614,139
6615,131
6616,131
6617,121
6618,127
6619,113
6620,146
6621,118
6622,142
6623,124
6624,133
6625,103
6626,141
6627,99
6628,129
6629,106
6630,134
6631,109
6632,126
6633,118
6634,102
6635,130
6636,138
6637,122
6638,151
6639,124
6640,111
6641,94
6642,120
6643,119
6644,157
6645,107
6646,116
6647,129
6648,122
6649,114
665,1
6650,164
6651,130
6652,123
6653,121
6654,134
6655,142
6656,136
6657,118
6658,111
6659,112
6660,136
6661,120
6662,114
6663,106
6664,116
6665,118
6666,151
6667,108
6668,129
6669,137
6670,141
6671,125
6672,125
6673,141
6674,138
6675,108
6676,137
6677,138
6678,122
6679,120
668,1
6680,126
6681,131
6682,118
6683,114
6684,115
6685,116
6686,142
6687,124
6688,142
6689,113
669,1
6690,115
6691,131
6692,126
6693,127
6694,126
6695,132
6696,133
6697,86
6698,126
6699,129
670,1
6700,223
6701,122
6702,115
6703,124
6704,126
6705,106
6706,132
6707,117
6708,131
6709,110
671,1
6710,106
6711,161
6712,100
6713,127
6714,131
6715,129
6716,109
6717,130
6718,129
6719,112
672,1
6720,111
6721,122
6722,133
6723,95
6724,120
6725,124
6726,105
6727,127
6728,126
6729,99
673,1
6730,114
6731,124
6732,111
6733,137
6734,115
6735,107
6736,100
6737,111
6738,116
6739,105
6740,113
6741,127
6742,112
6743,113
6744,123
6745,116
6746,132
6747,145
6748,122
6749,118
6750,137
6751,128
6752,99
6753,106
6754,108
6755,136
6756,128
6757,116
6758,102
6759,99
6760,99
6761,123
6762,121
6763,110
6764,139
6765,127
6766,138
6767,139
6768,127
6769,112
6770,143
6771,141
6772,113
6773,121
6774,107
6775,117
6776,115
6777,145
6778,125
6779,131
678,1
6780,109
6781,109
6782,95
6783,100
6784,127
6785,116
6786,133
6787,135
6788,113
6789,148
6790,90
6791,95
6792,99
6793,99
6794,105
6795,127
6796,87
6797,124
6798,104
6799,130
6800,214
6801,98
6802,97
6803,101
6804,118
6805,133
6806,106
6807,93
6808,145
6809,120
6810,113
6811,120
6812,112
6813,108
6814,107
6815,128
6816,121
6817,118
6818,142
6819,116
682,1
6820,142
6821,114
6822,130
6823,119
6824,126
6825,132
6826,130
6827,107
6828,137
6829,101
6830,129
6831,131
6832,114
6833,114
6834,124
6835,112
6836,122
6837,98
6838,127
6839,119
6840,123
6841,113
6842,132
6843,117
6844,123
6845,125
6846,95
6847,116
6848,139
6849,120
685,1
6850,124
6851,119
6852,102
6853,121
6854,110
6855,130
6856,132
6857,109
6858,129
6859,111
6860,164
6861,119
6862,121
6863,119
6864,145
6865,134
6866,117
6867,115
6868,144
6869,124
687,1
6870,106
6871,100
6872,108
6873,101
6874,112
6875,119
6876,113
6877,115
6878,137
6879,107
6880,126
6881,130
6882,103
6883,127
6884,138
6885,116
6886,136
6887,112
6888,143
6889,132
6890,113
6891,98
6892,125
6893,86
6894,103
6895,131
6896,94
6897,100
6898,113
6899,105
6900,151
6901,103
6902,114
6903,110
6904,118
6905,119
6906,130
6907,103
6908,114
6909,132
6910,136
6911,131
6912,111
6913,97
6914,106
6915,119
6916,133
6917,94
6918,109
6919,126
6920,111
6921,111
6922,146
6923,120
6924,106
6925,131
6926,106
6927,130
6928,114
6929,122
6930,109
6931,126
6932,97
6933,133
6934,98
6935,123
6936,112
6937,101
6938,87
6939,133
694,1
6940,101
6941,112
6942,103
6943,111
6944,122
6945,105
6946,103
6947,100
6948,80
6949,125
6950,143
6951,122
6952,118
6953,98
6954,119
6955,123
6956,105
6957,98
6958,103
6959,110
6960,127
6961,121
6962,96
6963,130
6964,105
6965,111
6966,129
6967,106
6968,122
6969,149
6970,108
6971,126
6972,130
6973,131
6974,83
6975,103
6976,93
6977,114
6978,105
6979,107
698,1
6980,127
6981,112
6982,95
6983,120
6984,113
6985,127
6986,104
6987,111
6988,125
6989,138
6990,124
6991,115
6992,108
6993,114
6994,117
6995,123
6996,99
6997,124
6998,118
6999,147
7,1
700,1
7000,244
7001,163
7002,149
7003,154
7004,150
7005,165
7006,153
7007,152
7008,145
7009,145
701,1
7010,163
7011,161
7012,132
7013,139
7014,104
7015,149
7016,124
7017,140
7018,121
7019,132
7020,143
7021,117
7022,134
7023,121
7024,123
7025,123
7026,131
7027,136
7028,141
7029,139
7030,135
7031,126
7032,138
7033,138
7034,119
7035,124
7036,129
7037,129
7038,117
7039,94
7040,142
7041,113
7042,127
7043,130
7044,116
7045,134
7046,117
7047,150
7048,110
7049,108
7050,145
7051,134
7052,129
7053,121
7054,119
7055,132
7056,142
7057,135
7058,132
7059,122
706,1
7060,129
7061,134
7062,144
7063,134
7064,116
7065,116
7066,113
7067,119
7068,129
7069,114
7070,176
7071,149
7072,109
7073,118
7074,137
7075,145
7076,162
7077,157
7078,124
7079,124
708,2
7080,143
7081,125
7082,139
7083,94
7084,118
7085,119
7086,122
7087,120
7088,133
7089,104
709,1
7090,142
7091,117
7092,118
7093,98
7094,110
7095,116
7096,140
7097,112
7098,108
7099,148
71,1
7100,178
7101,112
7102,109
7103,132
7104,146
7105,129
7106,139
7107,155
7108,118
7109,108
7110,126
7111,164
7112,142
7113,137
7114,119
7115,133
7116,139
7117,162
7118,115
7119,142
7120,131
7121,154
7122,109
7123,135
7124,107
7125,122
7126,123
7127,121
7128,111
7129,81
713,1
7130,132
7131,123
7132,120
7133,142
7134,129
7135,119
7136,127
7137,124
7138,121
7139,103
7140,159
7141,129
7142,130
7143,119
7144,114
7145,103
7146,104
7147,120
7148,117
7149,134
715,1
7150,133
7151,135
7152,130
7153,116
7154,109
7155,145
7156,108
7157,123
7158,116
7159,111
7160,141
7161,132
7162,116
7163,116
7164,107
7165,123
7166,126
7167,125
7168,116
7169,98
7170,152
7171,164
7172,134
7173,123
7174,121
7175,136
7176,116
7177,141
7178,133
7179,128
7180,133
7181,154
7182,99
7183,118
7184,103
7185,120
7186,114
7187,127
7188,119
7189,108
719,1
7190,130
7191,113
7192,113
7193,100
7194,127
7195,120
7196,112
7197,107
7198,102
7199,120
72,1
720,1
7200,220
7201,136
7202,146
7203,125
7204,114
7205,143
7206,117
7207,127
7208,129
7209,122
7210,136
7211,122
7212,137
7213,119
7214,107
7215,127
7216,139
7217,133
7218,135
7219,109
7220,161
7221,127
7222,157
7223,133
7224,132
7225,153
7226,124
7227,148
7228,117
7229,130
7230,144
7231,145
7232,121
7233,124
7234,141
7235,107
7236,117
7237,115
7238,124
7239,127
7240,135
7241,124
7242,132
7243,112
7244,121
7245,123
7246,123
7247,134
7248,121
7249,119
7250,127
7251,112
7252,103
7253,121
7254,114
7255,131
7256,124
7257,116
7258,126
7259,114
7260,118
7261,115
7262,126
7263,126
7264,127
7265,121
7266,127
7267,123
7268,98
7269,120
7270,134
7271,140
7272,159
7273,131
7274,125
7275,146
7276,122
7277,137
7278,130
7279,109
7280,134
7281,127
7282,134
7283,98
7284,117
7285,117
7286,120
7287,120
7288,128
7289,107
729,1
7290,114
7291,110
7292,123
7293,84
7294,103
7295,112
7296,125
7297,107
7298,117
7299,115
7300,177
7301,108
7302,118
7303,143
7304,107
7305,112
7306,115
7307,119
7308,111
7309,112
7310,117
7311,141
7312,118
7313,129
7314,115
7315,127
7316,118
7317,109
7318,113
7319,123
7320,134
7321,135
7322,137
7323,129
7324,139
7325,126
7326,113
7327,115
7328,114
7329,122
7330,140
7331,125
7332,129
7333,128
7334,127
7335,149
7336,97
7337,156
7338,126
7339,123
7340,133
7341,126
7342,131
7343,102
7344,119
7345,128
7346,107
7347,110
7348,85
7349,109
735,1
7350,141
7351,118
7352,117
7353,135
7354,122
7355,124
7356,129
7357,117
7358,117
7359,117
7360,122
7361,144
7362,109
7363,130
7364,111
7365,96
7366,140
7367,114
7368,123
7369,111
7370,125
7371,116
7372,131
7373,146
7374,116
7375,117
7376,126
7377,136
7378,135
7379,97
7380,114
7381,134
7382,93
7383,117
7384,107
7385,91
7386,106
7387,113
7388,130
7389,102
7390,109
7391,128
7392,115
7393,111
7394,96
7395,106
7396,115
7397,113
7398,120
7399,134
7400,177
7401,117
7402,103
7403,103
7404,123
7405,129
7406,109
7407,126
7408,112
7409,106
7410,121
7411,133
7412,108
7413,129
7414,139
7415,103
7416,111
7417,121
7418,140
7419,99
7420,123
7421,128
7422,138
7423,114
7424,127
7425,133
7426,123
7427,120
7428,120
7429,115
7430,119
7431,133
7432,111
7433,115
7434,128
7435,112
7436,110
7437,114
7438,99
7439,102
744,1
7440,113
7441,125
7442,120
7443,136
7444,130
7445,99
7446,135
7447,131
7448,123
7449,136
7450,113
7451,133
7452,102
7453,119
7454,131
7455,122
7456,132
7457,97
7458,136
7459,126
7460,124
7461,103
7462,105
7463,114
7464,125
7465,133
7466,110
7467,98
7468,112
7469,111
7470,122
7471,107
7472,118
7473,126
7474,165
7475,143
7476,132
7477,117
7478,107
7479,115
7480,110
7481,112
7482,107
7483,123
7484,111
7485,103
7486,93
7487,105
7488,108
7489,101
7490,112
7491,109
7492,115
7493,101
7494,103
7495,88
7496,99
7497,102
7498,111
7499,132
7500,182
7501,121
7502,111
7503,121
7504,107
7505,128
7506,122
7507,96
7508,115
7509,111
7510,116
7511,140
7512,133
7513,108
7514,124
7515,126
7516,112
7517,123
7518,98
7519,113
752,2
7520,106
7521,119
7522,106
7523,110
7524,131
7525,128
7526,119
7527,113
7528,99
7529,107
7530,133
7531,95
7532,101
7533,107
7534,95
7535,110
7536,115
7537,113
7538,108
7539,76
7540,109
7541,130
7542,102
7543,104
7544,143
7545,122
7546,110
7547,99
7548,98
7549,88
7550,144
7551,123
7552,125
7553,128
7554,127
7555,150
7556,124
7557,121
7558,115
7559,139
756,1
7560,123
7561,118
7562,109
7563,124
7564,98
7565,140
7566,127
7567,118
7568,120
7569,127
7570,110
7571,124
7572,134
7573,120
7574,112
7575,151
7576,131
7577,115
7578,136
7579,116
758,1
7580,105
7581,112
7582,98
7583,95
7584,111
7585,107
7586,114
7587,106
7588,114
7589,113
7590,95
7591,104
7592,108
7593,108
7594,103
7595,107
7596,105
7597,91
7598,108
7599,112
7600,171
7601,121
7602,99
7603,110
7604,105
7605,109
7606,130
7607,105
7608,141
7609,113
7610,111
7611,151
7612,111
7613,117
7614,121
7615,116
7616,105
7617,112
7618,92
7619,100
762,1
7620,110
7621,127
7622,129
7623,116
7624,108
7625,119
7626,103
7627,129
7628,128
7629,98
7630,138
7631,91
7632,126
7633,117
7634,98
7635,116
7636,125
7637,104
7638,98
7639,104
7640,114
7641,122
7642,109
7643,115
7644,95
7645,117
7646,128
7647,102
7648,102
7649,103
765,1
7650,119
7651,103
7652,100
7653,114
7654,107
7655,117
7656,121
7657,115
7658,92
7659,100
7660,119
7661,119
7662,114
7663,102
7664,131
7665,152
7666,98
7667,101
7668,122
7669,116
767,1
7670,111
7671,123
7672,98
7673,121
7674,102
7675,107
7676,134
7677,133
7678,110
7679,106
7680,131
7681,108
7682,102
7683,96
7684,112
7685,102
7686,99
7687,121
7688,115
7689,93
7690,102
7691,112
7692,103
7693,92
7694,96
7695,103
7696,107
7697,103
7698,115
7699,94
7700,166
7701,121
7702,124
7703,113
7704,102
7705,110
7706,118
7707,169
7708,107
7709,95
7710,126
7711,140
7712,127
7713,123
7714,119
7715,121
7716,109
7717,139
7718,134
7719,113
7720,114
7721,116
7722,135
7723,112
7724,110
7725,121
7726,125
7727,119
7728,120
7729,114
773,1
7730,116
7731,111
7732,123
7733,136
7734,120
7735,126
7736,112
7737,128
7738,112
7739,110
7740,127
7741,115
7742,115
7743,100
7744,132
7745,108
7746,111
7747,128
7748,116
7749,120
7750,118
7751,123
7752,112
7753,113
7754,107
7755,136
7756,95
7757,115
7758,96
7759,129
776,1
7760,105
7761,91
7762,140
7763,99
7764,117
7765,102
7766,136
7767,118
7768,111
7769,118
7770,140
7771,131
7772,136
7773,121
7774,124
7775,144
7776,119
7777,190
7778,126
7779,131
778,1
7780,120
7781,103
7782,116
7783,109
7784,109
7785,107
7786,110
7787,123
7788,142
7789,99
7790,114
7791,107
7792,111
7793,103
7794,127
7795,99
7796,120
7797,122
7798,103
7799,122
7800,159
7801,91
7802,97
7803,105
7804,105
7805,114
7806,105
7807,96
7808,116
7809,95
781,1
7810,86
7811,147
7812,105
7813,99
7814,104
7815,109
7816,104
7817,105
7818,107
7819,103
7820,113
7821,120
7822,99
7823,100
7824,110
7825,94
7826,102
7827,100
7828,114
7829,99
7830,117
7831,100
7832,98
7833,122
7834,111
7835,88
7836,91
7837,103
7838,112
7839,109
7840,105
7841,93
7842,125
7843,94
7844,97
7845,108
7846,91
7847,96
7848,114
7849,108
785,4
7850,123
7851,112
7852,111
7853,91
7854,103
7855,108
7856,101
7857,106
7858,133
7859,93
7860,104
7861,91
7862,72
7863,89
7864,111
7865,113
7866,109
7867,88
7868,109
7869,108
7870,117
7871,100
7872,97
7873,106
7874,119
7875,100
7876,106
7877,126
7878,142
7879,115
7880,112
7881,99
7882,117
7883,117
7884,119
7885,116
7886,104
7887,123
7888,118
7889,108
7890,103
7891,104
7892,101
7893,87
7894,105
7895,106
7896,110
7897,116
7898,118
7899,111
7900,166
7901,101
7902,111
7903,100
7904,87
7905,116
7906,94
7907,93
7908,107
7909,110
7910,121
7911,135
7912,88
7913,96
7914,105
7915,97
7916,118
7917,105
7918,114
7919,115
7920,88
7921,98
7922,106
7923,102
7924,111
7925,105
7926,118
7927,102
7928,105
7929,118
7930,116
7931,105
7932,93
7933,91
7934,80
7935,110
7936,89
7937,96
7938,104
7939,120
7940,94
7941,97
7942,76
7943,116
7944,94
7945,97
7946,102
7947,87
7948,89
7949,125
7950,88
7951,77
7952,99
7953,95
7954,103
7955,108
7956,93
7957,99
7958,98
7959,113
7960,100
7961,93
7962,105
7963,80
7964,105
7965,92
7966,99
7967,89
7968,109
7969,107
7970,124
7971,83
7972,102
7973,106
7974,95
7975,94
7976,130
7977,110
7978,108
7979,146
7980,113
7981,91
7982,103
7983,112
7984,94
7985,112
7986,103
7987,94
7988,103
7989,105
7990,129
7991,109
7992,93
7993,97
7994,108
7995,89
7996,88
7997,114
7998,89
7999,103
8,1
8000,183
8001,136
8002,141
8003,115
8004,149
8005,139
8006,123
8007,165
8008,150
8009,157
8010,164
8011,126
8012,121
8013,154
8014,133
8015,129
8016,128
8017,129
8018,160
8019,124
8020,166
8021,104
8022,147
8023,126
8024,131
8025,147
8026,133
8027,114
8028,131
8029,132
8030,155
8031,142
8032,137
8033,127
8034,115
8035,122
8036,123
8037,114
8038,124
8039,141
804,1
8040,168
8041,134
8042,128
8043,120
8044,122
8045,110
8046,136
8047,128
8048,132
8049,127
8050,178
8051,133
8052,144
8053,101
8054,130
8055,158
8056,110
8057,111
8058,113
8059,127
806,2
8060,152
8061,117
8062,124
8063,135
8064,132
8065,119
8066,139
8067,113
8068,116
8069,129
8070,129
8071,121
8072,107
8073,134
8074,120
8075,113
8076,134
8077,136
8078,131
8079,125
8080,177
8081,153
8082,119
8083,129
8084,130
8085,125
8086,122
8087,127
8088,157
8089,149
8090,145
8091,116
8092,92
8093,111
8094,119
8095,117
8096,120
8097,134
8098,116
8099,132
8100,203
8101,154
8102,115
8103,115
8104,129
8105,123
8106,134
8107,113
8108,119
8109,120
811,1
8110,148
8111,168
8112,136
8113,135
8114,141
8115,125
8116,131
8117,134
8118,149
8119,137
812,1
8120,135
8121,126
8122,134
8123,129
8124,118
8125,132
8126,122
8127,116
8128,151
8129,122
8130,131
8131,135
8132,129
8133,134
8134,125
8135,138
8136,110
8137,114
8138,122
8139,130
814,1
8140,135
8141,139
8142,122
8143,118
8144,141
8145,109
8146,109
8147,104
8148,115
8149,107
815,1
8150,145
8151,128
8152,114
8153,123
8154,114
8155,125
8156,123
8157,112
8158,123
8159,104
8160,123
8161,141
8162,126
8163,124
8164,114
8165,97
8166,128
8167,124
8168,94
8169,136
8170,140
8171,124
8172,129
8173,122
8174,114
8175,113
8176,116
8177,158
8178,119
8179,117
8180,145
8181,159
8182,128
8183,123
8184,124
8185,114
8186,116
8187,109
8188,153
8189,120
8190,124
8191,118
8192,118
8193,120
8194,136
8195,111
8196,117
8197,99
8198,106
8199,122
8200,225
8201,142
8202,131
8203,121
8204,123
8205,132
8206,117
8207,128
8208,111
8209,121
8210,152
8211,136
8212,137
8213,126
8214,114
8215,122
8216,119
8217,123
8218,124
8219,147
8220,161
8221,132
8222,133
8223,131
8224,123
8225,136
8226,133
8227,121
8228,134
8229,150
8230,135
8231,124
8232,120
8233,112
8234,113
8235,113
8236,123
8237,90
8238,123
8239,129
824,1
8240,109
8241,111
8242,125
8243,124
8244,137
8245,124
8246,113
8247,118
8248,97
8249,124
8250,131
8251,135
8252,119
8253,107
8254,103
8255,140
8256,116
8257,105
8258,106
8259,120
8260,105
8261,138
8262,146
8263,119
8264,112
8265,112
8266,108
8267,132
8268,107
8269,121
8270,149
8271,148
8272,110
8273,117
8274,125
8275,106
8276,127
8277,129
8278,113
8279,129
828,1
8280,142
8281,132
8282,146
8283,116
8284,124
8285,130
8286,130
8287,114
8288,134
8289,133
8290,120
8291,104
8292,154
8293,100
8294,90
8295,97
8296,116
8297,115
8298,111
8299,119
83,1
830,1
8300,166
8301,136
8302,120
8303,136
8304,135
8305,109
8306,128
8307,111
8308,129
8309,98
8310,124
8311,117
8312,137
8313,129
8314,111
8315,122
8316,109
8317,111
8318,116
8319,99
8320,149
8321,127
8322,122
8323,117
8324,123
8325,137
8326,119
8327,114
8328,120
8329,99
8330,137
8331,136
8332,116
8333,153
8334,113
8335,143
8336,125
8337,116
8338,119
8339,130
834,1
8340,126
8341,137
8342,109
8343,112
8344,131
8345,117
8346,118
8347,108
8348,127
8349,108
835,2
8350,124
8351,131
8352,119
8353,142
8354,120
8355,131
8356,114
8357,109
8358,108
8359,109
836,1
8360,139
8361,135
8362,110
8363,131
8364,106
8365,140
8366,138
8367,113
8368,110
8369,112
8370,115
8371,113
8372,98
8373,135
8374,113
8375,96
8376,115
8377,108
8378,98
8379,80
8380,125
8381,118
8382,116
8383,122
8384,109
8385,113
8386,112
8387,109
8388,124
8389,112
8390,121
8391,111
8392,94
8393,111
8394,121
8395,127
8396,130
8397,102
8398,113
8399,126
840,1
8400,159
8401,132
8402,109
8403,115
8404,149
8405,114
8406,113
8407,122
8408,119
8409,121
8410,131
8411,140
8412,114
8413,104
8414,108
8415,108
8416,125
8417,95
8418,98
8419,104
8420,133
8421,128
8422,110
8423,109
8424,149
8425,128
8426,122
8427,97
8428,103
8429,123
8430,134
8431,97
8432,135
8433,108
8434,117
8435,111
8436,103
8437,107
8438,134
8439,110
8440,122
8441,116
8442,135
8443,124
8444,123
8445,120
8446,123
8447,131
8448,136
8449,120
8450,119
8451,113
8452,116
8453,111
8454,135
8455,127
8456,119
8457,96
8458,117
8459,107
8460,96
8461,130
8462,116
8463,88
8464,129
8465,130
8466,130
8467,115
8468,124
8469,109
8470,120
8471,119
8472,114
8473,120
8474,144
8475,113
8476,98
8477,125
8478,101
8479,110
8480,129
8481,122
8482,128
8483,112
8484,166
8485,135
8486,114
8487,128
8488,126
8489,90
8490,131
8491,106
8492,113
8493,106
8494,124
8495,110
8496,109
8497,105
8498,124
8499,109
850,1
8500,208
8501,103
8502,109
8503,121
8504,127
8505,139
8506,106
8507,108
8508,108
8509,96
8510,116
8511,134
8512,108
8513,129
8514,115
8515,137
8516,99
8517,113
8518,95
8519,101
852,1
8520,110
8521,120
8522,134
8523,114
8524,136
8525,126
8526,116
8527,102
8528,108
8529,116
8530,105
8531,114
8532,116
8533,125
8534,113
8535,113
8536,87
8537,99
8538,98
8539,105
8540,110
8541,106
8542,92
8543,89
8544,127
8545,123
8546,104
8547,113
8548,108
8549,123
855,1
8550,126
8551,114
8552,118
8553,110
8554,110
8555,144
8556,122
8557,131
8558,144
8559,117
8560,113
8561,117
8562,91
8563,118
8564,99
8565,123
8566,120
8567,93
8568,121
8569,111
857,2
8570,105
8571,98
8572,119
8573,93
8574,79
8575,121
8576,107
8577,131
8578,105
8579,88
8580,107
8581,102
8582,131
8583,107
8584,108
8585,167
8586,120
8587,121
8588,120
8589,119
8590,116
8591,110
8592,81
8593,105
8594,90
8595,132
8596,115
8597,108
8598,104
8599,112
86,1
8600,160
8601,136
8602,116
8603,129
8604,133
8605,132
8606,116
8607,103
8608,129
8609,107
861,1
8610,127
8611,126
8612,127
8613,120
8614,102
8615,100
8616,104
8617,90
8618,114
8619,98
8620,138
8621,113
8622,123
8623,100
8624,101
8625,103
8626,112
8627,109
8628,109
8629,110
863,2
8630,127
8631,106
8632,115
8633,113
8634,130
8635,109
8636,128
8637,102
8638,109
8639,85
8640,110
8641,105
8642,119
8643,109
8644,111
8645,128
8646,122
8647,115
8648,102
8649,114
8650,115
8651,117
8652,96
8653,103
8654,97
8655,114
8656,137
8657,90
8658,105
8659,102
866,1
8660,113
8661,108
8662,124
8663,118
8664,118
8665,117
8666,107
8667,127
8668,116
8669,115
8670,107
8671,89
8672,100
8673,91
8674,84
8675,112
8676,121
8677,113
8678,104
8679,111
8680,120
8681,128
8682,110
8683,104
8684,143
8685,122
8686,131
8687,123
8688,112
8689,93
8690,118
8691,111
8692,101
8693,104
8694,95
8695,98
8696,118
8697,112
8698,106
8699,114
8700,198
8701,91
8702,104
8703,104
8704,113
8705,114
8706,103
8707,120
8708,111
8709,106
8710,128
8711,115
8712,116
8713,116
8714,103
8715,106
8716,99
8717,110
8718,101
8719,92
8720,101
8721,114
8722,101
8723,95
8724,108
8725,111
8726,103
8727,112
8728,110
8729,92
8730,116
8731,89
8732,100
8733,122
8734,114
8735,111
8736,94
8737,113
8738,101
8739,95
874,1
8740,113
8741,101
8742,97
8743,120
8744,121
8745,108
8746,126
8747,118
8748,80
8749,90
875,1
8750,97
8751,107
8752,111
8753,93
8754,119
8755,118
8756,105
8757,98
8758,80
8759,96
8760,91
8761,105
8762,89
8763,97
8764,95
8765,111
8766,115
8767,122
8768,94
8769,111
8770,142
8771,112
8772,115
8773,103
8774,107
8775,98
8776,133
8777,140
8778,131
8779,116
8780,146
8781,124
8782,116
8783,91
8784,119
8785,98
8786,105
8787,143
8788,129
8789,94
8790,115
8791,100
8792,102
8793,98
8794,95
8795,88
8796,85
8797,120
8798,97
8799,106
88,1
8800,147
8801,132
8802,112
8803,119
8804,112
8805,96
8806,114
8807,111
8808,136
8809,120
881,1
8810,125
8811,123
8812,112
8813,116
8814,100
8815,93
8816,139
8817,116
8818,115
8819,117
882,1
8820,100
8821,115
8822,121
8823,116
8824,102
8825,115
8826,101
8827,94
8828,132
8829,87
8830,121
8831,185
8832,110
8833,116
8834,103
8835,103
8836,110
8837,102
8838,137
8839,127
8840,133
8841,111
8842,111
8843,125
8844,131
8845,124
8846,110
8847,116
8848,116
8849,118
8850,117
8851,126
8852,101
8853,119
8854,88
8855,117
8856,113
8857,110
8858,111
8859,111
886,1
8860,100
8861,100
8862,98
8863,89
8864,113
8865,111
8866,113
8867,118
8868,103
8869,96
887,1
8870,99
8871,106
8872,111
8873,111
8874,107
8875,118
8876,123
8877,119
8878,127
8879,108
888,1
8880,143
8881,139
8882,116
8883,112
8884,120
8885,109
8886,105
8887,121
8888,195
8889,105
8890,124
8891,126
8892,126
8893,114
8894,108
8895,90
8896,101
8897,106
8898,140
8899,134
8900,153
8901,99
8902,127
8903,104
8904,98
8905,103
8906,113
8907,98
8908,120
8909,120
8910,121
8911,117
8912,108
8913,112
8914,105
8915,106
8916,99
8917,109
8918,119
8919,113
8920,106
8921,102
8922,115
8923,111
8924,100
8925,112
8926,116
8927,98
8928,86
8929,113
893,1
8930,91
8931,109
8932,110
8933,118
8934,109
8935,94
8936,108
8937,104
8938,123
8939,106
8940,115
8941,126
8942,95
8943,88
8944,114
8945,111
8946,113
8947,115
8948,102
8949,121
895,2
8950,108
8951,94
8952,96
8953,100
8954,104
8955,117
8956,114
8957,95
8958,116
8959,128
8960,106
8961,100
8962,99
8963,113
8964,93
8965,95
8966,112
8967,106
8968,109
8969,111
8970,94
8971,106
8972,97
8973,82
8974,102
8975,100
8976,105
8977,126
8978,108
8979,111
8980,119
8981,110
8982,104
8983,97
8984,101
8985,108
8986,97
8987,107
8988,123
8989,117
8990,130
8991,124
8992,111
8993,109
8994,107
8995,113
8996,105
8997,115
8998,124
8999,121
9,3
900,1
9000,186
9001,137
9002,123
9003,142
9004,137
9005,131
9006,117
9007,136
9008,146
9009,119
9010,150
9011,124
9012,118
9013,122
9014,111
9015,113
9016,130
9017,131
9018,99
9019,122
9020,140
9021,124
9022,103
9023,105
9024,121
9025,106
9026,130
9027,114
9028,117
9029,120
9030,136
9031,114
9032,121
9033,130
9034,113
9035,114
9036,118
9037,119
9038,131
9039,115
904,1
9040,137
9041,113
9042,106
9043,116
9044,113
9045,125
9046,105
9047,108
9048,127
9049,105
9050,179
9051,108
9052,128
9053,124
9054,126
9055,133
9056,114
9057,116
9058,115
9059,113
9060,144
9061,124
9062,119
9063,135
9064,119
9065,122
9066,111
9067,110
9068,127
9069,122
907,1
9070,124
9071,97
9072,120
9073,109
9074,104
9075,117
9076,103
9077,112
9078,107
9079,110
908,2
9080,142
9081,107
9082,108
9083,123
9084,121
9085,103
9086,105
9087,97
9088,118
9089,136
9090,171
9091,122
9092,109
9093,111
9094,126
9095,135
9096,117
9097,114
9098,131
9099,130
91,2
9100,177
9101,137
9102,100
9103,116
9104,108
9105,119
9106,107
9107,107
9108,104
9109,125
911,1
9110,139
9111,147
9112,131
9113,114
9114,123
9115,128
9116,125
9117,126
9118,125
9119,136
9120,105
9121,134
9122,128
9123,140
9124,120
9125,108
9126,118
9127,100
9128,101
9129,117
9130,105
9131,123
9132,114
9133,127
9134,100
9135,107
9136,122
9137,113
9138,121
9139,115
9140,130
9141,117
9142,111
9143,110
9144,125
9145,117
9146,106
9147,99
9148,90
9149,116
9150,120
9151,136
9152,100
9153,117
9154,113
9155,143
9156,117
9157,98
9158,101
9159,110
916,1
9160,113
9161,124
9162,103
9163,109
9164,120
9165,114
9166,120
9167,85
9168,119
9169,108
9170,124
9171,123
9172,108
9173,89
9174,123
9175,119
9176,107
9177,154
9178,106
9179,102
9180,125
9181,128
9182,111
9183,113
9184,116
9185,119
9186,120
9187,109
9188,109
9189,92
9190,141
9191,156
9192,145
9193,123
9194,118
9195,133
9196,138
9197,137
9198,120
9199,133
9200,161
9201,134
9202,132
9203,104
9204,104
9205,106
9206,117
9207,119
9208,112
9209,99
9210,119
9211,131
9212,125
9213,122
9214,104
9215,122
9216,117
9217,115
9218,137
9219,133
9220,141
9221,138
9222,127
9223,122
9224,117
9225,115
9226,125
9227,141
9228,125
9229,142
9230,110
9231,126
9232,132
9233,126
9234,148
9235,124
9236,118
9237,114
9238,93
9239,124
9240,134
9241,106
9242,133
9243,111
9244,122
9245,99
9246,103
9247,107
9248,121
9249,106
9250,130
9251,91
9252,132
9253,126
9254,117
9255,131
9256,106
9257,84
9258,110
9259,92
926,1
9260,115
9261,116
9262,134
9263,100
9264,112
9265,97
9266,120
9267,116
9268,114
9269,127
927,1
9270,120
9271,107
9272,119
9273,111
9274,113
9275,117
9276,116
9277,128
9278,108
9279,116
9280,124
9281,96
9282,109
9283,95
9284,104
9285,115
9286,103
9287,94
9288,133
9289,128
929,1
9290,120
9291,151
9292,146
9293,128
9294,110
9295,117
9296,103
9297,114
9298,109
9299,139
930,1
9300,166
9301,113
9302,128
9303,118
9304,112
9305,132
9306,114
9307,132
9308,116
9309,100
9310,115
9311,153
9312,110
9313,129
9314,104
9315,118
9316,131
9317,127
9318,111
9319,116
9320,113
9321,124
9322,123
9323,136
9324,110
9325,111
9326,116
9327,123
9328,116
9329,106
9330,126
9331,122
9332,127
9333,132
9334,141
9335,133
9336,128
9337,116
9338,123
9339,126
9340,98
9341,114
9342,108
9343,105
9344,122
9345,109
9346,106
9347,107
9348,93
9349,90
9350,125
9351,106
9352,111
9353,107
9354,104
9355,125
9356,117
9357,106
9358,100
9359,99
936,1
9360,118
9361,104
9362,101
9363,120
9364,106
9365,99
9366,112
9367,104
9368,111
9369,89
9370,116
9371,118
9372,91
9373,121
9374,111
9375,88
9376,102
9377,103
9378,100
9379,113
9380,109
9381,110
9382,107
9383,122
9384,104
9385,101
9386,111
9387,113
9388,130
9389,107
9390,138
9391,135
9392,118
9393,151
9394,138
9395,99
9396,92
9397,112
9398,108
9399,126
9400,181
9401,107
9402,104
9403,107
9404,117
9405,118
9406,100
9407,99
9408,113
9409,124
9410,119
9411,141
9412,88
9413,107
9414,127
9415,126
9416,116
9417,112
9418,106
9419,124
9420,120
9421,98
9422,135
9423,93
9424,142
9425,112
9426,115
9427,107
9428,96
9429,93
9430,90
9431,96
9432,114
9433,123
9434,115
9435,108
9436,88
9437,98
9438,105
9439,120
944,1
9440,141
9441,118
9442,119
9443,121
9444,132
9445,121
9446,112
9447,118
9448,109
9449,132
945,1
9450,144
9451,124
9452,109
9453,101
9454,120
9455,145
9456,123
9457,95
9458,92
9459,117
9460,131
9461,88
9462,110
9463,121
9464,117
9465,126
9466,110
9467,125
9468,101
9469,102
9470,108
9471,101
9472,110
9473,96
9474,123
9475,101
9476,99
9477,121
9478,106
9479,117
948,1
9480,124
9481,96
9482,111
9483,109
9484,135
9485,132
9486,107
9487,119
9488,112
9489,122
9490,112
9491,127
9492,129
9493,113
9494,150
9495,136
9496,112
9497,101
9498,113
9499,119
950,1
9500,164
9501,106
9502,120
9503,118
9504,104
9505,129
9506,99
9507,121
9508,120
9509,108
9510,124
9511,119
9512,115
9513,104
9514,126
9515,138
9516,110
9517,112
9518,105
9519,97
9520,115
9521,121
9522,126
9523,120
9524,98
9525,122
9526,103
9527,98
9528,119
9529,119
9530,109
9531,109
9532,110
9533,128
9534,104
9535,118
9536,98
9537,112
9538,101
9539,112
9540,122
9541,112
9542,93
9543,100
9544,118
9545,106
9546,107
9547,117
9548,100
9549,110
9550,132
9551,121
9552,116
9553,107
9554,126
9555,133
9556,118
9557,118
9558,114
9559,114
9560,102
9561,108
9562,88
9563,100
9564,114
9565,133
9566,105
9567,91
9568,98
9569,106
9570,108
9571,106
9572,100
9573,98
9574,96
9575,123
9576,93
9577,121
9578,118
9579,123
958,1
9580,104
9581,100
9582,78
9583,108
9584,111
9585,114
9586,98
9587,96
9588,101
9589,110
9590,128
9591,117
9592,95
9593,109
9594,116
9595,150
9596,115
9597,107
9598,103
9599,128
96,1
9600,183
9601,110
9602,95
9603,108
9604,112
9605,115
9606,117
9607,109
9608,106
9609,101
9610,122
9611,92
9612,99
9613,106
9614,99
9615,119
9616,100
9617,100
9618,112
9619,109
962,1
9620,112
9621,109
9622,121
9623,95
9624,118
9625,113
9626,135
9627,102
9628,98
9629,100
9630,107
9631,105
9632,112
9633,117
9634,104
9635,119
9636,116
9637,110
9638,125
9639,133
9640,93
9641,98
9642,116
9643,115
9644,127
9645,106
9646,108
9647,82
9648,93
9649,106
9650,123
9651,95
9652,102
9653,102
9654,109
9655,107
9656,109
9657,103
9658,92
9659,122
9660,133
9661,114
9662,106
9663,120
9664,117
9665,129
9666,105
9667,108
9668,121
9669,138
9670,119
9671,103
9672,86
9673,115
9674,92
9675,106
9676,95
9677,125
9678,129
9679,105
9680,112
9681,105
9682,128
9683,107
9684,96
9685,101
9686,82
9687,96
9688,131
9689,106
9690,125
9691,120
9692,93
9693,101
9694,114
9695,115
9696,111
9697,104
9698,108
9699,106
9700,171
9701,87
9702,89
9703,99
9704,76
9705,103
9706,105
9707,120
9708,86
9709,100
9710,107
9711,119
9712,87
9713,89
9714,92
9715,87
9716,97
9717,118
9718,84
9719,81
9720,98
9721,103
9722,124
9723,108
9724,104
9725,74
9726,99
9727,126
9728,81
9729,95
9730,101
9731,97
9732,92
9733,124
9734,81
9735,100
9736,93
9737,97
9738,99
9739,101
9740,107
9741,91
9742,104
9743,100
9744,120
9745,97
9746,100
9747,117
9748,94
9749,77
9750,121
9751,95
9752,108
9753,75
9754,101
9755,94
9756,96
9757,107
9758,89
9759,88
976,1
9760,82
9761,70
9762,101
9763,80
9764,106
9765,109
9766,111
9767,102
9768,90
9769,81
977,1
9770,108
9771,104
9772,111
9773,105
9774,110
9775,93
9776,106
9777,120
9778,91
9779,105
9780,99
9781,87
9782,92
9783,107
9784,82
9785,74
9786,87
9787,108
9788,113
9789,100
979,1
9790,115
9791,85
9792,118
9793,105
9794,101
9795,115
9796,92
9797,115
9798,108
9799,104
9800,136
9801,104
9802,92
9803,94
9804,88
9805,90
9806,104
9807,96
9808,90
9809,89
9810,101
9811,116
9812,87
9813,90
9814,93
9815,81
9816,96
9817,100
9818,116
9819,114
9820,105
9821,94
9822,98
9823,85
9824,104
9825,119
9826,80
9827,79
9828,104
9829,95
983,1
9830,92
9831,75
9832,97
9833,93
9834,93
9835,96
9836,94
9837,88
9838,115
9839,102
9840,103
9841,97
9842,85
9843,86
9844,102
9845,96
9846,85
9847,81
9848,117
9849,90
9850,94
9851,85
9852,95
9853,80
9854,77
9855,109
9856,94
9857,89
9858,106
9859,98
986,1
9860,102
9861,76
9862,90
9863,105
9864,99
9865,102
9866,105
9867,92
9868,95
9869,89
9870,105
9871,111
9872,82
9873,87
9874,80
9875,84
9876,89
9877,104
9878,120
9879,89
9880,117
9881,109
9882,104
9883,103
9884,102
9885,106
9886,110
9887,115
9888,106
9889,97
989,1
9890,122
9891,101
9892,85
9893,117
9894,94
9895,85
9896,88
9897,107
9898,121
9899,101
9900,147
9901,121
9902,108
9903,88
9904,102
9905,86
9906,99
9907,97
9908,109
9909,138
9910,115
9911,112
9912,144
9913,109
9914,119
9915,100
9916,96
9917,106
9918,87
9919,125
992,1
9920,111
9921,85
9922,125
9923,92
9924,91
9925,94
9926,107
9927,108
9928,106
9929,107
9930,93
9931,99
9932,100
9933,136
9934,88
9935,109
9936,95
9937,82
9938,85
9939,96
994,1
9940,105
9941,80
9942,106
9943,108
9944,103
9945,95
9946,95
9947,105
9948,93
9949,93
9950,114
9951,90
9952,94
9953,90
9954,89
9955,114
9956,87
9957,105
9958,100
9959,114
996,1
9960,106
9961,82
9962,100
9963,89
9964,96
9965,71
9966,101
9967,100
9968,99
9969,104
9970,90
9971,112
9972,83
9973,104
9974,87
9975,112
9976,108
9977,125
9978,90
9979,124
9980,105
9981,108
9982,102
9983,97
9984,108
9985,104
9986,106
9987,100
9988,126
9989,116
9990,132
9991,116
9992,105
9993,126
9994,101
9995,99
9996,102
9997,131
9998,123
9999,138
