AgeRegistered,Count
-1980.55,1
-1956.76,1
-1798.84,1
-1798.33,1
-1789.93,1
-1781.86,1
-1773,1
-1762.88,1
-1754.3,1
-1744.79,1
-1731.03,1
-1727.93,1
-804.03,1
-785.89,1
-195.82,1
-190.57,1
-184.18,1
-180.39,1
-179.33,1
-176.81,1
-172.11,1
-171.94,1
-170.42,1
-170.3,1
-165.31,1
-157.29,1
-156.23,1
-155.88,1
-154.26,1
-147.31,1
-131.13,1
-91.01,1
-81.41,1
-80.8,1
-77.01,1
-75.75,1
-75.6,1
-75.59,1
-75.56,1
-75.53,1
-75.36,1
-75.24,1
-75.12,1
-75.11,1
-74.94,1
-74.83,1
-74.76,1
-74.68,1
-74.57,1
-74.38,1
-74.33,1
-74.11,1
-73.52,1
-73.31,1
-73.03,1
-72.64,1
-71.74,1
-71.12,1
-71.11,1
-71.04,1
-70.63,1
-69.6,1
-69.53,1
-68.18,1
-68.14,1
-68.09,1
-68.05,1
-68.03,1
-66.52,1
-66.07,1
-65.83,1
-65.76,1
-65.57,1
-65.45,1
-65.44,1
-65.38,1
-64.88,1
-64.87,2
-64.85,1
-64.55,1
-64.34,1
-64.19,1
-63.64,1
-63.5,1
-63.47,1
-63.1,1
-63,1
-62.7,1
-62.68,1
-62.63,1
-61.89,1
-61.86,1
-61.62,1
-61.33,1
-61.19,1
-60.89,1
-60.82,1
-60.76,1
-60.11,1
-59.91,1
-59.81,1
-59.68,1
-59.67,1
-59.56,1
-59.36,1
-59.02,1
-58.69,1
-58.68,1
-58.64,1
-58.16,1
-58.07,1
-57.98,1
-57.89,1
-57.67,1
-57.66,1
-57.59,1
-57.37,1
-57.32,1
-57.08,1
-56.41,1
-56.37,1
-56.3,1
-55.92,1
-55.74,1
-55.71,1
-55.51,1
-55.14,1
-55.08,1
-54.93,1
-54.81,1
-54.45,1
-54.28,1
-54.11,1
-54.09,1
-53.85,1
-53.82,1
-53.78,1
-53.76,1
-53.6,1
-53.56,2
-53.54,1
-53.43,1
-53.36,1
-52.96,1
-52.51,1
-52.44,1
-51.91,1
-51.78,1
-51.73,1
-51.62,1
-51.61,1
-51.39,1
-51.37,1
-51.31,1
-51.21,1
-51.05,1
-50.72,1
-50.54,1
-50.33,1
-50.22,1
-49.63,1
-49.57,1
-49.52,1
-49.38,1
-49.3,1
-49.26,1
-49.17,1
-49.07,1
-48.98,1
-48.63,1
-47.85,1
-47.69,1
-47.54,1
-47.53,1
-47.23,1
-46.76,1
-46.61,1
-46.55,1
-46.44,1
-46.24,1
-46.19,1
-45.02,1
-44.71,1
-44.49,1
-44.03,1
-44.01,1
-43.79,1
-43.73,1
-43.65,1
-43.58,1
-43.22,1
-43.11,1
-42.88,1
-42.8,2
-42.6,1
-42.34,1
-42.07,1
-41.78,1
-41.53,1
-41.52,1
-41.4,1
-41.12,1
-41.05,1
-40.92,1
-40.33,1
-40.08,1
-39.93,1
-39.79,1
-39.78,1
-39.69,1
-39.63,1
-39.12,1
-39.08,1
-38.84,1
-38.83,1
-38.18,1
-37.41,1
-37.38,1
-36.97,1
-36.94,1
-36.56,1
-36.55,1
-36.53,1
-36.42,1
-36.13,1
-36.05,1
-34.42,1
-33.7,1
-33.21,1
-32.45,1
-31.75,1
-30.87,1
-30,1
-28.45,1
-27.9,1
-27.02,1
-26.51,1
-24.44,1
-23.24,1
-20.47,1
-17.69,1
-13.03,1
-12.07,2
-11.65,1
-9.37,1
-7.46,1
-7.16,1
-6.27,1
-5.54,1
-2.96,1
-2.94,1
-2.42,1
-2.3,1
-2.2,1
-2.09,1
-1.95,1
-1.87,1
-1.85,1
-1.69,1
-1.52,1
-1.38,1
-1.37,1
-1.22,1
-0.93,1
-0.86,1
-0.61,1
-0.42,1
-0.41,1
-0.27,1
-0.2,1
-0.11,1
-0.1,2
-0.08,1
-0.04,1
-0.03,1
-0.02,1
-0.01,3
0,59
0.01,2
0.02,3
0.03,2
0.1,2
0.15,1
0.16,1
0.17,1
0.19,1
0.22,1
0.25,1
0.26,1
0.28,1
0.39,1
0.41,1
0.42,1
0.43,2
0.46,1
0.47,1
0.52,1
0.57,1
0.59,1
0.6,1
0.61,1
0.65,1
0.75,1
0.96,1
1.13,1
1.14,1
1.25,1
1.3,2
1.54,1
1.77,1
1.78,1
1.98,1
2.81,1
3.04,1
3.71,1
3.78,1
4.28,1
4.38,1
4.85,1
4.95,1
5.88,1
6.14,1
6.36,1
6.38,1
6.52,1
6.79,1
6.87,1
7.12,1
7.73,1
7.81,1
8.23,1
8.33,2
8.41,1
9.01,1
9.25,1
9.31,1
9.34,1
9.42,1
9.44,1
9.66,1
10.15,2
10.27,1
10.8,1
10.99,2
11.04,1
11.13,1
11.79,1
11.93,1
11.94,1
12.08,1
12.16,1
12.61,1
12.65,1
12.83,1
12.85,1
12.88,1
12.96,1
13.22,1
13.3,1
13.31,1
13.61,1
13.62,1
13.64,1
13.7,1
13.78,1
13.85,1
13.98,1
13.99,1
14.08,1
14.1,1
14.15,1
14.36,1
14.44,1
14.48,1
14.52,1
14.59,1
14.66,1
14.72,1
14.75,1
14.76,1
14.91,1
14.99,1
15.03,1
15.1,1
15.12,1
15.18,1
15.21,1
15.37,1
15.47,1
15.58,1
15.61,1
15.63,1
15.65,1
15.71,1
15.73,1
15.74,1
15.78,1
15.81,2
15.94,1
15.95,2
15.96,1
15.98,2
15.99,2
16,1
16.02,1
16.04,2
16.06,3
16.08,1
16.09,3
16.1,1
16.11,1
16.12,3
16.13,4
16.15,1
16.16,2
16.17,2
16.18,1
16.19,1
16.2,1
16.21,1
16.22,1
16.23,1
16.25,2
16.26,1
16.28,2
16.29,1
16.3,3
16.31,1
16.32,1
16.33,3
16.34,2
16.35,1
16.36,1
16.38,1
16.39,2
16.41,1
16.42,3
16.43,2
16.44,1
16.46,1
16.47,2
16.48,1
16.49,1
16.5,2
16.51,1
16.52,2
16.53,2
16.54,3
16.56,1
16.57,3
16.59,1
16.6,3
16.61,3
16.63,2
16.64,2
16.65,2
16.66,2
16.67,3
16.68,3
16.69,1
16.7,4
16.71,4
16.72,1
16.73,4
16.74,3
16.75,2
16.76,3
16.77,3
16.78,3
16.79,1
16.8,4
16.81,2
16.82,2
16.84,5
16.85,3
16.86,6
16.87,7
16.88,3
16.89,3
16.9,3
16.91,11
16.92,2
16.93,7
16.94,9
16.95,5
16.96,5
16.97,10
16.98,3
16.99,7
17,540
17.01,669
17.02,634
17.03,463
17.04,320
17.05,427
17.06,324
17.07,384
17.08,392
17.09,282
17.1,343
17.11,333
17.12,241
17.13,372
17.14,298
17.15,255
17.16,324
17.17,305
17.18,233
17.19,341
17.2,329
17.21,274
17.22,344
17.23,348
17.24,247
17.25,330
17.26,335
17.27,289
17.28,303
17.29,281
17.3,357
17.31,329
17.32,255
17.33,375
17.34,371
17.35,233
17.36,397
17.37,330
17.38,280
17.39,323
17.4,382
17.41,287
17.42,402
17.43,349
17.44,304
17.45,390
17.46,438
17.47,278
17.48,407
17.49,412
17.5,307
17.51,405
17.52,398
17.53,331
17.54,441
17.55,327
17.56,466
17.57,434
17.58,324
17.59,468
17.6,434
17.61,362
17.62,428
17.63,480
17.64,321
17.65,531
17.66,467
17.67,382
17.68,463
17.69,507
17.7,385
17.71,530
17.72,532
17.73,395
17.74,567
17.75,543
17.76,392
17.77,582
17.78,409
17.79,588
17.8,607
17.81,447
17.82,668
17.83,617
17.84,518
17.85,654
17.86,780
17.87,565
17.88,830
17.89,757
17.9,634
17.91,849
17.92,1029
17.93,770
17.94,1225
17.95,1620
17.96,1187
17.97,1786
17.98,1750
17.99,1544
18,15200
18.01,4224
18.02,4454
18.03,4225
18.04,2792
18.05,3762
18.06,3382
18.07,2670
18.08,3146
18.09,3263
18.1,2112
18.11,2929
18.12,2639
18.13,2079
18.14,2464
18.15,2634
18.16,1857
18.17,2451
18.18,2324
18.19,1748
18.2,2133
18.21,2231
18.22,1610
18.23,2070
18.24,1467
18.25,2045
18.26,2106
18.27,1419
18.28,1954
18.29,1885
18.3,1480
18.31,1777
18.32,1939
18.33,1276
18.34,1827
18.35,1661
18.36,1360
18.37,1582
18.38,1685
18.39,1269
18.4,1689
18.41,1559
18.42,1214
18.43,1560
18.44,1529
18.45,1131
18.46,1564
18.47,1143
18.48,1441
18.49,1576
18.5,1111
18.51,1498
18.52,1399
18.53,1121
18.54,1302
18.55,1492
18.56,949
18.57,1354
18.58,1315
18.59,1007
18.6,1228
18.61,1321
18.62,979
18.63,1296
18.64,1175
18.65,956
18.66,1181
18.67,1220
18.68,943
18.69,1176
18.7,1264
18.71,816
18.72,1193
18.73,803
18.74,1243
18.75,1090
18.76,873
18.77,1122
18.78,1144
18.79,777
18.8,1144
18.81,971
18.82,854
18.83,1054
18.84,1039
18.85,723
18.86,1077
18.87,1014
18.88,808
18.89,1030
18.9,1071
18.91,779
18.92,1079
18.93,1072
18.94,796
18.95,1076
18.96,777
18.97,1037
18.98,1108
18.99,1032
19,1320
19.01,1301
19.02,727
19.03,1032
19.04,945
19.05,828
19.06,901
19.07,950
19.08,701
19.09,949
19.1,866
19.11,641
19.12,878
19.13,819
19.14,650
19.15,880
19.16,891
19.17,623
19.18,876
19.19,623
19.2,886
19.21,876
19.22,652
19.23,839
19.24,904
19.25,583
19.26,909
19.27,772
19.28,613
19.29,814
19.3,825
19.31,605
19.32,900
19.33,792
19.34,599
19.35,826
19.36,820
19.37,610
19.38,785
19.39,832
19.4,577
19.41,845
19.42,581
19.43,821
19.44,723
19.45,610
19.46,761
19.47,809
19.48,540
19.49,799
19.5,719
19.51,634
19.52,712
19.53,749
19.54,555
19.55,743
19.56,729
19.57,593
19.58,750
19.59,715
19.6,543
19.61,698
19.62,720
19.63,495
19.64,751
19.65,513
19.66,721
19.67,737
19.68,523
19.69,599
19.7,678
19.71,447
19.72,613
19.73,649
19.74,528
19.75,585
19.76,628
19.77,446
19.78,614
19.79,616
19.8,464
19.81,638
19.82,586
19.83,486
19.84,624
19.85,612
19.86,431
19.87,609
19.88,468
19.89,628
19.9,640
19.91,503
19.92,589
19.93,642
19.94,445
19.95,682
19.96,558
19.97,491
19.98,674
19.99,877
20,770
20.01,822
20.02,741
20.03,568
20.04,643
20.05,641
20.06,464
20.07,617
20.08,616
20.09,372
20.1,583
20.11,501
20.12,416
20.13,513
20.14,410
20.15,529
20.16,517
20.17,382
20.18,577
20.19,472
20.2,407
20.21,477
20.22,523
20.23,379
20.24,503
20.25,505
20.26,361
20.27,500
20.28,492
20.29,370
20.3,469
20.31,543
20.32,348
20.33,480
20.34,432
20.35,376
20.36,458
20.37,401
20.38,465
20.39,463
20.4,367
20.41,517
20.42,460
20.43,353
20.44,424
20.45,475
20.46,316
20.47,503
20.48,500
20.49,350
20.5,490
20.51,482
20.52,346
20.53,443
20.54,486
20.55,354
20.56,458
20.57,439
20.58,348
20.59,421
20.6,341
20.61,469
20.62,477
20.63,353
20.64,522
20.65,452
20.66,337
20.67,425
20.68,485
20.69,351
20.7,460
20.71,440
20.72,387
20.73,434
20.74,472
20.75,330
20.76,473
20.77,437
20.78,335
20.79,457
20.8,423
20.81,354
20.82,424
20.83,331
20.84,454
20.85,432
20.86,304
20.87,450
20.88,418
20.89,332
20.9,447
20.91,461
20.92,309
20.93,415
20.94,472
20.95,301
20.96,439
20.97,401
20.98,372
20.99,491
21,6890
21.01,6563
21.02,5230
21.03,3370
21.04,2018
21.05,2290
21.06,1635
21.07,1912
21.08,1832
21.09,1199
21.1,1541
21.11,1321
21.12,952
21.13,1088
21.14,1013
21.15,679
21.16,869
21.17,792
21.18,547
21.19,733
21.2,701
21.21,472
21.22,639
21.23,641
21.24,415
21.25,599
21.26,584
21.27,413
21.28,587
21.29,448
21.3,508
21.31,518
21.32,344
21.33,541
21.34,460
21.35,421
21.36,470
21.37,463
21.38,326
21.39,459
21.4,439
21.41,387
21.42,464
21.43,453
21.44,346
21.45,436
21.46,460
21.47,337
21.48,490
21.49,419
21.5,314
21.51,439
21.52,454
21.53,343
21.54,437
21.55,343
21.56,392
21.57,388
21.58,302
21.59,419
21.6,402
21.61,331
21.62,424
21.63,419
21.64,305
21.65,453
21.66,435
21.67,289
21.68,415
21.69,432
21.7,276
21.71,445
21.72,437
21.73,301
21.74,392
21.75,401
21.76,246
21.77,430
21.78,320
21.79,427
21.8,383
21.81,305
21.82,407
21.83,441
21.84,299
21.85,445
21.86,419
21.87,320
21.88,436
21.89,456
21.9,308
21.91,446
21.92,445
21.93,305
21.94,448
21.95,397
21.96,339
21.97,431
21.98,504
21.99,393
22,660
22.01,376
22.02,513
22.03,470
22.04,367
22.05,400
22.06,433
22.07,324
22.08,479
22.09,398
22.1,352
22.11,419
22.12,436
22.13,321
22.14,439
22.15,444
22.16,286
22.17,416
22.18,412
22.19,343
22.2,392
22.21,428
22.22,306
22.23,434
22.24,303
22.25,484
22.26,419
22.27,310
22.28,368
22.29,451
22.3,323
22.31,432
22.32,423
22.33,307
22.34,432
22.35,452
22.36,319
22.37,404
22.38,404
22.39,291
22.4,421
22.41,403
22.42,309
22.43,423
22.44,468
22.45,293
22.46,423
22.47,322
22.48,429
22.49,394
22.5,367
22.51,403
22.52,418
22.53,298
22.54,453
22.55,415
22.56,311
22.57,439
22.58,445
22.59,336
22.6,425
22.61,429
22.62,290
22.63,424
22.64,444
22.65,316
22.66,432
22.67,430
22.68,294
22.69,449
22.7,448
22.71,341
22.72,406
22.73,320
22.74,438
22.75,419
22.76,307
22.77,457
22.78,423
22.79,335
22.8,419
22.81,469
22.82,318
22.83,465
22.84,473
22.85,344
22.86,461
22.87,420
22.88,393
22.89,457
22.9,477
22.91,336
22.92,538
22.93,473
22.94,370
22.95,512
22.96,411
22.97,566
22.98,597
22.99,510
23,878
23.01,743
23.02,488
23.03,598
23.04,591
23.05,405
23.06,548
23.07,517
23.08,335
23.09,539
23.1,480
23.11,377
23.12,445
23.13,489
23.14,375
23.15,476
23.16,459
23.17,382
23.18,467
23.19,373
23.2,489
23.21,476
23.22,360
23.23,451
23.24,501
23.25,337
23.26,458
23.27,498
23.28,359
23.29,459
23.3,465
23.31,329
23.32,488
23.33,448
23.34,340
23.35,495
23.36,501
23.37,350
23.38,468
23.39,445
23.4,384
23.41,411
23.42,371
23.43,489
23.44,463
23.45,356
23.46,482
23.47,472
23.48,358
23.49,464
23.5,465
23.51,335
23.52,446
23.53,494
23.54,347
23.55,471
23.56,436
23.57,400
23.58,452
23.59,490
23.6,360
23.61,477
23.62,467
23.63,365
23.64,470
23.65,396
23.66,453
23.67,488
23.68,332
23.69,514
23.7,464
23.71,355
23.72,484
23.73,473
23.74,384
23.75,495
23.76,543
23.77,330
23.78,501
23.79,486
23.8,386
23.81,466
23.82,520
23.83,370
23.84,469
23.85,485
23.86,403
23.87,504
23.88,376
23.89,507
23.9,548
23.91,359
23.92,557
23.93,483
23.94,453
23.95,576
23.96,608
23.97,467
23.98,651
23.99,892
24,835
24.01,772
24.02,689
24.03,477
24.04,635
24.05,611
24.06,423
24.07,586
24.08,555
24.09,407
24.1,525
24.11,563
24.12,396
24.13,516
24.14,378
24.15,539
24.16,491
24.17,431
24.18,512
24.19,518
24.2,380
24.21,513
24.22,515
24.23,355
24.24,514
24.25,479
24.26,419
24.27,463
24.28,545
24.29,349
24.3,502
24.31,478
24.32,395
24.33,485
24.34,489
24.35,399
24.36,488
24.37,341
24.38,474
24.39,465
24.4,375
24.41,509
24.42,488
24.43,379
24.44,509
24.45,453
24.46,345
24.47,468
24.48,518
24.49,422
24.5,502
24.51,489
24.52,354
24.53,502
24.54,535
24.55,390
24.56,489
24.57,501
24.58,319
24.59,541
24.6,353
24.61,494
24.62,492
24.63,380
24.64,459
24.65,493
24.66,399
24.67,517
24.68,509
24.69,355
24.7,531
24.71,489
24.72,341
24.73,503
24.74,494
24.75,344
24.76,510
24.77,516
24.78,399
24.79,485
24.8,489
24.81,355
24.82,486
24.83,356
24.84,520
24.85,490
24.86,378
24.87,544
24.88,532
24.89,408
24.9,527
24.91,533
24.92,384
24.93,525
24.94,514
24.95,407
24.96,548
24.97,621
24.98,467
24.99,722
25,747
25.01,572
25.02,618
25.03,582
25.04,473
25.05,587
25.06,383
25.07,563
25.08,541
25.09,445
25.1,583
25.11,512
25.12,384
25.13,566
25.14,534
25.15,387
25.16,558
25.17,566
25.18,435
25.19,520
25.2,553
25.21,378
25.22,571
25.23,452
25.24,422
25.25,488
25.26,543
25.27,360
25.28,535
25.29,378
25.3,497
25.31,500
25.32,390
25.33,507
25.34,490
25.35,401
25.36,518
25.37,547
25.38,358
25.39,487
25.4,495
25.41,396
25.42,498
25.43,490
25.44,340
25.45,525
25.46,500
25.47,426
25.48,491
25.49,504
25.5,375
25.51,495
25.52,470
25.53,363
25.54,492
25.55,362
25.56,533
25.57,486
25.58,343
25.59,537
25.6,517
25.61,362
25.62,534
25.63,498
25.64,407
25.65,501
25.66,531
25.67,391
25.68,525
25.69,489
25.7,402
25.71,524
25.72,531
25.73,358
25.74,520
25.75,502
25.76,410
25.77,525
25.78,373
25.79,561
25.8,519
25.81,388
25.82,532
25.83,534
25.84,411
25.85,508
25.86,493
25.87,394
25.88,509
25.89,544
25.9,405
25.91,516
25.92,597
25.93,419
25.94,570
25.95,570
25.96,438
25.97,646
25.98,642
25.99,555
26,813
26.01,548
26.02,659
26.03,634
26.04,465
26.05,592
26.06,576
26.07,416
26.08,546
26.09,527
26.1,418
26.11,552
26.12,549
26.13,368
26.14,548
26.15,531
26.16,409
26.17,474
26.18,540
26.19,389
26.2,543
26.21,529
26.22,417
26.23,514
26.24,415
26.25,515
26.26,541
26.27,391
26.28,523
26.29,499
26.3,368
26.31,543
26.32,550
26.33,377
26.34,537
26.35,527
26.36,396
26.37,554
26.38,551
26.39,403
26.4,472
26.41,525
26.42,356
26.43,530
26.44,495
26.45,426
26.46,504
26.47,412
26.48,533
26.49,537
26.5,370
26.51,513
26.52,542
26.53,406
26.54,509
26.55,534
26.56,413
26.57,510
26.58,572
26.59,398
26.6,532
26.61,522
26.62,429
26.63,530
26.64,539
26.65,380
26.66,553
26.67,557
26.68,432
26.69,532
26.7,534
26.71,400
26.72,509
26.73,408
26.74,534
26.75,546
26.76,381
26.77,511
26.78,516
26.79,455
26.8,528
26.81,546
26.82,401
26.83,536
26.84,529
26.85,409
26.86,569
26.87,583
26.88,459
26.89,638
26.9,681
26.91,506
26.92,659
26.93,744
26.94,584
26.95,797
26.96,708
26.97,1022
26.98,1209
26.99,1314
27,2703
27.01,2118
27.02,1207
27.03,1288
27.04,1262
27.05,790
27.06,1035
27.07,979
27.08,738
27.09,774
27.1,867
27.11,535
27.12,780
27.13,686
27.14,473
27.15,667
27.16,630
27.17,467
27.18,615
27.19,478
27.2,619
27.21,608
27.22,451
27.23,563
27.24,552
27.25,415
27.26,574
27.27,583
27.28,438
27.29,569
27.3,537
27.31,410
27.32,544
27.33,549
27.34,386
27.35,525
27.36,564
27.37,394
27.38,529
27.39,512
27.4,446
27.41,518
27.42,387
27.43,504
27.44,507
27.45,380
27.46,509
27.47,530
27.48,392
27.49,512
27.5,509
27.51,381
27.52,530
27.53,503
27.54,407
27.55,538
27.56,521
27.57,410
27.58,484
27.59,498
27.6,414
27.61,555
27.62,504
27.63,387
27.64,515
27.65,380
27.66,518
27.67,522
27.68,369
27.69,524
27.7,491
27.71,404
27.72,511
27.73,553
27.74,366
27.75,533
27.76,470
27.77,388
27.78,532
27.79,560
27.8,372
27.81,543
27.82,517
27.83,375
27.84,518
27.85,545
27.86,383
27.87,525
27.88,426
27.89,566
27.9,602
27.91,473
27.92,636
27.93,607
27.94,469
27.95,610
27.96,735
27.97,583
27.98,956
27.99,1275
28,1463
28.01,1211
28.02,1021
28.03,607
28.04,823
28.05,681
28.06,511
28.07,685
28.08,712
28.09,466
28.1,603
28.11,569
28.12,416
28.13,581
28.14,441
28.15,572
28.16,568
28.17,430
28.18,586
28.19,577
28.2,415
28.21,551
28.22,522
28.23,434
28.24,571
28.25,605
28.26,429
28.27,537
28.28,528
28.29,370
28.3,490
28.31,543
28.32,361
28.33,503
28.34,481
28.35,358
28.36,537
28.37,384
28.38,524
28.39,515
28.4,394
28.41,502
28.42,516
28.43,420
28.44,500
28.45,521
28.46,425
28.47,484
28.48,497
28.49,416
28.5,525
28.51,487
28.52,398
28.53,502
28.54,525
28.55,417
28.56,505
28.57,490
28.58,362
28.59,535
28.6,334
28.61,545
28.62,486
28.63,391
28.64,530
28.65,521
28.66,345
28.67,541
28.68,489
28.69,378
28.7,468
28.71,531
28.72,418
28.73,518
28.74,544
28.75,375
28.76,519
28.77,493
28.78,369
28.79,516
28.8,519
28.81,366
28.82,496
28.83,378
28.84,525
28.85,547
28.86,408
28.87,505
28.88,569
28.89,424
28.9,597
28.91,559
28.92,442
28.93,562
28.94,646
28.95,463
28.96,640
28.97,679
28.98,587
28.99,1023
29,1320
29.01,807
29.02,866
29.03,772
29.04,534
29.05,687
29.06,470
29.07,667
29.08,604
29.09,426
29.1,592
29.11,594
29.12,430
29.13,573
29.14,569
29.15,401
29.16,543
29.17,529
29.18,418
29.19,573
29.2,498
29.21,430
29.22,543
29.23,542
29.24,420
29.25,500
29.26,518
29.27,409
29.28,520
29.29,346
29.3,556
29.31,541
29.32,431
29.33,531
29.34,504
29.35,373
29.36,486
29.37,516
29.38,388
29.39,497
29.4,547
29.41,398
29.42,517
29.43,482
29.44,402
29.45,532
29.46,499
29.47,389
29.48,478
29.49,475
29.5,367
29.51,530
29.52,503
29.53,419
29.54,527
29.55,410
29.56,533
29.57,530
29.58,389
29.59,513
29.6,513
29.61,409
29.62,545
29.63,503
29.64,405
29.65,490
29.66,493
29.67,389
29.68,540
29.69,520
29.7,424
29.71,545
29.72,525
29.73,364
29.74,579
29.75,528
29.76,431
29.77,522
29.78,415
29.79,498
29.8,521
29.81,379
29.82,545
29.83,528
29.84,404
29.85,543
29.86,583
29.87,434
29.88,604
29.89,530
29.9,409
29.91,582
29.92,616
29.93,459
29.94,611
29.95,626
29.96,510
29.97,757
29.98,845
29.99,819
30,1426
30.01,828
30.02,865
30.03,751
30.04,525
30.05,679
30.06,655
30.07,495
30.08,619
30.09,635
30.1,405
30.11,555
30.12,562
30.13,402
30.14,584
30.15,558
30.16,421
30.17,531
30.18,577
30.19,390
30.2,541
30.21,527
30.22,407
30.23,571
30.24,401
30.25,544
30.26,541
30.27,385
30.28,514
30.29,472
30.3,402
30.31,541
30.32,555
30.33,403
30.34,544
30.35,512
30.36,376
30.37,509
30.38,526
30.39,408
30.4,532
30.41,538
30.42,382
30.43,525
30.44,494
30.45,398
30.46,453
30.47,411
30.48,454
30.49,530
30.5,368
30.51,532
30.52,467
30.53,395
30.54,509
30.55,486
30.56,382
30.57,553
30.58,515
30.59,420
30.6,535
30.61,498
30.62,372
30.63,527
30.64,527
30.65,426
30.66,519
30.67,542
30.68,392
30.69,524
30.7,476
30.71,357
30.72,488
30.73,361
30.74,513
30.75,550
30.76,425
30.77,488
30.78,581
30.79,409
30.8,527
30.81,518
30.82,394
30.83,514
30.84,507
30.85,399
30.86,531
30.87,558
30.88,402
30.89,524
30.9,521
30.91,434
30.92,539
30.93,599
30.94,413
30.95,587
30.96,455
30.97,672
30.98,691
30.99,683
31,1018
31.01,856
31.02,511
31.03,650
31.04,657
31.05,468
31.06,617
31.07,577
31.08,441
31.09,575
31.1,580
31.11,405
31.12,556
31.13,524
31.14,412
31.15,527
31.16,506
31.17,418
31.18,572
31.19,383
31.2,543
31.21,528
31.22,389
31.23,501
31.24,555
31.25,345
31.26,558
31.27,533
31.28,380
31.29,565
31.3,503
31.31,385
31.32,490
31.33,532
31.34,402
31.35,511
31.36,529
31.37,420
31.38,559
31.39,561
31.4,354
31.41,506
31.42,363
31.43,538
31.44,508
31.45,393
31.46,485
31.47,516
31.48,390
31.49,499
31.5,500
31.51,389
31.52,496
31.53,520
31.54,362
31.55,521
31.56,500
31.57,336
31.58,536
31.59,499
31.6,434
31.61,529
31.62,543
31.63,355
31.64,534
31.65,410
31.66,506
31.67,486
31.68,415
31.69,506
31.7,550
31.71,404
31.72,556
31.73,512
31.74,372
31.75,576
31.76,542
31.77,374
31.78,541
31.79,528
31.8,386
31.81,515
31.82,527
31.83,401
31.84,504
31.85,548
31.86,423
31.87,564
31.88,404
31.89,544
31.9,540
31.91,421
31.92,600
31.93,624
31.94,456
31.95,683
31.96,613
31.97,577
31.98,868
31.99,1348
32,1216
32.01,1035
32.02,831
32.03,553
32.04,695
32.05,653
32.06,499
32.07,636
32.08,607
32.09,451
32.1,627
32.11,593
32.12,471
32.13,560
32.14,414
32.15,542
32.16,537
32.17,402
32.18,485
32.19,505
32.2,407
32.21,491
32.22,496
32.23,379
32.24,534
32.25,544
32.26,398
32.27,543
32.28,503
32.29,407
32.3,515
32.31,518
32.32,388
32.33,496
32.34,459
32.35,370
32.36,453
32.37,387
32.38,493
32.39,501
32.4,380
32.41,536
32.42,522
32.43,365
32.44,503
32.45,510
32.46,351
32.47,491
32.48,482
32.49,376
32.5,485
32.51,507
32.52,377
32.53,498
32.54,507
32.55,327
32.56,488
32.57,486
32.58,371
32.59,491
32.6,423
32.61,517
32.62,509
32.63,368
32.64,462
32.65,557
32.66,400
32.67,483
32.68,521
32.69,394
32.7,500
32.71,538
32.72,360
32.73,516
32.74,530
32.75,407
32.76,478
32.77,496
32.78,345
32.79,520
32.8,527
32.81,367
32.82,488
32.83,400
32.84,535
32.85,532
32.86,383
32.87,559
32.88,536
32.89,429
32.9,599
32.91,544
32.92,474
32.93,621
32.94,669
32.95,483
32.96,726
32.97,820
32.98,673
32.99,1109
33,1746
33.01,987
33.02,1039
33.03,920
33.04,644
33.05,752
33.06,567
33.07,711
33.08,698
33.09,504
33.1,674
33.11,638
33.12,416
33.13,563
33.14,570
33.15,460
33.16,591
33.17,599
33.18,418
33.19,549
33.2,539
33.21,413
33.22,523
33.23,542
33.24,355
33.25,554
33.26,530
33.27,374
33.28,511
33.29,399
33.3,496
33.31,522
33.32,411
33.33,498
33.34,489
33.35,391
33.36,487
33.37,480
33.38,378
33.39,492
33.4,497
33.41,368
33.42,480
33.43,463
33.44,386
33.45,516
33.46,516
33.47,332
33.48,516
33.49,468
33.5,367
33.51,466
33.52,509
33.53,376
33.54,479
33.55,363
33.56,538
33.57,505
33.58,395
33.59,526
33.6,518
33.61,351
33.62,510
33.63,484
33.64,361
33.65,508
33.66,466
33.67,367
33.68,523
33.69,516
33.7,385
33.71,491
33.72,489
33.73,378
33.74,447
33.75,491
33.76,348
33.77,495
33.78,397
33.79,525
33.8,475
33.81,345
33.82,507
33.83,518
33.84,385
33.85,521
33.86,507
33.87,399
33.88,531
33.89,512
33.9,398
33.91,535
33.92,561
33.93,414
33.94,605
33.95,602
33.96,468
33.97,618
33.98,745
33.99,788
34,1264
34.01,729
34.02,824
34.03,694
34.04,512
34.05,641
34.06,625
34.07,476
34.08,575
34.09,614
34.1,429
34.11,579
34.12,568
34.13,411
34.14,490
34.15,566
34.16,362
34.17,520
34.18,480
34.19,375
34.2,517
34.21,536
34.22,378
34.23,496
34.24,390
34.25,493
34.26,516
34.27,356
34.28,531
34.29,450
34.3,382
34.31,480
34.32,533
34.33,370
34.34,480
34.35,484
34.36,360
34.37,487
34.38,501
34.39,360
34.4,489
34.41,454
34.42,353
34.43,473
34.44,476
34.45,326
34.46,492
34.47,327
34.48,491
34.49,480
34.5,357
34.51,465
34.52,427
34.53,365
34.54,525
34.55,532
34.56,362
34.57,504
34.58,533
34.59,330
34.6,463
34.61,507
34.62,344
34.63,473
34.64,424
34.65,388
34.66,478
34.67,467
34.68,316
34.69,477
34.7,488
34.71,352
34.72,474
34.73,373
34.74,458
34.75,486
34.76,378
34.77,478
34.78,502
34.79,362
34.8,472
34.81,475
34.82,357
34.83,529
34.84,504
34.85,405
34.86,487
34.87,528
34.88,410
34.89,480
34.9,540
34.91,412
34.92,519
34.93,590
34.94,452
34.95,616
34.96,483
34.97,647
34.98,835
34.99,768
35,1352
35.01,975
35.02,577
35.03,723
35.04,620
35.05,485
35.06,574
35.07,560
35.08,424
35.09,587
35.1,531
35.11,409
35.12,490
35.13,549
35.14,380
35.15,542
35.16,493
35.17,378
35.18,511
35.19,375
35.2,518
35.21,503
35.22,367
35.23,492
35.24,479
35.25,362
35.26,483
35.27,479
35.28,369
35.29,464
35.3,465
35.31,357
35.32,478
35.33,469
35.34,346
35.35,448
35.36,436
35.37,362
35.38,438
35.39,449
35.4,337
35.41,468
35.42,370
35.43,461
35.44,473
35.45,335
35.46,425
35.47,464
35.48,375
35.49,419
35.5,424
35.51,373
35.52,450
35.53,469
35.54,361
35.55,468
35.56,461
35.57,376
35.58,431
35.59,493
35.6,344
35.61,473
35.62,428
35.63,340
35.64,449
35.65,327
35.66,441
35.67,460
35.68,328
35.69,471
35.7,470
35.71,363
35.72,446
35.73,461
35.74,375
35.75,470
35.76,473
35.77,357
35.78,485
35.79,481
35.8,340
35.81,512
35.82,467
35.83,354
35.84,483
35.85,503
35.86,365
35.87,528
35.88,396
35.89,512
35.9,537
35.91,414
35.92,573
35.93,627
35.94,449
35.95,715
35.96,672
35.97,623
35.98,1014
35.99,1672
36,1571
36.01,1306
36.02,944
36.03,668
36.04,737
36.05,696
36.06,495
36.07,598
36.08,557
36.09,441
36.1,505
36.11,504
36.12,374
36.13,507
36.14,379
36.15,504
36.16,536
36.17,310
36.18,453
36.19,470
36.2,361
36.21,469
36.22,507
36.23,351
36.24,459
36.25,426
36.26,333
36.27,443
36.28,437
36.29,343
36.3,479
36.31,470
36.32,341
36.33,451
36.34,474
36.35,314
36.36,449
36.37,347
36.38,452
36.39,473
36.4,316
36.41,463
36.42,421
36.43,320
36.44,481
36.45,418
36.46,309
36.47,421
36.48,421
36.49,348
36.5,441
36.51,401
36.52,315
36.53,460
36.54,426
36.55,357
36.56,414
36.57,452
36.58,325
36.59,412
36.6,298
36.61,448
36.62,443
36.63,350
36.64,418
36.65,422
36.66,374
36.67,386
36.68,455
36.69,331
36.7,444
36.71,441
36.72,343
36.73,418
36.74,447
36.75,322
36.76,448
36.77,442
36.78,299
36.79,435
36.8,457
36.81,354
36.82,429
36.83,354
36.84,457
36.85,438
36.86,336
36.87,445
36.88,480
36.89,378
36.9,480
36.91,514
36.92,345
36.93,493
36.94,537
36.95,385
36.96,573
36.97,582
36.98,482
36.99,823
37,1011
37.01,588
37.02,682
37.03,590
37.04,387
37.05,614
37.06,417
37.07,525
37.08,498
37.09,368
37.1,520
37.11,446
37.12,371
37.13,439
37.14,440
37.15,353
37.16,451
37.17,415
37.18,341
37.19,452
37.2,447
37.21,342
37.22,478
37.23,487
37.24,335
37.25,465
37.26,460
37.27,323
37.28,439
37.29,332
37.3,429
37.31,401
37.32,330
37.33,425
37.34,422
37.35,355
37.36,377
37.37,456
37.38,321
37.39,443
37.4,421
37.41,328
37.42,439
37.43,451
37.44,316
37.45,442
37.46,407
37.47,337
37.48,418
37.49,466
37.5,329
37.51,422
37.52,415
37.53,309
37.54,417
37.55,314
37.56,428
37.57,421
37.58,315
37.59,447
37.6,442
37.61,319
37.62,470
37.63,444
37.64,313
37.65,421
37.66,446
37.67,290
37.68,462
37.69,428
37.7,305
37.71,459
37.72,448
37.73,325
37.74,449
37.75,420
37.76,305
37.77,417
37.78,323
37.79,438
37.8,451
37.81,328
37.82,446
37.83,438
37.84,328
37.85,449
37.86,467
37.87,337
37.88,429
37.89,437
37.9,365
37.91,457
37.92,465
37.93,387
37.94,482
37.95,505
37.96,394
37.97,568
37.98,680
37.99,605
38,953
38.01,529
38.02,624
38.03,537
38.04,416
38.05,527
38.06,513
38.07,345
38.08,472
38.09,488
38.1,368
38.11,419
38.12,441
38.13,328
38.14,464
38.15,413
38.16,317
38.17,416
38.18,426
38.19,328
38.2,410
38.21,445
38.22,280
38.23,425
38.24,340
38.25,447
38.26,414
38.27,311
38.28,420
38.29,387
38.3,293
38.31,423
38.32,406
38.33,337
38.34,398
38.35,412
38.36,295
38.37,423
38.38,392
38.39,321
38.4,402
38.41,408
38.42,343
38.43,420
38.44,413
38.45,295
38.46,398
38.47,293
38.48,418
38.49,458
38.5,305
38.51,377
38.52,403
38.53,305
38.54,398
38.55,415
38.56,287
38.57,360
38.58,435
38.59,319
38.6,436
38.61,472
38.62,311
38.63,425
38.64,389
38.65,311
38.66,402
38.67,399
38.68,309
38.69,402
38.7,396
38.71,283
38.72,380
38.73,304
38.74,391
38.75,416
38.76,293
38.77,416
38.78,390
38.79,333
38.8,392
38.81,420
38.82,320
38.83,415
38.84,424
38.85,319
38.86,392
38.87,472
38.88,317
38.89,443
38.9,490
38.91,341
38.92,472
38.93,479
38.94,354
38.95,489
38.96,398
38.97,566
38.98,655
38.99,577
39,903
39.01,748
39.02,517
39.03,583
39.04,522
39.05,410
39.06,504
39.07,499
39.08,354
39.09,461
39.1,458
39.11,332
39.12,428
39.13,430
39.14,319
39.15,398
39.16,414
39.17,332
39.18,421
39.19,316
39.2,384
39.21,456
39.22,270
39.23,432
39.24,415
39.25,314
39.26,401
39.27,414
39.28,276
39.29,398
39.3,396
39.31,308
39.32,386
39.33,375
39.34,309
39.35,384
39.36,411
39.37,278
39.38,392
39.39,391
39.4,295
39.41,368
39.42,284
39.43,368
39.44,387
39.45,287
39.46,379
39.47,365
39.48,291
39.49,413
39.5,377
39.51,285
39.52,398
39.53,357
39.54,298
39.55,400
39.56,398
39.57,282
39.58,390
39.59,397
39.6,281
39.61,382
39.62,411
39.63,302
39.64,399
39.65,284
39.66,391
39.67,404
39.68,281
39.69,418
39.7,377
39.71,299
39.72,386
39.73,413
39.74,297
39.75,386
39.76,387
39.77,322
39.78,391
39.79,419
39.8,317
39.81,429
39.82,421
39.83,296
39.84,429
39.85,413
39.86,350
39.87,456
39.88,321
39.89,430
39.9,458
39.91,334
39.92,509
39.93,538
39.94,420
39.95,582
39.96,626
39.97,585
39.98,922
39.99,1294
40,1247
40.01,985
40.02,766
40.03,500
40.04,588
40.05,538
40.06,365
40.07,472
40.08,506
40.09,361
40.1,420
40.11,434
40.12,306
40.13,436
40.14,314
40.15,421
40.16,416
40.17,294
40.18,389
40.19,364
40.2,282
40.21,384
40.22,339
40.23,282
40.24,370
40.25,382
40.26,273
40.27,343
40.28,381
40.29,283
40.3,366
40.31,355
40.32,287
40.33,393
40.34,362
40.35,255
40.36,350
40.37,287
40.38,358
40.39,364
40.4,276
40.41,369
40.42,338
40.43,270
40.44,356
40.45,365
40.46,256
40.47,338
40.48,362
40.49,284
40.5,348
40.51,346
40.52,254
40.53,376
40.54,368
40.55,271
40.56,341
40.57,363
40.58,267
40.59,364
40.6,241
40.61,393
40.62,348
40.63,295
40.64,354
40.65,376
40.66,269
40.67,362
40.68,360
40.69,286
40.7,356
40.71,361
40.72,286
40.73,331
40.74,365
40.75,283
40.76,380
40.77,377
40.78,298
40.79,363
40.8,351
40.81,262
40.82,381
40.83,279
40.84,367
40.85,387
40.86,293
40.87,379
40.88,403
40.89,318
40.9,427
40.91,453
40.92,338
40.93,416
40.94,466
40.95,400
40.96,495
40.97,551
40.98,456
40.99,773
41,1028
41.01,611
41.02,581
41.03,551
41.04,383
41.05,506
41.06,332
41.07,462
41.08,448
41.09,325
41.1,447
41.11,428
41.12,283
41.13,419
41.14,404
41.15,322
41.16,360
41.17,395
41.18,281
41.19,384
41.2,392
41.21,261
41.22,371
41.23,403
41.24,283
41.25,359
41.26,364
41.27,266
41.28,364
41.29,241
41.3,392
41.31,368
41.32,282
41.33,366
41.34,364
41.35,251
41.36,349
41.37,339
41.38,255
41.39,368
41.4,346
41.41,286
41.42,336
41.43,347
41.44,265
41.45,392
41.46,342
41.47,277
41.48,330
41.49,337
41.5,233
41.51,335
41.52,311
41.53,256
41.54,365
41.55,271
41.56,352
41.57,381
41.58,276
41.59,337
41.6,339
41.61,280
41.62,356
41.63,332
41.64,291
41.65,368
41.66,373
41.67,253
41.68,367
41.69,334
41.7,290
41.71,332
41.72,339
41.73,237
41.74,332
41.75,349
41.76,281
41.77,334
41.78,273
41.79,365
41.8,405
41.81,260
41.82,373
41.83,360
41.84,293
41.85,379
41.86,393
41.87,310
41.88,373
41.89,382
41.9,305
41.91,402
41.92,417
41.93,339
41.94,451
41.95,481
41.96,339
41.97,560
41.98,638
41.99,632
42,1016
42.01,624
42.02,635
42.03,533
42.04,381
42.05,455
42.06,455
42.07,331
42.08,412
42.09,387
42.1,316
42.11,424
42.12,361
42.13,276
42.14,385
42.15,320
42.16,283
42.17,341
42.18,384
42.19,280
42.2,373
42.21,341
42.22,278
42.23,295
42.24,245
42.25,340
42.26,359
42.27,261
42.28,327
42.29,350
42.3,259
42.31,355
42.32,329
42.33,237
42.34,366
42.35,327
42.36,266
42.37,344
42.38,337
42.39,247
42.4,364
42.41,298
42.42,236
42.43,333
42.44,336
42.45,280
42.46,323
42.47,251
42.48,319
42.49,358
42.5,255
42.51,307
42.52,315
42.53,229
42.54,317
42.55,338
42.56,257
42.57,341
42.58,368
42.59,228
42.6,348
42.61,331
42.62,233
42.63,307
42.64,322
42.65,271
42.66,320
42.67,334
42.68,267
42.69,360
42.7,352
42.71,244
42.72,308
42.73,260
42.74,331
42.75,351
42.76,291
42.77,344
42.78,336
42.79,240
42.8,334
42.81,334
42.82,257
42.83,338
42.84,329
42.85,264
42.86,338
42.87,356
42.88,279
42.89,395
42.9,367
42.91,297
42.92,366
42.93,394
42.94,297
42.95,417
42.96,312
42.97,453
42.98,477
42.99,500
43,742
43.01,582
43.02,355
43.03,480
43.04,452
43.05,337
43.06,409
43.07,380
43.08,324
43.09,379
43.1,383
43.11,290
43.12,355
43.13,315
43.14,243
43.15,364
43.16,341
43.17,243
43.18,345
43.19,266
43.2,318
43.21,348
43.22,228
43.23,363
43.24,323
43.25,262
43.26,318
43.27,341
43.28,234
43.29,334
43.3,327
43.31,236
43.32,313
43.33,316
43.34,241
43.35,294
43.36,336
43.37,220
43.38,318
43.39,313
43.4,214
43.41,326
43.42,210
43.43,333
43.44,316
43.45,237
43.46,333
43.47,342
43.48,237
43.49,341
43.5,324
43.51,242
43.52,323
43.53,296
43.54,222
43.55,306
43.56,310
43.57,240
43.58,311
43.59,330
43.6,243
43.61,322
43.62,342
43.63,268
43.64,365
43.65,238
43.66,312
43.67,336
43.68,261
43.69,338
43.7,328
43.71,225
43.72,320
43.73,340
43.74,234
43.75,305
43.76,305
43.77,217
43.78,333
43.79,308
43.8,241
43.81,317
43.82,308
43.83,254
43.84,302
43.85,363
43.86,247
43.87,417
43.88,280
43.89,377
43.9,397
43.91,303
43.92,480
43.93,444
43.94,316
43.95,487
43.96,541
43.97,451
43.98,794
43.99,1107
44,1080
44.01,896
44.02,608
44.03,416
44.04,491
44.05,446
44.06,314
44.07,383
44.08,374
44.09,277
44.1,353
44.11,367
44.12,250
44.13,326
44.14,238
44.15,356
44.16,320
44.17,202
44.18,302
44.19,338
44.2,222
44.21,324
44.22,318
44.23,247
44.24,305
44.25,311
44.26,237
44.27,304
44.28,297
44.29,219
44.3,302
44.31,333
44.32,219
44.33,291
44.34,301
44.35,232
44.36,313
44.37,224
44.38,314
44.39,303
44.4,233
44.41,310
44.42,297
44.43,225
44.44,314
44.45,306
44.46,224
44.47,299
44.48,296
44.49,213
44.5,257
44.51,296
44.52,241
44.53,302
44.54,280
44.55,228
44.56,311
44.57,292
44.58,230
44.59,305
44.6,234
44.61,286
44.62,305
44.63,225
44.64,305
44.65,302
44.66,223
44.67,317
44.68,290
44.69,220
44.7,288
44.71,301
44.72,214
44.73,301
44.74,275
44.75,231
44.76,289
44.77,282
44.78,208
44.79,351
44.8,312
44.81,263
44.82,313
44.83,210
44.84,333
44.85,325
44.86,219
44.87,305
44.88,345
44.89,240
44.9,307
44.91,333
44.92,267
44.93,328
44.94,351
44.95,304
44.96,416
44.97,420
44.98,377
44.99,651
45,758
45.01,458
45.02,449
45.03,386
45.04,281
45.05,377
45.06,276
45.07,360
45.08,336
45.09,261
45.1,305
45.11,307
45.12,216
45.13,311
45.14,326
45.15,227
45.16,320
45.17,309
45.18,228
45.19,305
45.2,292
45.21,218
45.22,327
45.23,318
45.24,184
45.25,297
45.26,292
45.27,218
45.28,312
45.29,236
45.3,297
45.31,291
45.32,240
45.33,285
45.34,266
45.35,209
45.36,277
45.37,263
45.38,219
45.39,287
45.4,291
45.41,199
45.42,291
45.43,298
45.44,201
45.45,284
45.46,290
45.47,201
45.48,272
45.49,281
45.5,229
45.51,302
45.52,265
45.53,239
45.54,280
45.55,226
45.56,278
45.57,283
45.58,185
45.59,288
45.6,288
45.61,211
45.62,298
45.63,279
45.64,222
45.65,296
45.66,295
45.67,210
45.68,254
45.69,287
45.7,204
45.71,275
45.72,283
45.73,187
45.74,253
45.75,294
45.76,207
45.77,266
45.78,239
45.79,295
45.8,312
45.81,192
45.82,308
45.83,297
45.84,231
45.85,301
45.86,309
45.87,249
45.88,305
45.89,317
45.9,250
45.91,336
45.92,313
45.93,235
45.94,381
45.95,389
45.96,313
45.97,432
45.98,534
45.99,505
46,813
46.01,465
46.02,456
46.03,440
46.04,298
46.05,351
46.06,373
46.07,279
46.08,342
46.09,330
46.1,223
46.11,304
46.12,295
46.13,231
46.14,326
46.15,270
46.16,248
46.17,294
46.18,306
46.19,220
46.2,294
46.21,308
46.22,197
46.23,259
46.24,242
46.25,265
46.26,294
46.27,231
46.28,287
46.29,264
46.3,222
46.31,249
46.32,286
46.33,225
46.34,258
46.35,282
46.36,209
46.37,255
46.38,297
46.39,181
46.4,295
46.41,269
46.42,187
46.43,283
46.44,305
46.45,184
46.46,314
46.47,189
46.48,256
46.49,267
46.5,210
46.51,263
46.52,237
46.53,196
46.54,252
46.55,285
46.56,184
46.57,258
46.58,270
46.59,214
46.6,279
46.61,248
46.62,215
46.63,275
46.64,272
46.65,213
46.66,264
46.67,266
46.68,214
46.69,265
46.7,289
46.71,203
46.72,272
46.73,199
46.74,275
46.75,261
46.76,195
46.77,256
46.78,290
46.79,200
46.8,281
46.81,241
46.82,212
46.83,268
46.84,294
46.85,217
46.86,265
46.87,290
46.88,225
46.89,304
46.9,289
46.91,221
46.92,320
46.93,340
46.94,237
46.95,325
46.96,272
46.97,381
46.98,414
46.99,404
47,609
47.01,542
47.02,325
47.03,399
47.04,378
47.05,306
47.06,328
47.07,360
47.08,281
47.09,300
47.1,319
47.11,235
47.12,303
47.13,297
47.14,228
47.15,272
47.16,270
47.17,220
47.18,269
47.19,205
47.2,267
47.21,251
47.22,231
47.23,264
47.24,277
47.25,192
47.26,285
47.27,256
47.28,190
47.29,285
47.3,243
47.31,205
47.32,253
47.33,244
47.34,203
47.35,250
47.36,264
47.37,191
47.38,264
47.39,281
47.4,200
47.41,259
47.42,185
47.43,268
47.44,276
47.45,201
47.46,255
47.47,248
47.48,204
47.49,262
47.5,249
47.51,214
47.52,269
47.53,291
47.54,194
47.55,277
47.56,296
47.57,212
47.58,262
47.59,246
47.6,210
47.61,274
47.62,244
47.63,218
47.64,295
47.65,196
47.66,285
47.67,275
47.68,204
47.69,271
47.7,294
47.71,186
47.72,278
47.73,269
47.74,181
47.75,259
47.76,254
47.77,184
47.78,263
47.79,293
47.8,215
47.81,257
47.82,258
47.83,206
47.84,256
47.85,271
47.86,226
47.87,333
47.88,251
47.89,339
47.9,340
47.91,268
47.92,375
47.93,388
47.94,305
47.95,403
47.96,438
47.97,390
47.98,670
47.99,1085
48,935
48.01,788
48.02,553
48.03,322
48.04,437
48.05,413
48.06,269
48.07,309
48.08,320
48.09,229
48.1,285
48.11,299
48.12,272
48.13,296
48.14,207
48.15,264
48.16,281
48.17,218
48.18,307
48.19,265
48.2,198
48.21,264
48.22,275
48.23,194
48.24,252
48.25,243
48.26,194
48.27,250
48.28,239
48.29,188
48.3,230
48.31,269
48.32,191
48.33,280
48.34,244
48.35,173
48.36,250
48.37,185
48.38,264
48.39,245
48.4,219
48.41,247
48.42,260
48.43,197
48.44,238
48.45,254
48.46,162
48.47,227
48.48,227
48.49,185
48.5,241
48.51,253
48.52,217
48.53,254
48.54,256
48.55,195
48.56,232
48.57,247
48.58,173
48.59,204
48.6,192
48.61,250
48.62,243
48.63,167
48.64,227
48.65,245
48.66,206
48.67,272
48.68,257
48.69,186
48.7,267
48.71,281
48.72,172
48.73,254
48.74,260
48.75,161
48.76,261
48.77,248
48.78,188
48.79,262
48.8,258
48.81,188
48.82,232
48.83,189
48.84,250
48.85,237
48.86,198
48.87,265
48.88,246
48.89,209
48.9,277
48.91,270
48.92,208
48.93,276
48.94,281
48.95,226
48.96,331
48.97,346
48.98,292
48.99,472
49,586
49.01,331
49.02,392
49.03,342
49.04,225
49.05,304
49.06,228
49.07,285
49.08,278
49.09,209
49.1,299
49.11,269
49.12,189
49.13,272
49.14,261
49.15,189
49.16,256
49.17,235
49.18,181
49.19,245
49.2,254
49.21,177
49.22,231
49.23,221
49.24,182
49.25,224
49.26,236
49.27,180
49.28,239
49.29,167
49.3,238
49.31,267
49.32,148
49.33,254
49.34,247
49.35,203
49.36,236
49.37,266
49.38,182
49.39,270
49.4,232
49.41,171
49.42,255
49.43,226
49.44,182
49.45,241
49.46,244
49.47,168
49.48,246
49.49,258
49.5,192
49.51,250
49.52,245
49.53,197
49.54,236
49.55,174
49.56,275
49.57,223
49.58,195
49.59,251
49.6,212
49.61,171
49.62,241
49.63,249
49.64,183
49.65,243
49.66,243
49.67,180
49.68,228
49.69,263
49.7,157
49.71,251
49.72,237
49.73,180
49.74,210
49.75,266
49.76,152
49.77,239
49.78,186
49.79,293
49.8,246
49.81,187
49.82,239
49.83,242
49.84,200
49.85,290
49.86,282
49.87,196
49.88,280
49.89,291
49.9,222
49.91,310
49.92,281
49.93,217
49.94,352
49.95,340
49.96,268
49.97,438
49.98,472
49.99,457
50,747
50.01,416
50.02,416
50.03,374
50.04,269
50.05,329
50.06,312
50.07,220
50.08,303
50.09,268
50.1,179
50.11,268
50.12,256
50.13,206
50.14,289
50.15,258
50.16,172
50.17,264
50.18,249
50.19,176
50.2,218
50.21,243
50.22,166
50.23,248
50.24,187
50.25,239
50.26,238
50.27,190
50.28,250
50.29,240
50.3,150
50.31,238
50.32,231
50.33,179
50.34,218
50.35,270
50.36,199
50.37,245
50.38,225
50.39,172
50.4,228
50.41,210
50.42,162
50.43,246
50.44,250
50.45,187
50.46,244
50.47,169
50.48,260
50.49,251
50.5,161
50.51,222
50.52,226
50.53,177
50.54,226
50.55,241
50.56,174
50.57,237
50.58,218
50.59,158
50.6,238
50.61,221
50.62,173
50.63,256
50.64,229
50.65,193
50.66,243
50.67,218
50.68,188
50.69,244
50.7,242
50.71,177
50.72,232
50.73,166
50.74,259
50.75,252
50.76,176
50.77,237
50.78,255
50.79,194
50.8,263
50.81,255
50.82,170
50.83,234
50.84,226
50.85,182
50.86,242
50.87,273
50.88,206
50.89,274
50.9,272
50.91,193
50.92,259
50.93,290
50.94,220
50.95,284
50.96,247
50.97,345
50.98,347
50.99,371
51,592
51.01,449
51.02,278
51.03,337
51.04,314
51.05,205
51.06,324
51.07,297
51.08,211
51.09,248
51.1,283
51.11,182
51.12,285
51.13,239
51.14,205
51.15,228
51.16,253
51.17,192
51.18,246
51.19,205
51.2,246
51.21,257
51.22,179
51.23,242
51.24,233
51.25,172
51.26,254
51.27,209
51.28,160
51.29,225
51.3,233
51.31,137
51.32,242
51.33,222
51.34,179
51.35,211
51.36,223
51.37,150
51.38,253
51.39,226
51.4,165
51.41,253
51.42,165
51.43,205
51.44,230
51.45,173
51.46,224
51.47,240
51.48,214
51.49,256
51.5,227
51.51,143
51.52,203
51.53,205
51.54,186
51.55,232
51.56,235
51.57,180
51.58,246
51.59,228
51.6,161
51.61,213
51.62,243
51.63,187
51.64,217
51.65,186
51.66,258
51.67,222
51.68,179
51.69,215
51.7,218
51.71,163
51.72,209
51.73,247
51.74,142
51.75,244
51.76,237
51.77,157
51.78,221
51.79,240
51.8,178
51.81,227
51.82,242
51.83,159
51.84,257
51.85,297
51.86,211
51.87,284
51.88,233
51.89,289
51.9,304
51.91,221
51.92,335
51.93,368
51.94,293
51.95,440
51.96,440
51.97,392
51.98,607
51.99,885
52,757
52.01,671
52.02,479
52.03,328
52.04,350
52.05,339
52.06,227
52.07,288
52.08,285
52.09,216
52.1,279
52.11,240
52.12,203
52.13,259
52.14,152
52.15,249
52.16,225
52.17,193
52.18,236
52.19,240
52.2,170
52.21,220
52.22,231
52.23,160
52.24,229
52.25,234
52.26,164
52.27,213
52.28,210
52.29,165
52.3,220
52.31,216
52.32,184
52.33,218
52.34,208
52.35,200
52.36,228
52.37,144
52.38,205
52.39,200
52.4,140
52.41,220
52.42,225
52.43,178
52.44,214
52.45,201
52.46,160
52.47,223
52.48,215
52.49,169
52.5,214
52.51,240
52.52,167
52.53,226
52.54,189
52.55,174
52.56,204
52.57,202
52.58,159
52.59,216
52.6,166
52.61,202
52.62,215
52.63,157
52.64,244
52.65,210
52.66,131
52.67,263
52.68,210
52.69,144
52.7,204
52.71,241
52.72,162
52.73,219
52.74,224
52.75,157
52.76,194
52.77,194
52.78,197
52.79,231
52.8,225
52.81,150
52.82,223
52.83,157
52.84,229
52.85,210
52.86,155
52.87,239
52.88,267
52.89,179
52.9,234
52.91,280
52.92,179
52.93,261
52.94,264
52.95,214
52.96,287
52.97,312
52.98,268
52.99,397
53,499
53.01,303
53.02,329
53.03,283
53.04,226
53.05,295
53.06,205
53.07,268
53.08,258
53.09,200
53.1,241
53.11,237
53.12,172
53.13,247
53.14,222
53.15,162
53.16,213
53.17,221
53.18,169
53.19,235
53.2,219
53.21,152
53.22,211
53.23,202
53.24,183
53.25,210
53.26,224
53.27,156
53.28,195
53.29,169
53.3,197
53.31,204
53.32,166
53.33,218
53.34,196
53.35,159
53.36,223
53.37,210
53.38,155
53.39,200
53.4,205
53.41,142
53.42,220
53.43,206
53.44,146
53.45,204
53.46,193
53.47,154
53.48,213
53.49,196
53.5,142
53.51,217
53.52,178
53.53,180
53.54,192
53.55,177
53.56,223
53.57,203
53.58,162
53.59,199
53.6,201
53.61,152
53.62,200
53.63,233
53.64,165
53.65,200
53.66,218
53.67,147
53.68,189
53.69,180
53.7,152
53.71,178
53.72,221
53.73,142
53.74,238
53.75,209
53.76,144
53.77,226
53.78,159
53.79,196
53.8,200
53.81,147
53.82,224
53.83,215
53.84,180
53.85,233
53.86,242
53.87,188
53.88,249
53.89,243
53.9,195
53.91,263
53.92,259
53.93,206
53.94,288
53.95,312
53.96,251
53.97,333
53.98,410
53.99,425
54,602
54.01,396
54.02,384
54.03,314
54.04,246
54.05,274
54.06,254
54.07,189
54.08,248
54.09,245
54.1,180
54.11,241
54.12,227
54.13,162
54.14,216
54.15,200
54.16,180
54.17,220
54.18,205
54.19,154
54.2,208
54.21,188
54.22,150
54.23,196
54.24,163
54.25,213
54.26,210
54.27,151
54.28,215
54.29,197
54.3,112
54.31,216
54.32,199
54.33,156
54.34,196
54.35,198
54.36,146
54.37,232
54.38,197
54.39,168
54.4,184
54.41,196
54.42,153
54.43,196
54.44,197
54.45,174
54.46,191
54.47,143
54.48,189
54.49,202
54.5,146
54.51,200
54.52,189
54.53,137
54.54,191
54.55,214
54.56,167
54.57,196
54.58,176
54.59,143
54.6,197
54.61,192
54.62,145
54.63,190
54.64,191
54.65,126
54.66,230
54.67,195
54.68,146
54.69,171
54.7,200
54.71,173
54.72,206
54.73,149
54.74,231
54.75,211
54.76,156
54.77,187
54.78,218
54.79,145
54.8,216
54.81,203
54.82,154
54.83,221
54.84,202
54.85,175
54.86,195
54.87,211
54.88,150
54.89,232
54.9,225
54.91,186
54.92,216
54.93,254
54.94,190
54.95,253
54.96,182
54.97,264
54.98,310
54.99,280
55,457
55.01,365
55.02,231
55.03,258
55.04,260
55.05,176
55.06,230
55.07,209
55.08,165
55.09,225
55.1,215
55.11,146
55.12,200
55.13,223
55.14,165
55.15,209
55.16,202
55.17,153
55.18,208
55.19,148
55.2,207
55.21,214
55.22,168
55.23,204
55.24,206
55.25,145
55.26,187
55.27,233
55.28,162
55.29,209
55.3,203
55.31,144
55.32,184
55.33,181
55.34,139
55.35,192
55.36,195
55.37,163
55.38,206
55.39,197
55.4,146
55.41,198
55.42,137
55.43,203
55.44,174
55.45,132
55.46,192
55.47,193
55.48,141
55.49,181
55.5,203
55.51,124
55.52,177
55.53,160
55.54,161
55.55,225
55.56,178
55.57,147
55.58,191
55.59,203
55.6,140
55.61,186
55.62,184
55.63,141
55.64,170
55.65,144
55.66,199
55.67,196
55.68,161
55.69,198
55.7,202
55.71,150
55.72,171
55.73,183
55.74,137
55.75,207
55.76,219
55.77,154
55.78,203
55.79,196
55.8,142
55.81,218
55.82,216
55.83,162
55.84,202
55.85,192
55.86,180
55.87,238
55.88,212
55.89,277
55.9,284
55.91,190
55.92,317
55.93,332
55.94,259
55.95,337
55.96,381
55.97,313
55.98,543
55.99,754
56,624
56.01,597
56.02,374
56.03,247
56.04,297
56.05,294
56.06,201
56.07,281
56.08,240
56.09,192
56.1,233
56.11,202
56.12,151
56.13,201
56.14,144
56.15,196
56.16,200
56.17,164
56.18,181
56.19,205
56.2,162
56.21,196
56.22,185
56.23,147
56.24,232
56.25,186
56.26,133
56.27,181
56.28,177
56.29,145
56.3,190
56.31,175
56.32,124
56.33,175
56.34,171
56.35,120
56.36,176
56.37,150
56.38,165
56.39,185
56.4,114
56.41,198
56.42,193
56.43,150
56.44,190
56.45,186
56.46,127
56.47,180
56.48,191
56.49,115
56.5,196
56.51,162
56.52,137
56.53,169
56.54,192
56.55,122
56.56,176
56.57,180
56.58,150
56.59,171
56.6,148
56.61,186
56.62,182
56.63,138
56.64,191
56.65,204
56.66,146
56.67,182
56.68,196
56.69,133
56.7,195
56.71,188
56.72,125
56.73,211
56.74,212
56.75,157
56.76,164
56.77,164
56.78,128
56.79,217
56.8,197
56.81,136
56.82,190
56.83,139
56.84,195
56.85,186
56.86,131
56.87,206
56.88,204
56.89,159
56.9,233
56.91,208
56.92,143
56.93,221
56.94,235
56.95,156
56.96,251
56.97,262
56.98,245
56.99,335
57,389
57.01,262
57.02,242
57.03,249
57.04,183
57.05,229
57.06,166
57.07,205
57.08,218
57.09,154
57.1,186
57.11,214
57.12,149
57.13,178
57.14,205
57.15,157
57.16,167
57.17,204
57.18,125
57.19,186
57.2,183
57.21,132
57.22,169
57.23,194
57.24,123
57.25,195
57.26,183
57.27,135
57.28,184
57.29,141
57.3,181
57.31,172
57.32,136
57.33,175
57.34,191
57.35,138
57.36,195
57.37,166
57.38,150
57.39,179
57.4,154
57.41,138
57.42,160
57.43,165
57.44,139
57.45,177
57.46,159
57.47,123
57.48,206
57.49,176
57.5,118
57.51,169
57.52,184
57.53,129
57.54,186
57.55,133
57.56,166
57.57,165
57.58,119
57.59,185
57.6,182
57.61,142
57.62,167
57.63,207
57.64,122
57.65,169
57.66,189
57.67,141
57.68,167
57.69,186
57.7,121
57.71,188
57.72,165
57.73,134
57.74,187
57.75,173
57.76,142
57.77,174
57.78,132
57.79,182
57.8,182
57.81,142
57.82,173
57.83,177
57.84,139
57.85,182
57.86,190
57.87,154
57.88,216
57.89,209
57.9,144
57.91,231
57.92,227
57.93,175
57.94,250
57.95,299
57.96,206
57.97,320
57.98,350
57.99,343
58,526
58.01,346
58.02,317
58.03,236
58.04,172
58.05,228
58.06,242
58.07,163
58.08,205
58.09,197
58.1,124
58.11,194
58.12,163
58.13,117
58.14,183
58.15,169
58.16,122
58.17,160
58.18,177
58.19,118
58.2,174
58.21,167
58.22,119
58.23,184
58.24,133
58.25,162
58.26,167
58.27,124
58.28,177
58.29,187
58.3,111
58.31,177
58.32,175
58.33,119
58.34,154
58.35,183
58.36,111
58.37,159
58.38,149
58.39,120
58.4,151
58.41,153
58.42,123
58.43,167
58.44,174
58.45,124
58.46,183
58.47,108
58.48,166
58.49,150
58.5,118
58.51,171
58.52,168
58.53,133
58.54,160
58.55,156
58.56,130
58.57,180
58.58,148
58.59,134
58.6,182
58.61,171
58.62,136
58.63,163
58.64,157
58.65,128
58.66,183
58.67,162
58.68,132
58.69,191
58.7,153
58.71,134
58.72,193
58.73,140
58.74,178
58.75,188
58.76,128
58.77,173
58.78,173
58.79,131
58.8,187
58.81,177
58.82,121
58.83,177
58.84,167
58.85,141
58.86,204
58.87,155
58.88,153
58.89,163
58.9,199
58.91,149
58.92,194
58.93,208
58.94,135
58.95,218
58.96,173
58.97,247
58.98,245
58.99,225
59,353
59.01,270
59.02,180
59.03,188
59.04,219
59.05,161
59.06,189
59.07,175
59.08,148
59.09,166
59.1,193
59.11,130
59.12,180
59.13,168
59.14,133
59.15,171
59.16,178
59.17,132
59.18,163
59.19,135
59.2,158
59.21,163
59.22,129
59.23,162
59.24,174
59.25,116
59.26,167
59.27,153
59.28,121
59.29,179
59.3,165
59.31,136
59.32,153
59.33,143
59.34,113
59.35,169
59.36,147
59.37,134
59.38,135
59.39,145
59.4,123
59.41,157
59.42,120
59.43,153
59.44,164
59.45,129
59.46,128
59.47,169
59.48,108
59.49,164
59.5,141
59.51,113
59.52,152
59.53,152
59.54,117
59.55,161
59.56,151
59.57,125
59.58,147
59.59,163
59.6,133
59.61,170
59.62,176
59.63,121
59.64,183
59.65,124
59.66,183
59.67,171
59.68,113
59.69,143
59.7,162
59.71,124
59.72,181
59.73,174
59.74,121
59.75,173
59.76,141
59.77,127
59.78,180
59.79,174
59.8,130
59.81,187
59.82,156
59.83,111
59.84,186
59.85,191
59.86,189
59.87,210
59.88,165
59.89,238
59.9,231
59.91,196
59.92,260
59.93,261
59.94,197
59.95,304
59.96,361
59.97,272
59.98,415
59.99,587
60,421
60.01,432
60.02,301
60.03,226
60.04,239
60.05,272
60.06,170
60.07,231
60.08,222
60.09,144
60.1,191
60.11,189
60.12,128
60.13,167
60.14,130
60.15,187
60.16,165
60.17,122
60.18,144
60.19,157
60.2,110
60.21,167
60.22,158
60.23,123
60.24,139
60.25,163
60.26,106
60.27,180
60.28,147
60.29,114
60.3,163
60.31,153
60.32,112
60.33,176
60.34,147
60.35,118
60.36,148
60.37,106
60.38,136
60.39,144
60.4,121
60.41,158
60.42,146
60.43,105
60.44,142
60.45,149
60.46,105
60.47,146
60.48,141
60.49,128
60.5,147
60.51,143
60.52,122
60.53,168
60.54,168
60.55,128
60.56,129
60.57,165
60.58,111
60.59,161
60.6,99
60.61,151
60.62,156
60.63,103
60.64,157
60.65,169
60.66,120
60.67,174
60.68,194
60.69,120
60.7,158
60.71,154
60.72,133
60.73,159
60.74,160
60.75,100
60.76,160
60.77,149
60.78,109
60.79,147
60.8,184
60.81,121
60.82,153
60.83,113
60.84,176
60.85,160
60.86,140
60.87,179
60.88,165
60.89,111
60.9,177
60.91,183
60.92,129
60.93,190
60.94,210
60.95,146
60.96,211
60.97,223
60.98,200
60.99,279
61,318
61.01,198
61.02,188
61.03,201
61.04,143
61.05,189
61.06,131
61.07,178
61.08,166
61.09,120
61.1,155
61.11,147
61.12,134
61.13,149
61.14,175
61.15,94
61.16,148
61.17,175
61.18,96
61.19,153
61.2,164
61.21,108
61.22,154
61.23,158
61.24,120
61.25,142
61.26,127
61.27,103
61.28,164
61.29,112
61.3,165
61.31,149
61.32,122
61.33,140
61.34,151
61.35,99
61.36,141
61.37,149
61.38,100
61.39,148
61.4,140
61.41,115
61.42,157
61.43,145
61.44,97
61.45,144
61.46,122
61.47,90
61.48,161
61.49,145
61.5,103
61.51,139
61.52,146
61.53,109
61.54,136
61.55,102
61.56,146
61.57,143
61.58,108
61.59,143
61.6,160
61.61,116
61.62,158
61.63,161
61.64,128
61.65,126
61.66,167
61.67,112
61.68,150
61.69,151
61.7,105
61.71,170
61.72,150
61.73,99
61.74,155
61.75,151
61.76,116
61.77,145
61.78,122
61.79,156
61.8,142
61.81,118
61.82,135
61.83,165
61.84,129
61.85,176
61.86,152
61.87,141
61.88,194
61.89,186
61.9,144
61.91,179
61.92,188
61.93,149
61.94,210
61.95,231
61.96,190
61.97,271
61.98,301
61.99,262
62,443
62.01,220
62.02,253
62.03,196
62.04,155
62.05,189
62.06,201
62.07,131
62.08,179
62.09,159
62.1,106
62.11,173
62.12,159
62.13,106
62.14,154
62.15,172
62.16,110
62.17,164
62.18,144
62.19,124
62.2,151
62.21,164
62.22,112
62.23,145
62.24,118
62.25,150
62.26,152
62.27,131
62.28,144
62.29,149
62.3,95
62.31,134
62.32,160
62.33,110
62.34,157
62.35,160
62.36,105
62.37,151
62.38,158
62.39,88
62.4,144
62.41,144
62.42,101
62.43,157
62.44,128
62.45,100
62.46,126
62.47,108
62.48,143
62.49,132
62.5,107
62.51,133
62.52,159
62.53,126
62.54,133
62.55,148
62.56,107
62.57,147
62.58,132
62.59,128
62.6,146
62.61,134
62.62,112
62.63,150
62.64,115
62.65,115
62.66,134
62.67,124
62.68,110
62.69,158
62.7,130
62.71,98
62.72,142
62.73,110
62.74,142
62.75,128
62.76,128
62.77,149
62.78,164
62.79,116
62.8,174
62.81,138
62.82,118
62.83,153
62.84,148
62.85,104
62.86,157
62.87,158
62.88,110
62.89,164
62.9,175
62.91,146
62.92,166
62.93,157
62.94,118
62.95,159
62.96,138
62.97,217
62.98,193
62.99,202
63,262
63.01,228
63.02,138
63.03,170
63.04,169
63.05,115
63.06,170
63.07,182
63.08,103
63.09,142
63.1,134
63.11,123
63.12,157
63.13,148
63.14,103
63.15,147
63.16,169
63.17,120
63.18,137
63.19,105
63.2,133
63.21,135
63.22,102
63.23,139
63.24,143
63.25,105
63.26,135
63.27,154
63.28,86
63.29,155
63.3,161
63.31,105
63.32,134
63.33,129
63.34,97
63.35,139
63.36,127
63.37,98
63.38,139
63.39,143
63.4,96
63.41,127
63.42,109
63.43,134
63.44,141
63.45,102
63.46,121
63.47,146
63.48,98
63.49,129
63.5,147
63.51,105
63.52,128
63.53,135
63.54,105
63.55,132
63.56,134
63.57,113
63.58,137
63.59,136
63.6,87
63.61,152
63.62,138
63.63,106
63.64,141
63.65,99
63.66,147
63.67,140
63.68,114
63.69,128
63.7,131
63.71,94
63.72,141
63.73,135
63.74,89
63.75,125
63.76,128
63.77,96
63.78,138
63.79,141
63.8,110
63.81,141
63.82,152
63.83,96
63.84,137
63.85,172
63.86,150
63.87,201
63.88,144
63.89,191
63.9,205
63.91,171
63.92,219
63.93,240
63.94,189
63.95,237
63.96,284
63.97,254
63.98,339
63.99,416
64,383
64.01,329
64.02,253
64.03,181
64.04,180
64.05,193
64.06,140
64.07,164
64.08,190
64.09,122
64.1,143
64.11,141
64.12,111
64.13,159
64.14,104
64.15,144
64.16,148
64.17,118
64.18,148
64.19,140
64.2,97
64.21,120
64.22,124
64.23,99
64.24,133
64.25,127
64.26,98
64.27,116
64.28,133
64.29,92
64.3,139
64.31,110
64.32,95
64.33,108
64.34,127
64.35,103
64.36,155
64.37,108
64.38,125
64.39,148
64.4,86
64.41,91
64.42,138
64.43,93
64.44,104
64.45,102
64.46,74
64.47,150
64.48,119
64.49,97
64.5,123
64.51,129
64.52,100
64.53,137
64.54,115
64.55,91
64.56,114
64.57,128
64.58,82
64.59,123
64.6,107
64.61,140
64.62,144
64.63,102
64.64,134
64.65,131
64.66,111
64.67,125
64.68,126
64.69,88
64.7,112
64.71,141
64.72,94
64.73,113
64.74,124
64.75,88
64.76,127
64.77,131
64.78,105
64.79,141
64.8,119
64.81,99
64.82,135
64.83,93
64.84,147
64.85,147
64.86,113
64.87,129
64.88,152
64.89,114
64.9,143
64.91,171
64.92,108
64.93,174
64.94,150
64.95,135
64.96,192
64.97,175
64.98,143
64.99,209
65,256
65.01,143
65.02,180
65.03,177
65.04,115
65.05,125
65.06,117
65.07,144
65.08,151
65.09,138
65.1,130
65.11,123
65.12,111
65.13,148
65.14,123
65.15,99
65.16,126
65.17,143
65.18,106
65.19,131
65.2,145
65.21,87
65.22,134
65.23,149
65.24,90
65.25,113
65.26,113
65.27,104
65.28,141
65.29,105
65.3,126
65.31,140
65.32,87
65.33,120
65.34,134
65.35,91
65.36,137
65.37,116
65.38,82
65.39,138
65.4,127
65.41,100
65.42,137
65.43,130
65.44,100
65.45,128
65.46,122
65.47,80
65.48,134
65.49,139
65.5,97
65.51,118
65.52,110
65.53,106
65.54,138
65.55,85
65.56,121
65.57,129
65.58,118
65.59,128
65.6,126
65.61,91
65.62,121
65.63,124
65.64,91
65.65,138
65.66,121
65.67,114
65.68,122
65.69,111
65.7,93
65.71,135
65.72,115
65.73,91
65.74,133
65.75,122
65.76,96
65.77,121
65.78,99
65.79,119
65.8,110
65.81,99
65.82,117
65.83,126
65.84,91
65.85,127
65.86,159
65.87,101
65.88,151
65.89,160
65.9,122
65.91,151
65.92,156
65.93,111
65.94,163
65.95,188
65.96,148
65.97,209
65.98,222
65.99,216
66,278
66.01,153
66.02,168
66.03,160
66.04,84
66.05,147
66.06,164
66.07,109
66.08,134
66.09,138
66.1,107
66.11,153
66.12,113
66.13,95
66.14,126
66.15,123
66.16,94
66.17,101
66.18,137
66.19,88
66.2,118
66.21,116
66.22,74
66.23,104
66.24,102
66.25,109
66.26,110
66.27,83
66.28,119
66.29,130
66.3,83
66.31,113
66.32,119
66.33,88
66.34,121
66.35,119
66.36,71
66.37,129
66.38,124
66.39,88
66.4,125
66.41,122
66.42,95
66.43,120
66.44,120
66.45,87
66.46,103
66.47,85
66.48,122
66.49,121
66.5,79
66.51,119
66.52,96
66.53,82
66.54,97
66.55,127
66.56,86
66.57,122
66.58,112
66.59,82
66.6,119
66.61,98
66.62,84
66.63,126
66.64,107
66.65,84
66.66,134
66.67,124
66.68,93
66.69,103
66.7,132
66.71,99
66.72,121
66.73,88
66.74,113
66.75,122
66.76,95
66.77,123
66.78,124
66.79,85
66.8,138
66.81,113
66.82,74
66.83,113
66.84,111
66.85,98
66.86,119
66.87,125
66.88,68
66.89,115
66.9,135
66.91,95
66.92,123
66.93,154
66.94,115
66.95,150
66.96,117
66.97,144
66.98,152
66.99,110
67,207
67.01,164
67.02,96
67.03,155
67.04,130
67.05,96
67.06,119
67.07,130
67.08,86
67.09,103
67.1,128
67.11,89
67.12,119
67.13,134
67.14,83
67.15,110
67.16,113
67.17,83
67.18,101
67.19,89
67.2,96
67.21,116
67.22,84
67.23,128
67.24,97
67.25,86
67.26,118
67.27,111
67.28,70
67.29,107
67.3,123
67.31,93
67.32,101
67.33,90
67.34,79
67.35,108
67.36,121
67.37,74
67.38,123
67.39,103
67.4,71
67.41,91
67.42,88
67.43,117
67.44,89
67.45,80
67.46,109
67.47,108
67.48,72
67.49,104
67.5,104
67.51,71
67.52,112
67.53,100
67.54,79
67.55,107
67.56,102
67.57,87
67.58,102
67.59,117
67.6,81
67.61,104
67.62,109
67.63,71
67.64,101
67.65,76
67.66,107
67.67,108
67.68,85
67.69,105
67.7,96
67.71,74
67.72,107
67.73,104
67.74,76
67.75,101
67.76,121
67.77,83
67.78,90
67.79,119
67.8,71
67.81,98
67.82,114
67.83,96
67.84,133
67.85,122
67.86,116
67.87,144
67.88,111
67.89,134
67.9,131
67.91,112
67.92,146
67.93,145
67.94,150
67.95,182
67.96,204
67.97,184
67.98,237
67.99,285
68,257
68.01,207
68.02,155
68.03,102
68.04,161
68.05,144
68.06,86
68.07,130
68.08,128
68.09,72
68.1,113
68.11,109
68.12,71
68.13,106
68.14,75
68.15,108
68.16,113
68.17,71
68.18,109
68.19,102
68.2,62
68.21,111
68.22,116
68.23,76
68.24,95
68.25,80
68.26,67
68.27,98
68.28,117
68.29,56
68.3,103
68.31,88
68.32,63
68.33,84
68.34,112
68.35,71
68.36,83
68.37,64
68.38,100
68.39,70
68.4,65
68.41,92
68.42,92
68.43,54
68.44,90
68.45,101
68.46,60
68.47,80
68.48,97
68.49,75
68.5,76
68.51,82
68.52,77
68.53,98
68.54,105
68.55,71
68.56,92
68.57,84
68.58,61
68.59,101
68.6,71
68.61,89
68.62,101
68.63,63
68.64,79
68.65,90
68.66,75
68.67,85
68.68,112
68.69,72
68.7,114
68.71,98
68.72,53
68.73,92
68.74,82
68.75,82
68.76,102
68.77,97
68.78,72
68.79,110
68.8,94
68.81,80
68.82,96
68.83,82
68.84,87
68.85,103
68.86,70
68.87,91
68.88,101
68.89,101
68.9,117
68.91,97
68.92,93
68.93,111
68.94,110
68.95,83
68.96,129
68.97,123
68.98,109
68.99,159
69,148
69.01,94
69.02,113
69.03,112
69.04,78
69.05,125
69.06,75
69.07,111
69.08,103
69.09,67
69.1,95
69.11,93
69.12,71
69.13,96
69.14,97
69.15,59
69.16,88
69.17,89
69.18,58
69.19,95
69.2,124
69.21,63
69.22,89
69.23,92
69.24,68
69.25,97
69.26,86
69.27,55
69.28,87
69.29,67
69.3,81
69.31,77
69.32,72
69.33,88
69.34,92
69.35,71
69.36,81
69.37,82
69.38,60
69.39,82
69.4,79
69.41,63
69.42,95
69.43,103
69.44,68
69.45,73
69.46,86
69.47,52
69.48,84
69.49,87
69.5,69
69.51,88
69.52,75
69.53,49
69.54,80
69.55,75
69.56,87
69.57,67
69.58,67
69.59,82
69.6,79
69.61,65
69.62,70
69.63,70
69.64,69
69.65,75
69.66,79
69.67,64
69.68,73
69.69,74
69.7,64
69.71,83
69.72,94
69.73,57
69.74,88
69.75,74
69.76,69
69.77,84
69.78,58
69.79,89
69.8,89
69.81,53
69.82,86
69.83,96
69.84,80
69.85,121
69.86,128
69.87,75
69.88,115
69.89,136
69.9,90
69.91,128
69.92,139
69.93,125
69.94,149
69.95,185
69.96,188
69.97,213
69.98,231
69.99,178
70,292
70.01,155
70.02,144
70.03,127
70.04,79
70.05,109
70.06,99
70.07,85
70.08,93
70.09,92
70.1,79
70.11,98
70.12,65
70.13,64
70.14,90
70.15,77
70.16,67
70.17,88
70.18,77
70.19,65
70.2,72
70.21,75
70.22,60
70.23,72
70.24,50
70.25,74
70.26,80
70.27,58
70.28,74
70.29,71
70.3,55
70.31,62
70.32,84
70.33,60
70.34,62
70.35,90
70.36,62
70.37,72
70.38,91
70.39,63
70.4,73
70.41,71
70.42,57
70.43,71
70.44,80
70.45,60
70.46,74
70.47,66
70.48,77
70.49,73
70.5,75
70.51,74
70.52,93
70.53,52
70.54,74
70.55,69
70.56,69
70.57,87
70.58,70
70.59,53
70.6,69
70.61,88
70.62,58
70.63,91
70.64,76
70.65,70
70.66,86
70.67,79
70.68,64
70.69,74
70.7,75
70.71,58
70.72,76
70.73,52
70.74,88
70.75,84
70.76,53
70.77,90
70.78,83
70.79,69
70.8,74
70.81,82
70.82,45
70.83,63
70.84,60
70.85,74
70.86,77
70.87,87
70.88,66
70.89,71
70.9,83
70.91,62
70.92,81
70.93,88
70.94,68
70.95,64
70.96,75
70.97,108
70.98,108
70.99,84
71,126
71.01,108
71.02,82
71.03,82
71.04,101
71.05,53
71.06,84
71.07,83
71.08,49
71.09,82
71.1,89
71.11,41
71.12,85
71.13,75
71.14,66
71.15,71
71.16,61
71.17,58
71.18,86
71.19,46
71.2,84
71.21,66
71.22,47
71.23,73
71.24,71
71.25,44
71.26,85
71.27,68
71.28,48
71.29,69
71.3,55
71.31,51
71.32,69
71.33,73
71.34,56
71.35,57
71.36,67
71.37,58
71.38,68
71.39,69
71.4,50
71.41,69
71.42,43
71.43,62
71.44,74
71.45,57
71.46,82
71.47,58
71.48,56
71.49,56
71.5,49
71.51,60
71.52,64
71.53,69
71.54,67
71.55,70
71.56,78
71.57,54
71.58,57
71.59,67
71.6,57
71.61,65
71.62,70
71.63,41
71.64,74
71.65,46
71.66,74
71.67,67
71.68,51
71.69,67
71.7,53
71.71,58
71.72,57
71.73,75
71.74,54
71.75,64
71.76,68
71.77,52
71.78,68
71.79,54
71.8,51
71.81,73
71.82,64
71.83,55
71.84,63
71.85,77
71.86,46
71.87,84
71.88,62
71.89,73
71.9,82
71.91,61
71.92,79
71.93,81
71.94,54
71.95,87
71.96,119
71.97,88
71.98,117
71.99,123
72,110
72.01,107
72.02,95
72.03,60
72.04,98
72.05,83
72.06,48
72.07,69
72.08,54
72.09,45
72.1,68
72.11,52
72.12,57
72.13,69
72.14,45
72.15,70
72.16,56
72.17,50
72.18,73
72.19,73
72.2,59
72.21,61
72.22,53
72.23,50
72.24,60
72.25,81
72.26,44
72.27,85
72.28,62
72.29,40
72.3,54
72.31,62
72.32,47
72.33,71
72.34,69
72.35,54
72.36,55
72.37,44
72.38,54
72.39,68
72.4,44
72.41,71
72.42,63
72.43,49
72.44,54
72.45,66
72.46,49
72.47,48
72.48,62
72.49,47
72.5,61
72.51,53
72.52,49
72.53,70
72.54,66
72.55,46
72.56,64
72.57,46
72.58,45
72.59,64
72.6,31
72.61,69
72.62,63
72.63,46
72.64,43
72.65,71
72.66,47
72.67,64
72.68,62
72.69,46
72.7,55
72.71,62
72.72,45
72.73,55
72.74,71
72.75,56
72.76,64
72.77,68
72.78,57
72.79,62
72.8,68
72.81,54
72.82,59
72.83,57
72.84,47
72.85,55
72.86,42
72.87,51
72.88,79
72.89,52
72.9,72
72.91,72
72.92,54
72.93,59
72.94,75
72.95,66
72.96,90
72.97,78
72.98,70
72.99,91
73,90
73.01,60
73.02,68
73.03,79
73.04,54
73.05,62
73.06,57
73.07,80
73.08,51
73.09,52
73.1,69
73.11,66
73.12,47
73.13,58
73.14,54
73.15,54
73.16,58
73.17,65
73.18,30
73.19,64
73.2,44
73.21,34
73.22,67
73.23,66
73.24,37
73.25,63
73.26,44
73.27,39
73.28,47
73.29,42
73.3,46
73.31,53
73.32,41
73.33,52
73.34,50
73.35,47
73.36,64
73.37,52
73.38,50
73.39,58
73.4,48
73.41,37
73.42,61
73.43,49
73.44,42
73.45,58
73.46,48
73.47,31
73.48,49
73.49,57
73.5,46
73.51,55
73.52,58
73.53,53
73.54,61
73.55,46
73.56,62
73.57,56
73.58,43
73.59,64
73.6,54
73.61,43
73.62,54
73.63,58
73.64,46
73.65,54
73.66,49
73.67,35
73.68,44
73.69,63
73.7,42
73.71,45
73.72,49
73.73,42
73.74,47
73.75,53
73.76,42
73.77,61
73.78,37
73.79,55
73.8,52
73.81,43
73.82,45
73.83,68
73.84,60
73.85,69
73.86,90
73.87,57
73.88,74
73.89,82
73.9,81
73.91,69
73.92,102
73.93,79
73.94,106
73.95,109
73.96,86
73.97,141
73.98,148
73.99,123
74,176
74.01,93
74.02,85
74.03,94
74.04,64
74.05,64
74.06,75
74.07,51
74.08,80
74.09,45
74.1,37
74.11,53
74.12,41
74.13,42
74.14,59
74.15,59
74.16,38
74.17,55
74.18,53
74.19,38
74.2,43
74.21,57
74.22,31
74.23,51
74.24,43
74.25,52
74.26,57
74.27,38
74.28,51
74.29,56
74.3,28
74.31,49
74.32,51
74.33,28
74.34,53
74.35,51
74.36,39
74.37,47
74.38,57
74.39,34
74.4,42
74.41,58
74.42,22
74.43,37
74.44,41
74.45,48
74.46,48
74.47,39
74.48,62
74.49,46
74.5,43
74.51,46
74.52,45
74.53,36
74.54,43
74.55,42
74.56,38
74.57,44
74.58,42
74.59,40
74.6,50
74.61,50
74.62,37
74.63,44
74.64,44
74.65,41
74.66,32
74.67,45
74.68,36
74.69,52
74.7,51
74.71,30
74.72,41
74.73,37
74.74,49
74.75,49
74.76,36
74.77,44
74.78,43
74.79,43
74.8,59
74.81,63
74.82,42
74.83,45
74.84,53
74.85,36
74.86,45
74.87,44
74.88,43
74.89,57
74.9,63
74.91,53
74.92,55
74.93,57
74.94,50
74.95,58
74.96,57
74.97,66
74.98,76
74.99,75
75,77
75.01,56
75.02,46
75.03,48
75.04,42
75.05,43
75.06,70
75.07,48
75.08,27
75.09,48
75.1,51
75.11,51
75.12,49
75.13,49
75.14,46
75.15,54
75.16,54
75.17,41
75.18,54
75.19,34
75.2,51
75.21,56
75.22,40
75.23,37
75.24,36
75.25,36
75.26,30
75.27,57
75.28,29
75.29,51
75.3,30
75.31,33
75.32,38
75.33,52
75.34,39
75.35,41
75.36,41
75.37,28
75.38,40
75.39,39
75.4,33
75.41,39
75.42,25
75.43,57
75.44,49
75.45,31
75.46,44
75.47,49
75.48,29
75.49,56
75.5,54
75.51,36
75.52,47
75.53,46
75.54,28
75.55,46
75.56,50
75.57,33
75.58,50
75.59,46
75.6,34
75.61,34
75.62,56
75.63,32
75.64,55
75.65,34
75.66,49
75.67,44
75.68,40
75.69,51
75.7,43
75.71,45
75.72,32
75.73,53
75.74,30
75.75,48
75.76,37
75.77,40
75.78,45
75.79,53
75.8,33
75.81,41
75.82,36
75.83,29
75.84,49
75.85,46
75.86,43
75.87,51
75.88,32
75.89,46
75.9,58
75.91,35
75.92,64
75.93,64
75.94,49
75.95,66
75.96,90
75.97,65
75.98,80
75.99,104
76,67
76.01,71
76.02,77
76.03,51
76.04,38
76.05,43
76.06,51
76.07,51
76.08,45
76.09,40
76.1,37
76.11,41
76.12,41
76.13,39
76.14,29
76.15,41
76.16,42
76.17,27
76.18,30
76.19,39
76.2,32
76.21,46
76.22,34
76.23,27
76.24,47
76.25,40
76.26,27
76.27,48
76.28,41
76.29,28
76.3,36
76.31,34
76.32,25
76.33,46
76.34,46
76.35,37
76.36,29
76.37,23
76.38,38
76.39,46
76.4,21
76.41,36
76.42,35
76.43,25
76.44,37
76.45,38
76.46,25
76.47,45
76.48,35
76.49,21
76.5,41
76.51,48
76.52,20
76.53,44
76.54,51
76.55,29
76.56,39
76.57,33
76.58,27
76.59,45
76.6,24
76.61,44
76.62,36
76.63,27
76.64,41
76.65,37
76.66,35
76.67,40
76.68,34
76.69,25
76.7,38
76.71,50
76.72,29
76.73,42
76.74,38
76.75,29
76.76,30
76.77,40
76.78,21
76.79,36
76.8,34
76.81,34
76.82,31
76.83,25
76.84,44
76.85,31
76.86,23
76.87,49
76.88,55
76.89,30
76.9,41
76.91,44
76.92,28
76.93,70
76.94,41
76.95,40
76.96,37
76.97,62
76.98,51
76.99,57
77,63
77.01,39
77.02,44
77.03,39
77.04,29
77.05,38
77.06,31
77.07,48
77.08,45
77.09,21
77.1,38
77.11,36
77.12,29
77.13,41
77.14,48
77.15,25
77.16,38
77.17,36
77.18,26
77.19,35
77.2,29
77.21,36
77.22,34
77.23,28
77.24,33
77.25,37
77.26,37
77.27,29
77.28,33
77.29,27
77.3,36
77.31,32
77.32,22
77.33,35
77.34,39
77.35,29
77.36,39
77.37,45
77.38,35
77.39,35
77.4,34
77.41,39
77.42,37
77.43,35
77.44,24
77.45,50
77.46,36
77.47,24
77.48,38
77.49,32
77.5,29
77.51,44
77.52,31
77.53,31
77.54,33
77.55,27
77.56,35
77.57,42
77.58,22
77.59,34
77.6,30
77.61,34
77.62,32
77.63,29
77.64,26
77.65,28
77.66,33
77.67,21
77.68,36
77.69,34
77.7,29
77.71,41
77.72,39
77.73,26
77.74,43
77.75,26
77.76,37
77.77,42
77.78,22
77.79,39
77.8,38
77.81,22
77.82,40
77.83,37
77.84,41
77.85,37
77.86,44
77.87,32
77.88,51
77.89,61
77.9,42
77.91,44
77.92,47
77.93,44
77.94,79
77.95,68
77.96,56
77.97,70
77.98,74
77.99,73
78,93
78.01,54
78.02,60
78.03,60
78.04,41
78.05,45
78.06,50
78.07,29
78.08,30
78.09,34
78.1,28
78.11,30
78.12,36
78.13,22
78.14,28
78.15,23
78.16,26
78.17,30
78.18,24
78.19,19
78.2,27
78.21,24
78.22,22
78.23,40
78.24,24
78.25,28
78.26,41
78.27,20
78.28,23
78.29,30
78.3,23
78.31,27
78.32,32
78.33,18
78.34,25
78.35,23
78.36,29
78.37,36
78.38,30
78.39,21
78.4,26
78.41,32
78.42,22
78.43,27
78.44,36
78.45,21
78.46,27
78.47,34
78.48,32
78.49,32
78.5,21
78.51,34
78.52,31
78.53,20
78.54,30
78.55,30
78.56,22
78.57,26
78.58,34
78.59,31
78.6,34
78.61,41
78.62,34
78.63,23
78.64,30
78.65,26
78.66,39
78.67,38
78.68,25
78.69,39
78.7,32
78.71,19
78.72,33
78.73,23
78.74,24
78.75,23
78.76,23
78.77,21
78.78,28
78.79,28
78.8,25
78.81,32
78.82,19
78.83,26
78.84,21
78.85,22
78.86,31
78.87,35
78.88,19
78.89,26
78.9,44
78.91,25
78.92,28
78.93,33
78.94,19
78.95,33
78.96,30
78.97,34
78.98,36
78.99,39
79,40
79.01,29
79.02,27
79.03,38
79.04,30
79.05,26
79.06,41
79.07,45
79.08,24
79.09,34
79.1,23
79.11,22
79.12,38
79.13,28
79.14,26
79.15,30
79.16,40
79.17,23
79.18,26
79.19,22
79.2,37
79.21,31
79.22,25
79.23,28
79.24,25
79.25,24
79.26,23
79.27,34
79.28,26
79.29,18
79.3,30
79.31,19
79.32,31
79.33,24
79.34,23
79.35,34
79.36,28
79.37,19
79.38,24
79.39,26
79.4,12
79.41,29
79.42,20
79.43,27
79.44,19
79.45,21
79.46,26
79.47,27
79.48,21
79.49,25
79.5,29
79.51,17
79.52,24
79.53,21
79.54,20
79.55,19
79.56,29
79.57,25
79.58,23
79.59,40
79.6,15
79.61,36
79.62,20
79.63,13
79.64,26
79.65,25
79.66,26
79.67,23
79.68,20
79.69,34
79.7,30
79.71,19
79.72,32
79.73,19
79.74,20
79.75,35
79.76,37
79.77,22
79.78,21
79.79,27
79.8,17
79.81,25
79.82,28
79.83,22
79.84,41
79.85,40
79.86,24
79.87,35
79.88,32
79.89,34
79.9,50
79.91,21
79.92,44
79.93,52
79.94,40
79.95,37
79.96,63
79.97,44
79.98,65
79.99,58
80,44
80.01,69
80.02,41
80.03,27
80.04,40
80.05,35
80.06,26
80.07,26
80.08,40
80.09,24
80.1,24
80.11,25
80.12,17
80.13,20
80.14,15
80.15,24
80.16,28
80.17,17
80.18,28
80.19,30
80.2,31
80.21,26
80.22,32
80.23,14
80.24,28
80.25,26
80.26,16
80.27,20
80.28,23
80.29,22
80.3,21
80.31,23
80.32,16
80.33,22
80.34,32
80.35,22
80.36,22
80.37,33
80.38,18
80.39,19
80.4,18
80.41,25
80.42,15
80.43,13
80.44,14
80.45,23
80.46,16
80.47,19
80.48,24
80.49,12
80.5,19
80.51,23
80.52,16
80.53,10
80.54,17
80.55,20
80.56,11
80.57,16
80.58,17
80.59,28
80.6,14
80.61,41
80.62,26
80.63,15
80.64,23
80.65,22
80.66,20
80.67,29
80.68,25
80.69,20
80.7,19
80.71,26
80.72,22
80.73,26
80.74,27
80.75,11
80.76,29
80.77,23
80.78,12
80.79,20
80.8,19
80.81,19
80.82,25
80.83,19
80.84,28
80.85,24
80.86,24
80.87,25
80.88,12
80.89,22
80.9,32
80.91,23
80.92,18
80.93,31
80.94,26
80.95,27
80.96,36
80.97,30
80.98,22
80.99,40
81,33
81.01,26
81.02,29
81.03,23
81.04,21
81.05,16
81.06,15
81.07,32
81.08,25
81.09,17
81.1,24
81.11,28
81.12,14
81.13,20
81.14,36
81.15,21
81.16,34
81.17,29
81.18,19
81.19,20
81.2,34
81.21,22
81.22,16
81.23,22
81.24,14
81.25,20
81.26,15
81.27,26
81.28,24
81.29,17
81.3,21
81.31,24
81.32,20
81.33,25
81.34,25
81.35,11
81.36,16
81.37,26
81.38,16
81.39,19
81.4,17
81.41,27
81.42,22
81.43,20
81.44,20
81.45,22
81.46,23
81.47,20
81.48,30
81.49,21
81.5,6
81.51,28
81.52,24
81.53,19
81.54,28
81.55,17
81.56,19
81.57,24
81.58,21
81.59,25
81.6,27
81.61,16
81.62,25
81.63,21
81.64,21
81.65,27
81.66,26
81.67,7
81.68,27
81.69,21
81.7,22
81.71,20
81.72,17
81.73,18
81.74,19
81.75,17
81.76,10
81.77,24
81.78,18
81.79,25
81.8,19
81.81,13
81.82,17
81.83,25
81.84,19
81.85,23
81.86,24
81.87,25
81.88,27
81.89,31
81.9,29
81.91,24
81.92,35
81.93,21
81.94,29
81.95,41
81.96,29
81.97,43
81.98,59
81.99,46
82,58
82.01,26
82.02,32
82.03,26
82.04,31
82.05,31
82.06,32
82.07,17
82.08,17
82.09,22
82.1,15
82.11,30
82.12,18
82.13,16
82.14,23
82.15,23
82.16,12
82.17,17
82.18,28
82.19,14
82.2,18
82.21,20
82.22,19
82.23,18
82.24,21
82.25,22
82.26,20
82.27,14
82.28,27
82.29,21
82.3,16
82.31,30
82.32,19
82.33,19
82.34,22
82.35,18
82.36,16
82.37,19
82.38,20
82.39,20
82.4,19
82.41,21
82.42,11
82.43,20
82.44,18
82.45,15
82.46,20
82.47,25
82.48,20
82.49,24
82.5,17
82.51,16
82.52,24
82.53,16
82.54,19
82.55,21
82.56,13
82.57,17
82.58,20
82.59,17
82.6,12
82.61,23
82.62,16
82.63,15
82.64,22
82.65,9
82.66,15
82.67,15
82.68,14
82.69,21
82.7,23
82.71,13
82.72,20
82.73,14
82.74,24
82.75,14
82.76,18
82.77,21
82.78,12
82.79,19
82.8,24
82.81,20
82.82,19
82.83,19
82.84,17
82.85,20
82.86,9
82.87,23
82.88,15
82.89,25
82.9,16
82.91,16
82.92,21
82.93,21
82.94,22
82.95,18
82.96,14
82.97,24
82.98,32
82.99,19
83,30
83.01,28
83.02,7
83.03,27
83.04,17
83.05,25
83.06,14
83.07,17
83.08,14
83.09,22
83.1,15
83.11,13
83.12,12
83.13,16
83.14,11
83.15,14
83.16,14
83.17,14
83.18,11
83.19,12
83.2,15
83.21,17
83.22,4
83.23,11
83.24,13
83.25,9
83.26,21
83.27,17
83.28,10
83.29,11
83.3,16
83.31,12
83.32,19
83.33,17
83.34,11
83.35,24
83.36,20
83.37,13
83.38,21
83.39,17
83.4,13
83.41,17
83.42,16
83.43,20
83.44,24
83.45,11
83.46,11
83.47,20
83.48,15
83.49,14
83.5,24
83.51,11
83.52,14
83.53,9
83.54,13
83.55,12
83.56,17
83.57,17
83.58,13
83.59,14
83.6,14
83.61,25
83.62,18
83.63,17
83.64,18
83.65,16
83.66,16
83.67,22
83.68,12
83.69,17
83.7,14
83.71,14
83.72,20
83.73,20
83.74,13
83.75,19
83.76,23
83.77,18
83.78,18
83.79,19
83.8,15
83.81,14
83.82,17
83.83,10
83.84,8
83.85,19
83.86,20
83.87,20
83.88,28
83.89,22
83.9,23
83.91,16
83.92,20
83.93,21
83.94,16
83.95,32
83.96,26
83.97,22
83.98,26
83.99,26
84,21
84.01,19
84.02,25
84.03,14
84.04,17
84.05,16
84.06,15
84.07,16
84.08,17
84.09,8
84.1,21
84.11,21
84.12,7
84.13,20
84.14,10
84.15,18
84.16,22
84.17,12
84.18,16
84.19,13
84.2,9
84.21,15
84.22,15
84.23,10
84.24,15
84.25,13
84.26,7
84.27,10
84.28,11
84.29,8
84.3,13
84.31,14
84.32,12
84.33,14
84.34,12
84.35,9
84.36,19
84.37,5
84.38,21
84.39,12
84.4,9
84.41,14
84.42,19
84.43,10
84.44,14
84.45,13
84.46,8
84.47,15
84.48,9
84.49,13
84.5,17
84.51,13
84.52,10
84.53,16
84.54,14
84.55,14
84.56,13
84.57,16
84.58,7
84.59,17
84.6,10
84.61,7
84.62,7
84.63,11
84.64,7
84.65,8
84.66,12
84.67,23
84.68,14
84.69,11
84.7,13
84.71,13
84.72,13
84.73,8
84.74,12
84.75,12
84.76,7
84.77,16
84.78,12
84.79,12
84.8,14
84.81,8
84.82,10
84.83,19
84.84,28
84.85,14
84.86,12
84.87,12
84.88,16
84.89,14
84.9,24
84.91,8
84.92,6
84.93,18
84.94,14
84.95,15
84.96,16
84.97,16
84.98,10
84.99,19
85,20
85.01,16
85.02,15
85.03,17
85.04,12
85.05,18
85.06,7
85.07,19
85.08,13
85.09,11
85.1,13
85.11,17
85.12,9
85.13,8
85.14,10
85.15,11
85.16,17
85.17,8
85.18,6
85.19,16
85.2,10
85.21,11
85.22,11
85.23,7
85.24,9
85.25,12
85.26,10
85.27,14
85.28,13
85.29,12
85.3,12
85.31,10
85.32,8
85.33,16
85.34,14
85.35,8
85.36,8
85.37,13
85.38,10
85.39,15
85.4,7
85.41,8
85.42,22
85.43,17
85.44,6
85.45,14
85.46,10
85.47,8
85.48,16
85.49,20
85.5,14
85.51,2
85.52,15
85.53,4
85.54,15
85.55,11
85.56,7
85.57,8
85.58,11
85.59,20
85.6,8
85.61,8
85.62,12
85.63,14
85.64,8
85.65,14
85.66,7
85.67,8
85.68,14
85.69,16
85.7,12
85.71,9
85.72,13
85.73,15
85.74,12
85.75,5
85.76,8
85.77,13
85.78,7
85.79,8
85.8,12
85.81,9
85.82,10
85.83,12
85.84,10
85.85,9
85.86,15
85.87,7
85.88,15
85.89,17
85.9,11
85.91,18
85.92,18
85.93,13
85.94,22
85.95,20
85.96,22
85.97,30
85.98,22
85.99,17
86,34
86.01,18
86.02,25
86.03,12
86.04,8
86.05,23
86.06,17
86.07,8
86.08,14
86.09,11
86.1,5
86.11,9
86.12,10
86.13,6
86.14,14
86.15,11
86.16,8
86.17,10
86.18,11
86.19,10
86.2,11
86.21,9
86.22,7
86.23,12
86.24,11
86.25,12
86.26,13
86.27,13
86.28,14
86.29,8
86.3,12
86.31,11
86.32,12
86.33,8
86.34,9
86.35,9
86.36,6
86.37,10
86.38,7
86.39,9
86.4,12
86.41,10
86.42,6
86.43,10
86.44,12
86.45,4
86.46,8
86.47,9
86.48,12
86.49,7
86.5,7
86.51,10
86.52,13
86.53,8
86.54,9
86.55,17
86.56,5
86.57,8
86.58,12
86.59,10
86.6,5
86.61,9
86.62,5
86.63,13
86.64,18
86.65,9
86.66,9
86.67,12
86.68,4
86.69,10
86.7,6
86.71,14
86.72,10
86.73,8
86.74,4
86.75,14
86.76,7
86.77,12
86.78,8
86.79,9
86.8,12
86.81,8
86.82,5
86.83,14
86.84,10
86.85,9
86.86,14
86.87,10
86.88,10
86.89,13
86.9,7
86.91,5
86.92,10
86.93,13
86.94,11
86.95,9
86.96,8
86.97,9
86.98,9
86.99,5
87,12
87.01,17
87.02,5
87.03,12
87.04,11
87.05,7
87.06,10
87.07,9
87.08,9
87.09,10
87.1,16
87.11,10
87.12,4
87.13,6
87.14,4
87.15,9
87.16,7
87.17,6
87.18,8
87.19,5
87.2,17
87.21,6
87.22,8
87.23,11
87.24,10
87.25,4
87.26,12
87.27,16
87.28,10
87.29,10
87.3,6
87.31,4
87.32,8
87.33,11
87.34,7
87.35,12
87.36,14
87.37,4
87.38,10
87.39,10
87.4,4
87.41,7
87.42,7
87.43,11
87.44,10
87.45,6
87.46,9
87.47,11
87.48,5
87.49,10
87.5,9
87.51,10
87.52,9
87.53,9
87.54,8
87.55,11
87.56,7
87.57,8
87.58,15
87.59,8
87.6,8
87.61,13
87.62,16
87.63,4
87.64,6
87.65,5
87.66,14
87.67,10
87.68,4
87.69,9
87.7,3
87.71,10
87.72,8
87.73,15
87.74,5
87.75,12
87.76,11
87.77,8
87.78,7
87.79,8
87.8,5
87.81,4
87.82,9
87.83,4
87.84,11
87.85,13
87.86,6
87.87,13
87.88,12
87.89,13
87.9,9
87.91,7
87.92,14
87.93,13
87.94,11
87.95,13
87.96,17
87.97,12
87.98,11
87.99,13
88,18
88.01,9
88.02,6
88.03,6
88.04,7
88.05,19
88.06,8
88.07,12
88.08,11
88.09,5
88.1,8
88.11,11
88.12,8
88.13,3
88.14,5
88.15,8
88.16,7
88.17,6
88.18,7
88.19,8
88.2,2
88.21,8
88.22,12
88.23,8
88.24,4
88.25,7
88.26,3
88.27,9
88.28,7
88.29,2
88.3,7
88.31,6
88.32,7
88.33,9
88.34,10
88.35,9
88.36,6
88.37,4
88.38,9
88.39,11
88.4,5
88.41,6
88.42,5
88.43,12
88.44,8
88.45,7
88.46,3
88.47,7
88.48,6
88.49,7
88.5,4
88.51,7
88.52,7
88.53,9
88.54,10
88.55,7
88.56,10
88.57,10
88.58,8
88.59,8
88.6,8
88.61,9
88.62,3
88.63,6
88.64,6
88.65,8
88.66,9
88.67,7
88.68,4
88.69,6
88.7,8
88.71,6
88.72,4
88.73,8
88.74,12
88.75,2
88.76,11
88.77,12
88.78,3
88.79,4
88.8,6
88.81,5
88.82,6
88.83,10
88.84,7
88.85,5
88.86,1
88.87,5
88.88,4
88.89,4
88.9,6
88.91,5
88.92,5
88.93,16
88.94,11
88.95,5
88.96,6
88.97,6
88.98,6
88.99,9
89,13
89.01,6
89.02,10
89.03,5
89.04,4
89.05,7
89.06,2
89.07,5
89.08,2
89.09,6
89.1,1
89.11,7
89.12,4
89.13,9
89.14,3
89.15,2
89.16,11
89.17,5
89.18,5
89.19,6
89.2,3
89.21,5
89.22,6
89.23,5
89.24,5
89.25,5
89.26,7
89.27,2
89.28,8
89.29,3
89.3,7
89.31,9
89.32,3
89.33,9
89.34,6
89.35,3
89.36,10
89.37,5
89.38,3
89.39,5
89.4,5
89.41,9
89.42,12
89.43,10
89.44,4
89.45,7
89.46,4
89.47,3
89.48,10
89.49,6
89.5,1
89.51,6
89.52,6
89.53,4
89.54,4
89.55,1
89.56,6
89.57,6
89.58,5
89.59,5
89.6,7
89.61,4
89.62,8
89.63,3
89.64,4
89.65,4
89.66,6
89.67,4
89.68,5
89.69,11
89.7,4
89.71,9
89.72,6
89.73,4
89.74,3
89.75,7
89.76,2
89.77,9
89.78,7
89.79,7
89.8,5
89.81,2
89.82,3
89.83,3
89.84,4
89.85,8
89.86,9
89.87,6
89.88,3
89.89,6
89.9,3
89.91,11
89.92,7
89.93,6
89.94,9
89.95,6
89.96,5
89.97,12
89.98,10
89.99,9
90,11
90.01,5
90.02,10
90.03,3
90.04,2
90.05,7
90.06,8
90.07,3
90.08,8
90.09,3
90.1,4
90.11,3
90.12,5
90.13,4
90.14,7
90.15,8
90.16,5
90.17,6
90.18,3
90.19,3
90.2,4
90.21,5
90.22,3
90.23,6
90.24,2
90.25,4
90.26,5
90.27,3
90.28,4
90.29,6
90.3,2
90.31,2
90.32,6
90.33,2
90.34,4
90.35,4
90.36,5
90.37,5
90.38,6
90.39,6
90.4,1
90.41,4
90.42,5
90.43,8
90.44,3
90.45,3
90.46,5
90.47,3
90.48,6
90.49,6
90.5,1
90.51,4
90.52,5
90.53,7
90.54,4
90.55,3
90.56,6
90.57,8
90.58,4
90.59,2
90.6,6
90.61,3
90.62,5
90.63,2
90.64,2
90.65,3
90.66,5
90.67,8
90.68,6
90.69,4
90.7,4
90.72,2
90.73,3
90.74,8
90.75,2
90.76,4
90.77,4
90.78,4
90.79,2
90.8,3
90.81,2
90.82,4
90.83,5
90.84,5
90.85,4
90.86,6
90.87,4
90.88,5
90.89,4
90.9,7
90.91,1
90.92,10
90.93,4
90.94,4
90.95,4
90.96,2
90.97,4
90.98,7
90.99,2
91,6
91.01,4
91.02,5
91.03,4
91.04,5
91.05,1
91.06,2
91.07,5
91.08,3
91.09,9
91.1,11
91.11,1
91.12,4
91.13,6
91.14,7
91.15,11
91.16,5
91.17,5
91.18,1
91.19,3
91.2,3
91.21,3
91.22,4
91.23,6
91.24,6
91.25,2
91.27,4
91.28,3
91.29,10
91.3,3
91.31,1
91.32,2
91.33,5
91.34,3
91.35,3
91.36,2
91.37,2
91.38,2
91.39,6
91.4,3
91.41,4
91.42,1
91.43,4
91.44,4
91.45,4
91.46,2
91.47,4
91.48,4
91.49,3
91.5,4
91.51,5
91.52,3
91.53,6
91.54,3
91.55,9
91.56,3
91.57,2
91.58,6
91.59,1
91.6,3
91.61,4
91.62,4
91.63,9
91.64,7
91.65,3
91.66,3
91.67,7
91.68,2
91.69,5
91.7,4
91.71,3
91.72,6
91.73,4
91.74,4
91.75,2
91.76,4
91.77,3
91.78,2
91.79,4
91.8,3
91.81,3
91.82,2
91.83,5
91.84,4
91.85,6
91.86,1
91.87,8
91.88,4
91.89,6
91.9,2
91.91,3
91.92,6
91.93,7
91.94,3
91.95,8
91.96,7
91.97,5
91.98,10
91.99,6
92,5
92.01,12
92.02,4
92.03,5
92.04,3
92.05,7
92.06,5
92.07,2
92.08,6
92.09,1
92.1,5
92.11,3
92.12,2
92.13,6
92.14,2
92.15,1
92.16,3
92.17,4
92.18,3
92.19,5
92.2,3
92.21,2
92.22,3
92.24,1
92.25,3
92.26,2
92.27,7
92.28,4
92.29,1
92.3,5
92.31,3
92.32,1
92.33,1
92.34,2
92.35,1
92.36,3
92.37,3
92.38,3
92.39,1
92.4,3
92.42,5
92.43,2
92.44,2
92.45,1
92.46,2
92.47,2
92.49,2
92.5,2
92.51,3
92.52,2
92.53,2
92.55,3
92.56,2
92.58,4
92.59,3
92.6,6
92.61,2
92.62,4
92.63,6
92.64,5
92.65,2
92.67,1
92.68,3
92.69,1
92.7,5
92.72,3
92.73,4
92.74,4
92.75,3
92.76,1
92.78,3
92.79,4
92.8,2
92.81,2
92.82,3
92.83,2
92.84,2
92.85,2
92.86,1
92.87,1
92.88,3
92.89,7
92.9,1
92.91,4
92.92,2
92.93,2
92.94,1
92.95,1
92.96,2
92.97,2
92.98,2
92.99,2
93,4
93.01,3
93.03,3
93.04,2
93.05,3
93.06,1
93.07,3
93.08,4
93.09,5
93.1,2
93.11,4
93.12,3
93.13,2
93.14,3
93.16,6
93.17,2
93.18,1
93.19,2
93.21,1
93.22,3
93.23,1
93.25,2
93.26,3
93.27,1
93.28,5
93.3,3
93.31,3
93.32,1
93.34,2
93.35,2
93.36,1
93.37,5
93.39,5
93.4,2
93.41,2
93.42,2
93.43,1
93.44,3
93.45,2
93.46,7
93.47,1
93.48,1
93.49,1
93.5,3
93.51,5
93.52,4
93.54,3
93.55,2
93.56,3
93.57,2
93.59,2
93.62,2
93.63,1
93.64,1
93.65,1
93.66,1
93.67,2
93.68,1
93.69,2
93.7,3
93.71,4
93.72,6
93.73,3
93.74,3
93.75,2
93.77,1
93.78,2
93.79,4
93.8,1
93.82,2
93.83,2
93.84,2
93.85,3
93.86,3
93.87,3
93.88,2
93.89,2
93.9,2
93.91,2
93.92,2
93.93,1
93.94,6
93.95,2
93.96,2
93.97,3
93.98,6
93.99,3
94,4
94.01,1
94.03,2
94.05,2
94.06,1
94.09,2
94.1,3
94.11,4
94.12,3
94.13,1
94.14,2
94.16,3
94.17,3
94.18,3
94.2,4
94.21,2
94.23,1
94.25,1
94.26,1
94.27,1
94.29,1
94.3,2
94.31,4
94.32,3
94.34,5
94.35,1
94.36,1
94.37,2
94.38,3
94.4,2
94.41,1
94.42,1
94.43,1
94.45,1
94.46,4
94.47,1
94.48,2
94.49,2
94.5,2
94.51,1
94.52,1
94.53,2
94.54,2
94.55,1
94.56,2
94.57,1
94.58,3
94.6,2
94.61,1
94.63,5
94.64,2
94.65,3
94.66,4
94.68,2
94.7,2
94.73,1
94.74,4
94.75,3
94.76,1
94.78,3
94.79,2
94.8,4
94.82,2
94.83,1
94.84,1
94.85,1
94.86,2
94.87,1
94.88,2
94.89,1
94.9,1
94.91,1
94.92,3
94.93,2
94.94,3
94.95,1
94.96,2
94.98,2
94.99,1
95,2
95.01,1
95.02,3
95.03,4
95.04,3
95.05,1
95.06,1
95.09,1
95.1,2
95.11,1
95.12,1
95.13,2
95.16,1
95.18,1
95.19,2
95.21,1
95.23,2
95.25,1
95.26,1
95.27,1
95.29,1
95.3,1
95.32,1
95.33,2
95.36,1
95.37,2
95.38,1
95.39,2
95.4,3
95.41,1
95.42,1
95.43,1
95.44,1
95.48,2
95.49,3
95.5,1
95.51,2
95.56,3
95.59,1
95.6,1
95.61,1
95.64,1
95.66,1
95.67,2
95.68,2
95.69,1
95.7,1
95.71,1
95.73,1
95.75,1
95.79,1
95.81,2
95.82,3
95.84,1
95.85,1
95.86,1
95.87,3
95.88,1
95.89,1
95.9,1
95.92,2
95.93,1
95.94,3
95.95,1
95.96,1
95.97,2
95.98,2
95.99,2
96,3
96.01,3
96.02,1
96.04,1
96.06,2
96.07,1
96.08,2
96.1,1
96.13,1
96.15,1
96.16,1
96.17,1
96.19,1
96.2,2
96.21,2
96.24,4
96.27,3
96.28,1
96.3,2
96.32,1
96.33,1
96.37,2
96.38,2
96.42,1
96.44,2
96.45,1
96.46,1
96.47,1
96.51,1
96.52,1
96.53,3
96.54,1
96.56,1
96.62,2
96.63,1
96.69,1
96.7,2
96.71,2
96.72,1
96.74,4
96.78,2
96.84,1
96.87,1
96.88,2
96.96,1
96.99,2
97,1
97.01,1
97.02,2
97.03,2
97.04,1
97.05,1
97.07,1
97.09,1
97.1,1
97.12,1
97.14,1
97.15,1
97.18,1
97.19,2
97.2,1
97.22,2
97.26,1
97.28,1
97.31,1
97.33,1
97.36,1
97.37,1
97.38,2
97.39,1
97.4,1
97.41,1
97.43,1
97.44,1
97.48,1
97.5,1
97.54,1
97.55,1
97.6,2
97.63,1
97.65,1
97.67,1
97.68,1
97.7,1
97.72,2
97.73,2
97.78,3
97.79,1
97.85,1
97.86,1
97.89,2
97.91,1
97.92,1
97.93,3
97.95,1
97.99,1
98.04,1
98.05,1
98.07,1
98.12,1
98.14,1
98.2,1
98.23,1
98.3,1
98.32,2
98.33,1
98.37,1
98.38,1
98.44,2
98.46,1
98.47,1
98.49,2
98.51,1
98.53,1
98.54,1
98.58,1
98.62,1
98.64,2
98.72,1
98.8,1
98.84,2
98.9,1
98.91,1
98.93,1
98.97,1
99,1
99.05,1
99.06,1
99.07,1
99.09,1
99.11,1
99.13,1
99.15,2
99.23,1
99.26,1
99.33,1
99.46,2
99.48,1
99.53,2
99.67,1
99.69,1
99.71,1
99.73,2
99.74,1
99.75,1
99.78,1
99.8,1
99.89,1
99.91,1
99.93,2
99.94,2
99.95,1
99.98,1
99.99,1
100,1
100.01,1
100.02,1
100.04,1
100.06,1
100.1,1
100.17,1
100.2,1
100.24,2
100.3,1
100.33,1
100.37,1
100.38,1
100.39,1
100.43,1
100.45,1
100.67,1
100.74,2
100.77,1
100.83,1
100.85,1
100.87,1
100.88,1
101.14,1
101.16,1
101.4,1
101.42,1
101.59,1
102.29,1
102.41,1
102.43,1
102.65,1
102.69,1
103.4,1
103.48,1
103.5,1
103.94,1
104.24,1
104.28,2
104.74,1
104.83,1
104.89,1
105.17,1
111.43,1
167.75,1
169.01,1
169.05,1
201.73,1
216.17,1
969.95,1
