text_res_unit_nbr,Count
,1801938
-A,1
# 1,1
# 8,1
# B,3
# C,2
#1,4
#10,2
#115,1
#12,1
#15A,1
#198,1
#2,10
#207,1
#208,1
#209,1
#215,1
#234E,1
#26,2
#27,1
#3,5
#30,1
#302,1
#310,1
#32,2
#4,3
#4105,1
#5,2
#6,2
#7,1
#8,2
#9,3
#A,2
#B,2
#D102,1
#G,1
#G-30,1
#G303,1
#H,1
#O0 #2,1
*,1
.,1
.5,4
:,1
:05,1
:2,1
:8,1
:B7,1
?,4
??,1
0,15
00,1
000,5
0000,1
001,10
002,7
003,7
004,7
005,2
005A,1
006,6
007,3
008,3
008N,1
01,11
01-202,1
010,1
0106,1
0109,1
011,7
0110,2
01106,1
0112,1
0116,1
012,3
01305,1
0153,1
0157,1
018,1
019,1
019-B,2
02,17
02-101,1
02-105,1
02-302,1
02-306,1
0201,1
0203,1
0204,1
0208,2
021,1
02102,1
0211,1
0212,1
0213,1
022,1
0224,1
02302,1
02304,1
02306,1
0232,1
02A,1
03,13
03-08,1
03-305,1
0306,1
0308,1
0316,1
03201,1
0321,2
0324,1
0330,1
0338,1
037,1
039,1
03G,1
04,12
04-203,1
04-303,1
04-305,1
0401,1
0402,1
0409,2
041,1
0410,1
0413,1
0416,1
04201,2
0422,1
043,1
047,1
05,7
05-103,1
050,1
0503,1
0508,1
0513,1
0516,1
052,1
0521,1
0522,1
0523,1
053,1
05303,1
05305,1
054,2
057,1
058,1
059,1
06,9
06 D,1
0605,1
0606,1
061,1
06102,1
06106,1
0611,1
0612,1
0613,1
0614,1
0616,1
0617,1
06201,1
06204,1
0622,2
0623,1
066,1
06A,1
06B,1
06C,1
07,7
07-106,1
0702,1
0707,1
0711-D,1
0712,1
0714,2
0716,2
07303,1
0734-C,1
078,1
079,1
08,12
08-101,1
08-201,1
08-204,1
08-205,2
08-303,2
08 E,1
080,1
0801,1
0803,1
0806,2
0808,1
0809,1
0810,1
0812,1
0815,1
083,1
087,1
089,2
09,13
09-106,1
09-206,1
0902,1
0903,1
0904,1
0906,1
0908,1
0910,1
09101,1
0913,1
0917,1
09202,1
0921,1
0923,1
09301,1
094,2
097,1
09C,1
1,6397
1-03,1
1-04,1
1-05,1
1-07,1
1-1,2
1-10,1
1-102,1
1-103,2
1-105,1
1-106,3
1-107,2
1-113,1
1-114,2
1-117,1
1-2,1
1-201,3
1-202,1
1-203,2
1-204,3
1-206,1
1-208,1
1-223,1
1-3,1
1-301,1
1-303,1
1-304,1
1-307,2
1-412,1
1-421,1
1-8,1
1-A,2
1-A1,2
1-B,4
1-B4,1
1-B5,1
1-C,1
1-C1,1
1-C2,1
1-C5,1
1-E,2
1-F,1
1-K,1
1 212,1
1 A,1
1 W,1
"1, BLD 11",1
"1, BLDG 11",1
1/,1
1/2,147
1/2 D,1
10,1359
10-101,4
10-102,2
10-1021D,1
10-1022B,1
10-103,5
10-1033A,1
10-104,4
10-105,1
10-106,3
10-108,1
10-109,1
10-201,5
10-202,2
10-203,1
10-204,1
10-205,1
10-206,2
10-207,2
10-208,1
10-302,1
10-304,2
10-306,1
10-309,1
10-A,1
10-B,1
10-E,1
10 B,2
10 L,1
100,380
100-1,3
100-2,1
100-4,1
100-5,1
100-6,1
100-7,3
100 B,1
1000,15
1001,143
1002,148
1003,129
1004,139
1005,107
1006,106
1007,82
1008,95
1008B,1
1009,52
100A,4
100B,4
101,1941
101-119,1
101-28,1
101-A,1
101-D,1
101 A,1
1010,68
10101,16
10102,17
10103,19
10104,13
10105,18
10106,15
10107,8
10108,5
10109,2
1011,87
10110,9
10111,2
10112,3
10116,1
10118,2
1011A,1
1012,90
1013,55
1013K,1
1014,75
1014A,1
1015,48
1016,61
1016-A,1
1017,33
1017A,2
1018,40
1019,20
101A,16
101B,12
101C,7
101D,5
101E,1
101F,1
101N,1
101W,1
102,1918
102-1,1
102-A,1
102 B,1
1020,21
10201,17
10202,15
10203,11
10204,19
10205,7
10206,14
10207,7
10208,7
10209,2
1021,53
10210,5
10211,3
10212,2
10214,2
10215,1
10217,2
10218,2
1022,50
1023,50
1024,56
1025,24
1026,32
1027,21
1027A,1
1028,20
1029,10
1029 1/2,1
102A,11
102B,11
102C,1
102D,1
102E,2
102S,1
103,1584
103-B,1
103-D,2
103 B,1
1030,3
10301,5
10302,5
10303,4
10304,7
10305,2
10306,3
10307,2
1031,23
10310,1
10311,2
10312,2
10313,2
10314,3
10315,2
10316,1
1032,15
1033,13
1033C,1
1034,11
1034A,1
1035,11
1036,13
1037,10
1038,7
1039,1
103A,16
103B,10
103C,4
103D,4
104,1541
104-B,2
104-D,1
104 A,1
104 B 11,1
1040,2
1041,3
1042,2
1043,1
1047,4
1048,1
1049,3
104A,9
104B,5
104C,1
104S,1
105,1141
105-A,1
105 B,1
1050,2
1052,1
1053,4
1054,2
1055,3
1056,2
1058,2
1059,1
105A,6
105B,7
105C,4
105D,3
105F,2
105L,1
105R,2
106,1173
1060,1
1061,2
1063,2
1064,1
1065,1
1066,1
1069,1
106A,6
106B,4
106C,1
106D,2
106E,1
106W,1
107,880
107-1,1
107-A,1
107-B,1
107-D,1
1070,3
1072,1
10724,1
1075,3
1076,1
1078,2
10783B,1
107A,18
107B,13
107C,3
107D,1
107E,1
107F,1
107R,1
107W,2
108,868
108 B,1
10805,1
1080R,1
1088,1
1089,2
108A,9
108B,7
108C,1
108D,1
108F,1
108S,1
109,540
10960,1
1097,2
1099,1
109A,5
109B,3
109C,1
109W,1
10A,35
10A7,2
10A8,1
10B,35
10B3,1
10B9,1
10C,34
10C5,1
10D,15
10E,13
10F,9
10G,4
10H,5
10IK,1
10K,1
10S,1
10V,1
10W,2
10Y,1
11,1365
11-101,4
11-102,2
11-103,3
11-104,1
11-105,1
11-106,4
11-108,1
11-1111A,1
11-1111B,1
11-1126,1
11-202,1
11-203,3
11-204,3
11-205,2
11-206,2
11-207,1
11-208,1
11-302,2
11-309,1
11-58,1
11-67,1
11 - 250,1
11 203A,1
11/106,1
110,644
1100,17
11001,1
11002,2
11004,1
1100A,2
1101,165
11011,2
11013,2
11015,1
11017,1
11019,1
1101A,1
1102,166
1103,146
1104,140
1105,127
1105-14,1
1106,129
1107,116
1108,100
1109,82
110A,1
110B,2
110I,1
111,633
1110,67
11101,11
11102,17
11103,17
11104,12
11105,10
11106,18
11107,12
11108,8
11109,3
1111,91
1111-C,1
11110,3
11111,1
11112,1
11114,1
11115,2
11116,1
11118,1
11119,1
1112,92
11120,1
1113,60
1114,75
1115,52
1116,56
11164,1
1116A,1
1117,48
1118,49
1118B,1
1119,23
111A,6
111B,8
111C,3
111D,1
111E,1
112,617
112-5,1
112-B,1
112 B,1
1120,19
11201,17
11202,15
11203,11
11204,13
11205,18
11206,12
11207,7
11208,5
11209,1
1121,46
11210,4
11211,2
11212,2
11213,3
11214,2
11215,2
11216,1
11217,1
11219,1
1121A,1
1122,51
11220,1
1123,40
1123A,1
1124,39
11243,1
1125,13
1126,21
1127,24
1128,13
1129,2
112A,2
112B,3
112C,1
113,407
1130,1
11301,10
11302,7
11303,5
11304,5
11305,6
11306,4
11307,2
11308,1
11309,1
1131,12
11310,1
11311,1
11312,2
11313,1
11314,1
11315,6
11316,1
11317,1
11318,1
11319,1
1132,22
11320,3
1133,18
1133A,2
1134,14
1135,5
1136,11
1137,11
1138,8
1139,1
113A,1
113B,3
113PL,1
114,420
114-2,1
114-A,2
1140,2
11401,2
11402,4
11403,3
11404,4
11405,6
11406,1
11407,2
11408,1
1141,2
11411,3
11412,4
11413,6
11414,1
11415,2
11416,1
11417,1
11419,2
1142,1
11420,1
1143,2
1144,3
1147,3
1148,2
114B,4
114W,1
115,393
115 B,1
115 CORBIN,1
115 D,1
1157,1
1158,1
115A,2
115B,1
115D,1
116,407
1164,1
116A,1
116B,2
116C,1
116D,1
116N,1
117,328
1177,1
1179,2
117B,1
118,295
118-306,2
1184,1
118E,1
119,230
1192,1
1197,1
119B,1
11A,28
11A1,2
11A5,2
11B,26
11B3,1
11B4,1
11B7,1
11C,30
11D,8
11DE,2
11E,7
11F,5
11G,2
11H,4
11I,1
11J,1
11L,1
11N,2
11T,1
11V,1
11W,2
11Y,1
12,1259
12-101,2
12-102,3
12-103,5
12-104,4
12-105,1
12-106,3
12-107,1
12-108,2
12-201,2
12-202,2
12-203,2
12-204,3
12-205,3
12-206,3
12-208,1
12-2A,1
12-301,1
12-304,3
12-67,1
12-B,1
12-G,1
12 A,1
120,269
120-1,1
1200,20
12003,1
12005,1
12006,1
12007,1
12008,1
12009,1
1201,154
1201-B,1
12010,1
12011,1
12012,1
12013,2
12014,1
12015,1
12016,1
12017,1
12018,5
12019,1
1202,158
12020,2
12021,1
12023,1
12024,1
12025,2
12026,2
12027,1
12028,1
12029,1
1203,144
12030,2
12031,1
12032,1
1204,127
1205,105
1206,114
1207,84
1208,97
1209,70
120A,1
120B,2
120C,1
120D,1
121,291
121-1,1
1210,69
12101,12
12102,21
12103,17
12104,12
12105,7
12106,12
12107,8
12108,9
12109,6
1211,90
1211-C,1
12110,5
12111,3
12112,3
12113,1
12114,1
12115,3
12116,1
12117,1
12118,2
12119,1
1212,84
12121,1
12122,2
12123,2
12124,1
12125,1
12126,1
12127,2
12128,1
12129,2
1213,53
12131,1
12132,1
1214,61
1215,38
1216,43
1217,36
1217A,1
1217B,1
1218,40
1219,23
121B,2
121D,1
121F,2
121W,1
122,266
1220,20
12201,12
12202,16
12203,13
12204,7
12205,11
12206,11
12207,8
12208,3
12209,6
1221,37
12210,4
12211,3
12212,5
12213,2
12214,1
12215,2
12216,1
12217,1
12218,1
12219,2
1222,40
12220,2
12223,2
12225,3
12227,1
12228,1
1223,41
12230,2
12231,1
12232,1
1224,41
1224B,1
1225,20
1226,32
1227,21
1228,21
1229,2
122A,2
122E,1
123,226
123-A,1
1230,2
12301,10
12302,6
12303,4
12304,3
12305,3
12306,5
12307,4
12308,4
12309,2
1231,11
12310,5
12313,1
12314,2
12315,2
12316,2
12317,2
12318,1
12319,1
1231A,1
1232,10
12320,1
12321,1
12322,1
12324,2
12325,1
12326,1
12327,1
12328,1
12329,1
1233,11
12330,2
12331,1
12332,1
1234,5
1235,7
1236,7
12366,1
1237,4
1238,4
1239,1
12394,1
123A,1
123B,2
124,240
124-A,1
1240,2
1241,4
1242,1
1243,1
1245,4
1246,4
1247,3
1248,1
124A,2
124B,1
124C,1
124D,1
125,183
1250,4
1252,2
1255,2
1257,1
1259,2
125K,1
125W,1
126,196
1260,1
1261,1
1262,3
1263,1
1264,2
1266,1
1269,1
126A,1
126B,3
127,181
127-1,1
1273,1
1274,1
1276,2
12762,3
1277,1
1279,1
127A,1
127C,1
128,172
128-1,1
128-2,1
12830,1
12835,1
128A,2
128B,2
129,122
129-1,1
1291,2
12913,1
12915,1
12917,3
12919,2
12923,1
12925,1
12927,2
12928,1
12929,1
1293,2
12930,2
12931,1
12932,1
1295,3
129A,1
129B,1
12A,33
12A1,1
12A7,1
12AB,1
12B,37
12B3,1
12B4,1
12B9,1
12C,20
12C11,1
12C12,1
12D,10
12DE,1
12E,4
12F,5
12G,2
12H,4
12I,1
12J,3
12K,3
12N,2
12R,1
12S,1
12X,3
12Z,1
13,620
13-101,1
13-102,2
13-103,1
13-104,1
13-105,1
13-106,2
13-201,1
13-202,1
13-203,1
13-204,2
13-205,3
13-206,1
13-207,1
13-302,3
13-302D,1
13-303,2
13-304,1
13-307,1
13-309,2
13-E,1
130,133
130-1,1
1300,13
1300A,3
1300B,1
1300C,1
1301,121
13012,1
1302,144
1302C,1
1303,119
1304,130
1305,89
1306,98
13064,1
1307,76
1308,100
1309,63
130A,2
130B,2
130C,1
131,134
131 A,1
131 D,1
1310,61
13101,14
13102,16
13103,11
13104,12
13105,7
13106,10
13107,5
13108,5
13109,8
1311,85
13110,5
13111,1
13112,1
13113,2
13114,1
1311A,1
1312,82
1313,63
13134,1
1314,54
1315,41
1316,33
1317,42
1318,20
1319,14
131A,2
131B,1
132,136
1320,15
13201,9
13202,13
13203,14
13204,22
13205,8
13206,13
13207,7
13208,1
13209,4
1321,26
13211,2
13212,2
13213,2
13214,1
13215,1
13216,1
13217,2
13218,2
13219,2
1322,35
13220,2
13221,1
1323,29
1324,38
1325,18
1326,17
1327,14
1328,17
1329,2
132A,3
132B,2
132C,1
133,160
1330,1
13301,2
13302,6
13303,5
13304,4
13305,3
13306,4
13307,1
13308,2
13309,2
1331,10
13310,2
13312,1
13313,1
13314,1
13315,1
13316,1
13317,2
13318,1
13319,1
1332,10
13320,1
13321,1
13322,2
13323,2
13325,1
13326,1
1333,8
1334,10
1334-D,1
1335,2
1336,5
1337,4
1338,7
133A,1
133B,2
134,115
1340,2
13401,2
13402,2
13403,1
13404,2
13405,1
13407,1
13408,2
13409,1
13410,1
13411,1
13412,1
13413,1
13415,2
13417,1
13418,2
13419,1
1342,3
13422,1
13423,1
13424,1
13425,2
13426,2
1343,4
1344,1
13445,1
1345,3
1346,1
1347,2
1348,6
1349,1
135,119
1350,2
1351,1
1352,3
1353,4
1355,1
1357,4
1358,1
1359,5
136,125
1360,1
1361,3
1362,2
1364,1
1365,2
1366,1
1367,3
1369,1
136A,1
136B,3
137,117
1373,1
1375,3
137A,1
138,97
138-B,1
13808,1
138B,1
139,85
139-1,1
13A,22
13A1,1
13A2,2
13A5,1
13B,13
13B3,1
13B4,2
13C,7
13D,5
13E,4
13F,1
13G,1
13H,1
13X,1
14,678
14-101,1
14-102,2
14-103,2
14-104,2
14-105,2
14-106,2
14-11765,1
14-2,1
14-202,1
14-203,2
14-204,1
14-205,1
14-206,3
14-303,3
14-306,1
14-88,1
14 C,1
14 I,2
140,100
1400,14
1401,112
14014,1
1402,112
14024,1
1403,92
1404,94
1405,81
1406,75
1407,70
14075,1
1408,80
1409,64
14095,1
140B,1
141,78
1410,67
14101,8
14102,9
14103,11
14104,6
14105,9
14106,14
14107,4
14108,6
14109,5
1411,84
14110,4
14111,6
14112,3
14114,1
14115,2
14118,2
14119,2
1412,72
14122,1
14123,2
14124,1
14125,1
14127,2
14128,1
14129,2
1413,49
14130,2
14131,1
14132,2
14134,1
1414,60
1415,41
1416,44
1417,28
1418,21
1419,13
142,90
142-1,1
1420,19
14201,12
14202,9
14203,9
14204,10
14205,12
14206,13
14207,7
14208,5
14209,2
1421,38
14210,3
14211,4
14212,3
14213,1
14214,2
14215,1
14218,2
14219,1
1422,37
14222,2
14223,2
14224,1
14225,2
14227,1
14228,2
14229,1
1423,43
14230,1
14231,1
14232,2
14234,2
1424,32
1425,19
1426,23
1427,18
1427B,1
1428,18
1429,7
142A,1
142B,1
143,91
14301,8
14302,3
14303,1
14304,2
14305,4
14306,4
14307,2
14308,1
14309,1
1431,12
1431 C,1
14310,1
14311,1
14312,3
14313,1
14315,2
14318,1
1432,12
14322,2
14323,2
14324,2
14325,2
14327,2
14328,1
14329,1
1433,14
14330,2
14331,1
14332,3
14334,2
1434,9
1435,7
1436,8
1437,4
1438,7
1439,4
143A,1
143D,1
144,95
1440,2
14403,1
14405,2
14406,1
14407,2
14408,1
14409,1
1441,1
14411,1
14412,1
14413,1
14414,2
14415,1
14418,1
14419,2
14422,1
14423,1
14424,1
14425,1
14427,1
14428,2
14429,2
14430,1
14431,1
14432,1
14434,1
1444,1
1445,3
1446,6
1447,2
1448,3
1449,1
145,66
1450,2
1451,2
1452,2
1453,1
1454,4
1455,4
1456,2
1457,4
1458,2
1459,2
146,77
1460,2
1461,4
1462,1
1463,2
1464,2
1465,2
1466,1
1467,3
147,81
1473,1
1475,2
1477,1
148,69
149,60
14A,19
14A1,1
14A2,3
14A5,2
14A6,1
14B,12
14B4,1
14B8,2
14C,7
14D,8
14E,4
14F,3
14G,2
14H,3
14I,3
14L,1
14O,1
14P,1
15,630
15-101,2
15-102,1
15-103,2
15-104,3
15-105,2
15-106,4
15-1A,1
15-202,1
15-203,2
15-204,3
15-206,1
15-208,1
15-301,1
15-302,1
15-303,2
15-305,2
15-7B,1
15-A5,1
150,62
1500,23
15001,1
15003,2
15006,2
15007,1
15009,1
1501,97
1502,98
1503,91
1504,85
1505,67
1506,56
1507,52
1508,49
1509,28
151,69
151-1,1
1510,29
15100,1
15101,15
15102,10
15102O,1
15103,11
15104,11
15105,10
15106,15
15107,6
15108,5
15109,4
1511,56
15110,2
15111,6
15112,1
15113,2
15114,3
15115,2
15116,1
15117,1
15118,1
1512,41
1513,29
1514,30
1515,39
1516,33
1517,18
1518,22
1519,9
152,57
1520,15
15201,11
15202,12
15203,13
15204,9
15205,8
15206,15
15207,4
15208,2
15209,1
1521,21
15210,1
15211,1
15212,2
15213,2
15214,1
15215,1
15216,2
15217,2
15218,2
1522,26
1523,18
1524,24
1525,16
1526,12
1527,17
1528,19
1529,5
152A,4
152B,2
153,61
1530,1
15301,4
15302,1
15303,4
15304,4
15305,2
15306,4
15308,1
1531,12
15310,2
15311,1
15312,2
15313,2
15314,1
15317,2
15318,1
1532,3
1533,8
1534,12
1535,5
1536,5
1537,3
1538,3
1539,3
153B,1
153W,1
154,70
1540,3
15402,1
15403,1
15404,1
15406,1
15407,1
15408,1
1541,2
15411,2
15412,1
15413,1
15414,1
15415,1
15416,1
15417,2
15418,1
1542,2
1543,2
1544,2
1545,2
1546,3
1547,1
1549,1
154B,1
155,65
1550,2
1551,1
1552,1
1553,1
1554,1
1556,1
1557,1
1558,1
1559,2
155B,1
156,59
156-1,1
1560,1
1561,2
1562,1
1565,1
1567,1
1568,1
1569,2
156N,1
157,48
1571,1
1573,2
1575,2
1576,1
1577,1
157A,1
158,47
159,55
159B,1
159O,1
15A,34
15A6,1
15B,16
15B3,1
15B7,1
15C,15
15D,11
15E,3
15F,4
15G,4
15W,1
16,644
16-101,3
16-103,4
16-104,1
16-105,3
16-106,1
16-201,3
16-202,1
16-203,2
16-204,2
16-205,1
16-206,2
16-A2,1
16 E,1
160,65
160 / G103,1
160 A215,1
160 B,1
160 F204,1
160 G 139,1
160 G149,1
160 G236,1
160 RM G11,1
160 RM211F,1
1600,14
1601,80
1602,96
1603,72
1604,62
1605,49
1606,62
1607,38
1608,54
1609,24
161,49
1610,25
16101,9
16102,13
16103,10
16104,10
16105,7
16106,10
16107,5
16108,6
16109,6
1611,30
16110,3
1612,41
16123,1
1613,30
1614,28
1615,13
1616,20
1617,13
1618,13
1619,5
162,53
1620,2
16201,5
16202,9
16203,3
16204,7
16205,8
16206,6
16207,4
16208,1
16209,1
1621,21
16210,1
16211,1
1622,20
1623,16
1624,18
1625,8
1626,11
1627,7
1628,11
163,46
163-1,1
1630,1
16301,2
16302,1
16305,1
1631,5
1632,6
1633,11
1634,6
1635,8
1636,5
1637,5
1638,4
163A,1
164,63
164-1,1
1640,2
1641,1
1642,1
1643,1
1645,1
1646,2
1647,2
1648,3
1649,2
165,47
165-1,1
1650,3
1652,1
1653,1
1654,1
1655,1
1656,2
1657,1
1658,1
1659,1
166,49
1661,2
1662,1
1663,1
1665,2
1667,1
1669,3
167,50
1671,2
1673,2
1675,1
168,36
1684,1
169,42
16A,37
16A2,1
16B,17
16B4,2
16B7,1
16C,7
16D,5
16E,2
16F,2
16G,2
16H,2
16W,1
17,498
17-1,1
17-101,1
17-103,3
17-104,2
17-105,1
17-106,1
17-108,2
17-2,1
17-201,2
17-202,1
17-203,2
17-204,3
17-206,3
17-301,1
17-307,1
17-308,1
17-B,1
170,40
1700,9
1701,87
1702,78
1703,62
1704,76
1704 M,1
1705,53
1706,52
1707,55
1708,44
1709,33
171,41
1710,22
17101,9
17102,13
17103,10
17104,4
17105,7
17106,13
17107,8
17108,5
17109,3
1711,34
17110,2
1712,25
1713,13
1714,15
1715,17
1716,15
1716K,1
1717,14
1718,9
1719,3
172,45
1720,8
17201,8
17202,8
17203,5
17204,1
17205,3
17206,6
17207,5
17208,5
17209,3
1721,6
17211,1
1722,15
1723,11
1724,12
1725,4
1726,3
1727,7
1728,8
172B,1
173,44
17301,1
17303,1
17304,2
17305,1
17306,1
17308,3
1731,4
1732,3
1733,2
1734,2
1735,2
1737,1
1738,1
174,43
175,42
176,41
177,42
178,46
179,31
179B,1
17A,8
17B,17
17C,4
17D,7
17E,5
17G,2
17I,1
17J,2
17K,2
17L,2
17P,2
17Q,2
17R,1
17T,2
17U,1
18,542
18-101,2
18-102,3
18-103,2
18-104,2
18-11,1
18-201,2
18-203,1
18-204,1
18-205,1
18 B5,1
180,36
1800,12
1801,74
1802,68
1803,58
1804,55
1805,39
1806,41
1807,43
1808,48
1809,22
181,43
1810,22
18101,7
18102,15
18103,6
18104,2
18105,7
18106,9
18107,4
18108,5
18109,2
1811,26
18110,1
1812,24
1813,18
1814,14
1815,17
1816,11
1817,6
1818,5
1819,4
182,42
1820,6
18201,7
18202,6
18203,7
18204,16
18205,7
18206,6
18207,3
18208,2
1821,5
1822,5
1823,7
1824,11
1826,1
1827,3
1828,1
183,43
18301,1
18303,2
18304,2
18306,2
1831,1
1832,2
1834,2
183C,1
184,39
185,36
1850,2
186,35
187,35
188,30
189,32
189PR,1
18A,8
18B,22
18C,5
18D,5
18E,4
18F,1
18G,1
18H,1
18I,2
18J,1
18K,4
18L,2
18M,1
18N,1
18O,1
19,428
19-101,2
19-102,2
19-103,2
19-106,3
19-201,2
19-202,1
19-203,1
19-204,3
19-205,2
19-206,3
19-302,1
19-303,2
19-306,1
19 B,1
190,43
1900,8
1901,59
1902,63
1903,58
1904,42
1905,43
1906,40
1907,31
1908,28
1909,17
191,38
1910,20
19101,13
19102,12
19103,13
19104,9
19105,4
19106,6
19107,5
19108,5
19109,1
1911,14
19110,1
1912,15
1913,19
1914,12
1915,16
1916,11
1917,6
1917A,1
1918,7
1919,1
1919B,1
192,32
1920,2
19200,1
19201,8
19202,10
19203,6
19204,12
19205,5
19206,5
19207,2
19209,2
1921,9
1922,5
1923,4
1924,6
1925,6
1926,3
1927,2
1928,1
193,36
19302,2
19304,1
1931A,1
1932,1
19324,1
1933,4
1934,2
1935,2
1936,1
1937,1
1938,3
194,28
1941B,1
195,48
1950,2
1951A,1
196,28
197,41
198,27
199,22
19A,5
19B,19
19C,3
19D,5
19E,2
19F,2
19G,1
19H,5
1A,249
1A1,2
1A2,7
1A3,1
1A4,1
1A5,2
1A6,2
1B,202
1B1,2
1B3,2
1B4,1
1B5,1
1B7,4
1B8,1
1C,92
1C1,1
1C2,4
1C6,2
1D,74
1D1,19
1E,75
1F,33
1G,31
1G1,2
1H,4
1H1,6
1H2,11
1J,9
1JE,2
1JW,8
1K,1
1K1,8
1L,4
1L-D9,1
1M,6
1N,12
1P,2
1Q,11
1S,6
1W,17
2,6045
2-01,2
2-03,1
2-04,1
2-06,1
2-08,2
2-1,1
2-10,2
2-101,4
2-102,1
2-103,1
2-104,1
2-105,7
2-106,1
2-107,2
2-108,1
2-109,1
2-111,1
2-113,1
2-114,1
2-12,1
2-125,1
2-2,2
2-201,1
2-202,3
2-203,1
2-204,1
2-205,2
2-206,3
2-207,1
2-211,2
2-2110,1
2-213,1
2-219,1
2-220,2
2-222B,1
2-222C,1
2-3,6
2-301,2
2-302,1
2-303,1
2-304,3
2-305,1
2-306,4
2-307,1
2-308,2
2-320,1
2-4,1
2-410,1
2-506,1
2-517,1
2-608,1
2-623,1
2-8203,1
2-A,2
2-A1,1
2-A2,1
2-A4,1
2-A7,1
2-B,3
2-B1,1
2-B3,1
2-B4,1
2-B7,1
2-C,1
2-C6,1
2-D,1
2-E,1
2-N,1
2-R,1
2 A,1
2 APT B,1
2.3,1
2/204,1
20,416
20-101,1
20-103,1
20-104,1
20-105,1
20-106,1
20-120,1
20-202,3
20-204,1
20-205,1
20-206,1
20-3,1
20-302,1
20-303,2
20-306,1
20-308,1
20-9,1
20 C,1
20 D,1
200,332
200-4,1
2000,13
2000-203,1
2001,65
2002,56
2003,59
2004,51
2005,29
2006,46
2007,27
2008,34
2009,23
200A,1
200B,4
201,1878
201-A,1
201-B,1
201-C,2
2010,23
20101,9
20102,14
20103,8
20104,9
20105,5
20106,4
20107,1
20108,2
20109,1
2011,33
20110,2
20111,2
20114,1
2012,31
2013,17
2014,25
2015,15
2016,11
2017,6
2018,6
2019,4
201A,21
201B,11
201C,2
201D,2
201R,1
201W,1
202,1760
202-12,1
202-B9,1
2020,4
20201,5
20202,8
20203,4
20204,4
20205,3
20206,4
20207,3
20208,2
2021,6
2022,11
2023,18
2024,11
2025,3
2026,6
2027,5
2028,7
2029,2
202A,11
202B,13
202C,2
202E,1
202HH,1
202R,2
203,1577
203-1,1
203-B,1
203-C,1
203.,1
2030,1
20301,1
20303,1
20304,1
20305,2
20308,1
2031,6
2032,7
20327,1
2033,2
2034,4
2036,4
2037,3
2038,4
2039,1
203A,8
203B,9
203C,2
203D,1
203E,1
203F,1
203R,1
204,1462
204-4,1
204 A,1
2040,1
2041,1
2042,1
2043,2
2044,1
2045,2
2046,1
2047,1
2048,1
2049,1
204A,13
204B,9
204C,3
204E,1
204N,3
205,1095
205-C,1
2050,2
2052,1
2054,1
2055,1
205A,12
205B,4
205C,1
205F,2
205N,1
206,1058
206-B13,2
2060,2
2063,1
2067,1
206A,9
206B,6
206D,1
206F,1
206S,1
207,931
207-A,1
207-I,2
207 B,1
2078,1
207A,4
207B,11
207C,1
207D,1
207W,1
208,880
208-B13,1
2081,1
2082,1
208A,5
208B,9
208D,2
208F,1
208R,2
208S,2
208W,1
209,555
209-A,1
209A,2
209B,7
209S,3
209W,1
20A,10
20B,21
20C,7
20D,3
20E,5
20F,3
20G,2
20H,4
21,515
21-101,1
21-103,1
21-104,1
21-105,1
21-106,1
21-12,1
21-202,2
21-203,3
21-204,2
21-205,2
21-206,1
21-301,1
21-6C,1
21-A,1
210,651
210 B,1
2100,16
2101,107
2101-1,1
2101-2,2
2101-3,2
2102,108
2102A,1
2103,85
2103D,1
2104,88
2105,71
2105-1,1
2105-2,1
2105-3,2
2106,82
2107,58
2108,70
2109,45
210A,7
210B,6
211,637
211-B,2
211 D,1
2110,43
21101,5
21102,11
21103,9
21104,5
21105,8
21106,9
21107,6
21108,4
21109,2
2111,38
2111-2,2
21110,3
21111,1
21113,2
21115,1
21117,1
21119,2
2112,37
21121,3
21123,1
21124,1
21125,1
21127,1
2113,17
2114,29
2114B,1
2115,19
2115-1,2
2115-2,4
2116,14
2117,15
2118,12
2119,7
211A,5
211B,4
211C,3
211E,1
211S,1
212,582
212 D,1
2120,12
21201,7
21202,11
21203,5
21204,7
21205,6
21206,5
21207,1
21208,2
21209,1
2121,7
21210,2
21211,2
21212,1
21213,1
21215,2
21217,2
21219,1
2122,20
21220,1
21221,2
21222,1
21223,1
21224,1
21225,1
21226,1
21227,2
21228,1
2123,12
2124,9
2125,5
2126,5
2127,9
2128,8
2129,3
212A,3
212B,2
212I,1
212W,1
213,396
2130,3
21301,1
21302,2
21303,1
21304,2
21305,1
21306,2
21307,1
21309,1
2131,5
21310,2
21311,2
21312,1
21313,1
21314,2
21315,2
21316,1
21317,1
21319,1
2132,7
21320,1
21321,1
21323,2
21324,1
21325,1
21326,2
21327,1
21328,1
2133,5
21330,1
2134,6
2135,4
2136,9
2137,4
2138,2
213A,1
213B,3
213C,2
213D,2
214,428
214-2,1
2140,1
21401,2
21402,2
21403,1
21404,2
21405,2
21406,2
21407,1
21410,2
21411,1
21412,1
21414,1
21415,1
21416,2
21417,1
21419,1
2142,4
21420,1
21421,1
21422,1
21423,2
21424,1
21425,1
21426,1
21427,1
21428,1
21430,2
2148,2
214A,1
214B,5
214E,1
214F,1
214N,1
214W,2
215,341
2150,3
2150-01,1
21501,2
21502,1
21503,1
21504,1
21505,1
21506,1
21507,2
21509,1
21510,1
21511,2
21512,1
21513,1
21514,3
21516,1
21517,1
21518,1
2152,1
21520,2
21521,2
21522,1
21523,1
21524,1
21526,1
21527,1
21528,2
21530,1
215A,3
215B,2
216,350
216-B,1
2163,1
216A,1
217,283
217A,1
217B,4
218,313
2188,1
219,239
219-C,1
21A,4
21B,12
21C,16
21C3,1
21D,3
21E,4
21F,1
21H,1
21J,1
21L,2
21W,1
22,495
22-101,2
22-102,2
22-103,1
22-104,1
22-105,1
22-201,1
22-203,4
22-205,1
22-206,1
22-303,1
22-304,1
22-306,1
22 E,1
220,263
2200,18
2201,100
2202,91
2202B,1
2203,95
2203B,1
2204,88
2205,63
2206,57
2207,53
2208,54
2209,29
220B,1
220D,1
221,249
221-B,1
221 BLDG S,2
2210,40
22101,8
22102,10
22103,7
22104,9
22105,7
22106,7
22107,3
22108,2
22109,1
2211,45
22115,2
22116,1
22117,2
22118,2
2212,23
22120,2
22121,1
2213,23
2214,35
2215,17
2216,17
2217,6
2218,10
2219,6
221A,1
221B,2
222,235
2220,8
22201,4
22202,8
22203,4
22204,6
22205,6
22206,8
22207,1
22208,1
2221,9
22211,1
22212,1
22213,1
22214,1
22215,2
22216,1
22217,2
22218,2
2222,9
22220,2
22221,2
2223,8
2224,13
2225,9
2226,6
2227,9
2228,3
2229,1
222A,1
222B,2
223,224
223 I,1
2230,1
22301,3
22302,2
22303,2
22304,2
22305,1
22306,1
22307,1
22308,2
2231,3
22311,1
22312,2
22313,1
22314,1
22315,1
22316,2
22317,2
22318,1
2232,6
22320,1
22321,1
2233,4
2234,4
2235,4
2236,5
2237,4
2239,1
223A,1
223B,2
223W,2
224,230
2240,1
22401,2
22402,1
22403,1
22404,2
22405,2
22406,2
22408,1
2241,2
22411,1
22412,2
22413,2
22414,2
22415,2
22416,2
22417,2
22418,2
22420,2
22421,1
2243,1
2245,1
2246,1
2249,1
224A,4
224B,3
224C,1
224K,1
224W,1
225,170
225 A,1
2250,2
22501,1
22502,2
22503,2
22505,2
22506,2
22508,1
2251,1
22512,1
22513,2
22514,1
22515,3
22516,2
22517,2
22518,2
2252,1
22520,2
22521,2
2253,1
2255,2
2257,1
2258,2
225A,1
225B,2
226,178
2261,2
2262,2
2266,2
226B,1
227,159
2272,1
2273,1
2274,1
2276,1
2277,1
2278,1
227B,3
227G,1
228,166
2281,1
2282,2
2283,1
2284,1
2287,1
2289,2
229,108
2293,2
2295,2
229A,1
229B,1
22A,8
22B,9
22C,17
22D,1
22E,4
22F,2
22G,2
22H,4
22I,1
22J,1
23,453
23-101,1
23-104,2
23-105,3
23-107,2
23-201,1
23-202,2
23-203,2
23-205,2
23-206,3
23-208,1
23-301,1
23-302,2
23-303,4
23-304,1
23-306,1
23-308,1
23 S,1
230,131
230-208,1
2300,14
2301,65
2302,66
2303,60
2304,63
2305,53
2306,53
2307,40
2308,40
2309,35
230A,1
230H,1
230W,1
231,132
231-C,1
2310,38
23101,9
23102,7
23103,6
23104,1
23105,8
23106,10
23107,3
23108,2
23109,4
2311,41
23110,2
23111,2
23113,1
23114,1
2312,26
2313,20
2314,14
2315,19
2316,13
2317,11
2318,11
2319,2
231D,1
232,124
2320,4
23201,3
23202,6
23203,3
23204,3
23205,5
23206,6
23207,4
23209,2
2321,5
23211,2
23212,2
23213,2
23216,1
23217,1
2322,7
2323,6
2324,6
2325,5
2326,5
2327,4
2328,3
2329,2
232A,2
232C,1
233,134
2330,1
23301,3
23302,1
23303,1
23304,1
23305,2
23306,1
23307,1
23308,1
23309,2
2331,1
23313,1
23317,2
2332,5
23322,1
2333,4
2334,1
2336,4
2337,2
2338,1
233A,1
234,111
23401,2
23402,2
23403,2
23404,2
23406,2
23407,1
23411,2
23416,1
23417,2
23422,1
23423,1
234A,1
234B,1
235,107
2350,2
23501,1
23502,1
23505,1
23506,2
23507,1
23509,1
23511,2
23513,2
23517,2
23519,2
23522,1
23523,2
2358,1
235A,1
235B,1
236,107
23645,1
237,93
237B,1
237J,1
238,95
238-C,1
239,67
239B,1
23A,4
23B,5
23C,8
23D,6
23E,2
23F,2
23H,1
23I,1
23K,2
23L,3
23M,1
23N,1
24,433
24-101,1
24-102,1
24-104,1
24-106,3
24-201,2
24-202,2
24-203,1
24-204,1
24-205,1
24-206,1
24-208,1
24-301,2
24-302,1
24-303,3
24-305,2
24-306,2
24-8,1
240,91
2400,12
2401,55
2402,43
2403,48
2404,32
2405,34
2406,33
2407,30
2408,44
2409,25
240A,1
241,77
2410,31
24101,7
24102,10
24103,4
24104,7
24105,7
24106,2
24107,2
24108,6
24109,4
2411,28
24110,3
24111,1
24112,2
24114,1
24116,1
24118,1
24119,2
2412,21
24120,1
24122,2
24124,2
2413,10
2414,8
2415,10
2416,6
2417,5
2418,12
2419,5
241A,1
241B,1
241E,1
242,76
2420,3
24201,3
24202,5
24203,7
24204,6
24205,3
24206,3
24207,2
24208,1
24209,2
2421,11
24210,2
24211,1
24212,2
24214,2
24216,1
24218,2
24219,1
2422,7
24220,2
24221,1
24222,2
24224,2
24225,2
2423,4
2424,7
2425,6
2426,6
2427,3
2428,6
2429,2
243,55
2430,3
24301,1
24302,1
24303,2
24306,1
24307,3
24310,2
24311,1
24312,2
24314,1
24316,2
24318,1
24319,1
2432,1
24321,1
24322,1
24324,1
24325,2
2433,1
2435,2
2436,1
244,68
2440,1
24401,2
24402,2
24403,1
24406,1
24408,2
24409,1
2441,2
24410,2
24412,2
24414,2
24416,2
24418,1
24419,1
2442,1
24420,2
24421,1
24422,2
24424,2
24425,2
244B,2
245,61
2450,1
24501,1
24502,2
24503,2
24505,2
24506,1
24507,2
24508,1
24509,1
24510,2
24511,1
24512,2
24516,1
24518,1
24519,2
24520,2
24521,1
24522,1
24524,2
24525,2
246,57
247,52
247A,1
247B,1
248,63
249,46
24A,6
24B,8
24C,11
24D,1
24E,3
24F,2
24G,1
24H,2
24N,1
25,364
25-101,2
25-102,1
25-103,2
25-104,1
25-105,1
25-201,1
25-203,3
25-204,2
25-205,1
25-206,2
25-207,1
25-208,1
25-302,2
25-304,1
25-306,2
25-307,1
25-308,1
25-7,1
25-8,1
25-A,1
25-B8,1
25-O,2
250,46
2500,14
2501,34
2501E,2
2501W,1
2502,36
2502E,2
2502W,1
2503,26
2504,24
2504E,1
2504W,1
2505,21
2505E,1
2506,22
2507,18
2507E,1
2507W,1
2508,28
2508E,1
2508W,1
2509,13
251,44
2510,10
25101,7
25102,7
25103,1
25104,5
25105,5
25106,4
25107,2
25108,2
25109,1
2511,12
25110,1
2512,16
2513,10
2514,12
2515,11
2516,13
2517,2
2518,4
2519,4
252,51
2520,1
25201,2
25202,4
25203,4
25204,4
25205,4
25206,2
25207,1
25208,1
2521,2
2522,5
2523,8
2524,3
2525,2
2526,5
2528,7
252B,1
253,52
25305,1
25306,1
25307,1
2531,3
2532,2
2534,1
2535,1
2536,4
2537,3
2538,5
253B,1
254,38
254A,1
254N,1
255,41
2550,1
256,31
257,31
258,33
259,36
2593,1
25A,15
25B,9
25B-6,2
25D,1
25E,2
25F,1
25G,4
25H,2
25J,1
25K,3
25L,1
25O,1
25Q,1
25U,1
25V,2
25W,1
25X,2
26,320
26-101,1
26-102,1
26-105,3
26-106,2
26-203,1
26-206,1
26-302,1
26-304,5
260,36
2600,12
2601,42
26015,1
2601N,1
2602,25
2603,22
2603S,1
2604,26
2604 S,1
2605,15
2605S,1
2606,20
2606N,1
2607,14
2607N,1
2607S,1
2608,17
2608N,1
2608S,1
2609,9
261,33
261-B,1
2610,14
26101,4
26102,4
26103,6
26104,3
26105,2
26106,4
26107,2
26109,1
2611,13
2612,24
26120,1
2613,5
2614,5
2615,4
2616,6
2617,1
2618,3
2619,2
262,31
2620,2
26201,6
26202,5
26203,3
26204,3
26205,2
26206,6
26207,1
2621,1
2622,1
2623,2
2624,1
2625,1
2626,2
2627,3
2628,2
263,37
26306,1
2633,2
263B,1
264,38
265,37
266,34
267,30
267B,1
268,29
269,24
269A,1
269D,2
26A,12
26B,5
26C,3
26E,1
26F,2
26H,2
26N,1
27,289
27-101,1
27-102,1
27-104,2
27-105,1
27-106,1
27-201,2
27-202,1
27-203,3
27-206,2
27-302,2
27-303,1
27-304,1
27-305,2
27-306,2
270,35
2700,6
2701,28
2701E,2
2701W,1
2702,22
2702E,1
2702W,1
2703,32
2703W,1
2704,21
2704E,1
2705,20
2705E,1
2706,18
2706W,1
2707,17
2707E,1
2707W,1
2708,16
2708W,1
2709,11
271,25
2710,16
27101,10
27102,7
27103,2
27104,5
27105,4
27106,8
27108,1
27109,2
2711,9
2712,9
2713,6
2714,7
2715,9
2716,7
2717,4
2718,5
2719,4
272,24
2720,2
27201,2
27202,1
27203,2
27204,5
27205,2
27206,1
2721,5
2722,5
2723,3
2724,5
2725,2
2726,3
2727,3
2728,3
273,23
27301,1
27304,1
2731,1
2732,2
2734,2
2735,2
2736,1
2737,1
2738,1
274,18
275,25
2750,2
276,24
277,19
278,15
279,16
27A,15
27B,6
27D,2
27F,3
27H,1
28,279
28-101,1
28-102,1
28-103,2
28-104,2
28-106,1
28-201,1
28-202,1
28-204,1
28-206,2
28-302,1
28-304,2
28-306,4
280,21
2800,7
2801,28
2802,23
2803,26
2804,12
2805,15
2806,17
2807,12
2808,9
2809,4
280C,1
281,14
2810,8
28101,1
28102,5
28103,4
28104,3
28105,3
28106,6
28108,3
28109,1
2811,10
28110,1
2812,14
2813,6
2814,11
2815,10
2816,12
2817,5
2818,2
2819,2
282,23
2820,1
28201,3
28202,2
28203,4
28204,4
28205,1
28206,3
28208,1
28209,2
2821,5
2822,4
2823,6
2824,4
2825,3
2827,3
2828,4
283,21
28304,2
28305,1
28306,1
284,18
285,19
2850,2
286,26
287,12
288,15
289,28
28A,13
28B,4
28C,1
28D,1
28E,1
28F,2
28G,1
29,269
29-101,3
29-102,2
29-103,3
29-104,3
29-105,1
29-106,1
29-201,3
29-202,2
29-203,1
29-204,2
29-205,1
29-206,1
29-302,2
29-303,1
29-304,1
29-305,2
29-306,2
290,16
2900,8
2901,20
2902,22
2903,20
2904,16
2905,18
2906,14
2907,12
2908,12
2909,3
291,15
2910,7
29101,1
29102,3
29103,5
29104,4
29105,3
29106,1
29107,2
29108,2
29109,1
2911,10
2912,9
2913,6
2914,8
2915,4
2916,6
2917,1
2918,7
2919,3
292,11
2920,4
29201,5
29203,4
29204,5
29205,1
29206,4
29207,2
29208,1
29209,1
2921,5
2922,5
2923,5
2924,2
2926,2
2927,2
2928,1
293,12
29301,2
29304,2
29305,2
29306,3
29308,1
294,15
295,16
2950,1
295A,1
296,13
297,14
298,22
299,10
29A,3
29B,5
29C,1
2A,255
2A1,1
2A2,2
2A3,1
2A5,4
2A6,4
2A7,1
2B,232
2B1,1
2B3,1
2B4,1
2B5,2
2B7,3
2B8,1
2C,85
2C1,2
2C2,2
2C3,2
2C4,1
2C5,1
2D,56
2DE,11
2DN,5
2DS,7
2DW,14
2E,79
2F,39
2FE,1
2G,50
2H,15
2H2,4
2I,5
2J,12
2JW,5
2K,8
2M,3
2M1,2
2N,5
2O,1
2P,2
2S,3
2T 213,1
2W,13
2X,1
2Z,1
3,4547
3-02,2
3-03,1
3-08,1
3-09,1
3-1,1
3-102,2
3-103,3
3-104,2
3-105,1
3-106,3
3-107,1
3-11,1
3-12,1
3-14,2
3-201,3
3-202,1
3-203,5
3-204,1
3-205,2
3-206,3
3-207,1
3-208,1
3-3,1
3-301,2
3-302,4
3-303,2
3-304,1
3-3406,1
3-5,1
3-A,2
3-B,2
3-C,1
3-D,1
3-E,1
3-I,1
3-W,1
3 WEST,1
3/410/A,1
3`,1
30,266
30-102,1
30-103,2
30-104,2
30-106,1
30-204,2
30-205,3
30-206,3
30-302,1
30-303,2
30-306,1
30-307,1
300,157
3000,12
3001,19
3002,27
3003,23
3004,16
3005,19
3006,15
3007,12
3008,18
3009,15
300A,8
300B,4
300C,1
301,1052
301-A,1
301-B13,2
3010,13
30101,8
30102,4
30103,10
30104,5
30105,2
30106,5
30108,2
30109,1
3011,10
30110,1
30111,1
3012,11
3013,9
3014,9
3015,8
3016,7
3017,3
3018,8
3019,2
301A,10
301B,8
301C,3
301S,1
301TCC,1
302,1016
302 B,1
3020,4
30201,4
30202,1
30203,3
30204,5
30205,1
30206,4
30207,4
30208,1
3021,3
3022,5
3023,2
3024,1
3025,3
3026,1
3027,6
3028,3
3029,2
302A,10
302B,6
302C,1
302D,1
303,951
303-2,1
303-A,1
303-A1,1
3030,1
30306,1
3031,1
3032,4
3033,1
3034,1
3035,2
3036,1
3037,1
3039,1
303A,6
303B,3
303C,1
303D,4
304,877
304 B,1
3040,2
3042,1
3045,1
3047,1
3049,1
304A,3
304B,5
304C,4
304N,1
304S,1
305,755
305 E,1
3050,1
3053,1
3054,1
3055,2
305A,5
305B,5
305D,2
306,714
306-2,1
306-B,1
3060D,1
306A,6
306B,4
306D,1
306P,1
307,624
307-2,1
307-W,1
307 E,1
3071,1
307310,1
307A,5
307B,1
307C,2
307D,1
307N,1
307S,2
308,535
308/D,1
3085,1
308A,1
308B,6
308C,1
308D,2
308F,1
308N,1
308S,1
309,424
309A,3
309B,2
309D,1
30A,4
30B,6
30C,2
30E,1
31,338
31-101,1
31-102,1
31-103,3
31-104,1
31-106,1
31-201,3
31-205,1
31-301,2
31-302,2
31-304,1
31-306,1
31-B,2
310,404
3100,11
3101,40
3102,72
3103,60
3104,51
3105,44
3106,56
3106-B,1
3107,35
3108,47
3109,31
310A,4
310B,7
310D,2
311,472
311-1,1
311-B15,1
311 A,1
3110,39
31101,2
31102,3
31104,1
31105,1
31106,1
31107,2
31108,1
31109,1
3111,24
31110,1
3112,30
3113,11
3114,14
3115,18
3116,13
3117,9
3118,8
3119,5
311A,2
311B,2
311C,2
311E,3
312,420
3120,10
31201,2
31202,1
31203,3
31204,3
31205,2
31206,3
3121,5
3122,5
3123,3
3124,2
3125,1
3126,3
3127,2
3128,3
3129,3
312B,1
312D,1
313,318
313-2,1
3130,3
31301,1
3131,4
3132,3
3133,2
3134,5
3135,1
3136,4
3137,1
3138,1
3139,2
313A,1
313B,3
313D,1
314,340
314-A,1
314-C,1
3140,1
3141,1
3142,2
3145,1
3146,2
3149,1
314A,2
314B,2
314D,1
315,301
3150,2
3151,1
3155,1
315B,4
315D,2
316,267
316 B,1
316A,1
316B,2
317,216
317-1,1
317-A,1
317B,4
318,229
318-2,1
3185,1
318A,1
318D,1
319,166
319A,2
319C,1
319D,1
31A,2
31B,17
32,353
32-101,2
32-102,1
32-103,2
32-106,2
32-201,2
32-203,1
32-206,1
32-301,1
32-304,2
32-306,2
320,164
3200,6
3201,45
3202,42
3203,50
3204,27
3205,43
3206,44
3207,32
3208,38
3209,24
320A,2
321,200
3210,29
32101,4
32102,2
32103,3
32104,2
32105,1
32106,2
32108,1
3211,27
3212,22
3213,13
3214,18
3215,14
3216,10
3217,7
3218,8
3219,6
321A,2
321D,1
321S,1
322,176
3220,6
32201,2
32203,4
32204,3
32205,2
32206,4
3221,5
3222,11
3223,7
3224,4
3225,5
3226,1
3227,3
3228,3
3229,2
322A,1
323,159
3230,1
3231,3
3232,6
3233,4
3234,4
3235,1
3236,2
3237,2
3238,1
323B,1
323C,1
323W,2
324,190
3240,2
3241,2
3242,2
3246,1
3247,1
3248,1
324A,3
324B,2
324D,1
325,150
3252,2
3253,1
3255,1
3257,1
3259,2
325A,2
325B,3
326,113
326-1,1
3261,1
3262,1
3265,2
3266,1
3267,1
3269,1
326A,1
326B,3
326E,1
327,128
3271,1
3272,2
3273,1
3274,1
3277,2
3278,1
3279,2
327A,1
327B,1
327W,1
328,96
328-B,1
3280,1
3282,1
3283,1
3284,1
3285,1
3287,2
3289,1
328A,1
328B,4
329,84
3295,1
3297,1
3299,1
32A,4
32B,6
32C,2
33,271
33-103,2
33-201,1
33-205,1
33-A,1
330,72
3300,3
3301,47
3302,48
3303,43
3304,40
3305,35
3306,33
3307,29
33074,1
3308,39
3309,20
330A,1
330B,1
331,97
3310,28
33101,2
33103,2
33104,3
33105,4
33106,2
33109,1
3311,19
33110,1
33111,3
33114,1
3312,17
3313,8
3314,11
3314A,1
3315,17
3316,15
3317,11
3318,10
3319,5
331A,2
331B,3
332,109
3320,10
33201,1
33202,1
33203,1
33204,2
33205,1
33206,1
3321,3
3322,5
3323,3
3324,2
3325,5
3326,1
3327,2
3328,1
3329,1
333,88
3330,1
3331,2
3332,3
3334,1
3336,1
3336A,1
333A,3
334,78
3342,1
3344,1
335,104
3358,1
336,68
3360,1
336B,1
337,95
3379,1
337B,1
338,89
339,51
33A,3
33B,4
33C,3
33U,1
34,255
34-104,1
34-105,1
34-201,1
340,59
3400,5
3401,22
3402,31
3403,16
3404,25
3405,18
3406,24
3407,17
3408,20
3409,8
341,57
3410,19
34101,2
34102,1
34103,3
34104,3
34105,2
34106,1
34107,1
34108,1
34109,1
3411,15
34110,2
3412,6
3413,12
3414,3
3415,10
3416,8
3417,8
3418,2
3419,5
341A,1
342,71
3420,5
34201,2
34202,1
34203,2
34205,1
34206,5
3421,3
3422,3
3423,3
3424,4
3427,2
343,45
3431,1
3432,1
3433,2
3434,2
3435,2
3437,1
3438,1
343A,1
344,40
344 A,1
3440,2
3442,1
3444,2
344B,2
345,39
346,41
346-E,1
346B,2
347,35
347A,1
348,24
348N,1
349,27
34A,3
34B,4
34C,10
34E,1
34S,1
35,232
35-102,1
35-203,1
35-204,1
35-205,1
35-F,1
350,29
350-B,1
3500,5
3501,12
3502,11
3503,11
3504,7
3505,9
3505J,1
3506,12
3507,7
3508,7
3509,5
350C,1
351,38
3510,2
35101,2
35102,5
35103,1
35104,1
35105,4
35106,1
35107,2
35108,1
3511,7
35110,1
3512,5
3513,1
3514,1
3515,2
3516,1
3517,3
3518,1
352,27
3520,3
35201,3
35202,2
35204,4
35205,2
35206,1
3522,1
3524,1
3525,2
3526,1
353,23
3532,1
3533,1
3535,1
3536,1
3538,1
354,27
3540,2
3542,1
355,30
356,20
356B,1
357,20
357A,2
358,22
359,25
359B,1
35A,3
35B,4
35C,3
36,246
360,22
3600,2
3601,17
3602,9
3603,16
3604,9
3605,8
3606,4
3607,12
3608,3
361,23
3610,3
36101,2
36102,6
36103,4
36104,2
36105,2
36106,2
36107,1
36108,1
36109,1
3611,3
36110,1
3612,3
3613,2
3616,1
3619B,1
362,19
3620,2
36201,2
36203,5
36204,4
36205,1
36206,2
3621,1
3622,1
3623,1
363,21
364,22
365,13
366,17
3661,1
367,20
368,15
369,15
36A,2
36B,1
36C,6
37,178
37-104,1
37-204,2
370,11
3700,4
3701,9
3702,13
3703,8
3704,9
3705,6
3706,7
3707,2
3708,5
3709,5
371,12
3710,4
37101,4
37102,1
37103,2
37104,2
37105,3
37106,4
37107,3
37108,2
3711,2
37110,1
3712,2
3713,1
3714,1
3715,1
3719,1
372,11
3720,3
37201,1
37202,1
37203,4
37204,1
37205,2
3721,1
3722,1
373,12
3734,1
374,14
375,7
376,10
3764,1
377,11
378,9
379,14
37A,3
37B,2
37D,2
37E,2
37F,1
37H,2
38,191
380,9
3800,7
3801,12
3802,12
3803,10
3804,7
3805,4
3806,7
3807,12
3808,5
3809,2
381,14
3810,1
38102,4
38103,4
38104,2
38105,1
38106,1
38107,1
38108,1
3811,2
38110,2
3812,1
3813,1
3815,1
382,7
3820,1
38201,5
38202,2
38203,3
38205,2
38206,2
3821,1
3822,1
383,9
3839,1
384,10
384A,2
385,7
386,9
387,8
388,8
3880,1
389,8
38A,2
38B,5
38C,6
38D,2
39,188
39-103,1
39-106,1
39-202,1
390,7
3900,4
3901,6
3902,6
3903,5
3904,2
3905,4
3906,1
3907,6
3909,1
391,5
3910,2
39101,1
39102,7
39103,3
39104,1
39105,2
39106,5
39107,2
39108,2
39109,1
3911,2
39110,1
3913,2
3914,1
3915,1
3916,1
3917,2
392,6
39202,1
39203,2
39204,2
39205,1
39206,1
3921,1
3922,1
3923,1
3924,2
3925,2
3926,2
393,8
394,10
395,8
396,7
397,11
398,10
399,4
39A,1
39B,1
39D,1
39E,2
39H,1
39I,1
39J,1
39K,1
39L,1
39N,2
3A,170
3A EAST,1
3A1,1
3A6,1
3B,166
3B4,1
3B7,1
3B8,2
3C,71
3D,32
3E,27
3F,19
3G,12
3GJ,2
3H,10
3I,3
3J,4
3K,6
3L,3
3M,5
3N,3
3P,2
3R,2
3S,1
3W,6
3Z,2
4,3977
4-02,2
4-0302,1
4-04,1
4-05,1
4-06,1
4-09,1
4-10,1
4-101,2
4-102,2
4-103,1
4-106,4
4-108,1
4-11,1
4-12,1
4-201,3
4-202,1
4-203,3
4-204,3
4-205,3
4-206,1
4-207,4
4-208,1
4-3,1
4-301,1
4-302,1
4-303,1
4-305,1
4-307,1
4-308,1
4-4,1
4-4010,1
4-409,1
4-417,1
4-426B,1
4-433,1
4-6A,1
4-8,1
4-A,2
4-B,3
4-E,2
4 A6,1
40,166
40-103,1
40-106,1
40-204,1
40-A,1
40 206,1
400,111
400-105,1
400-113,1
400-B119,1
4000,5
4001,9
4002,7
4003,11
4004,11
4005,4
4006,4
4007,7
4008,8
4009,2
400R,2
400W,1
401,418
4010,9
40101,3
40102,3
40103,5
40104,1
40105,4
40106,2
40107,1
40108,1
40109,1
4011,3
40110,1
4012,3
4013,2
4014,3
4015,2
4016,2
4017,2
4018,3
4019,1
401B,1
401C,1
401W,1
402,397
402-A,1
40201,1
40202,3
40203,1
40204,3
40205,1
4021,4
4022,1
4023,2
4024,3
4025,1
4027,1
4029,1
402B,1
402D,1
403,360
403-1,1
403-B,1
4030,2
403A,1
403D,1
404,378
404-D,1
4040,1
404B,1
405,333
4050,3
4051,1
405A,1
405C,1
405D,2
405W,1
406,316
406-B,1
406 A,1
406A,3
406B,1
406D,1
406E,1
406G,1
407,265
407A,1
407B,1
407E,1
407W,1
408,285
408A,1
408B,1
408C,1
408D,1
409,245
4095,1
409B,2
40A,2
40B,5
40C,3
40D,3
40E,2
40F,2
40G,1
40H,2
40S,1
40W,1
41,198
41-101,1
41-B,1
410,239
4100,8
4101,45
4102,53
4103,50
4104,38
4105,29
4106,28
4107,24
4108,16
4109,10
410A,2
410B,2
410D,1
411,280
4110,20
41101,2
41102,1
41103,2
41104,1
41106,1
4111,15
4112,12
4113,10
4114,5
4115,3
4116,1
4117,5
4118,2
4119,1
411B,3
411D,1
412,245
4120,3
41201,1
41202,1
41203,3
41206,1
4121,1
4122,2
4124,1
4125,1
4127,1
4129,1
412A,2
412B,3
412C,1
412D,1
412S,1
413,181
4131,5
4132,1
4136,3
4137,1
413A,1
413D,1
414,213
4140,3
4141,2
4142,1
4143,2
4144,3
4145,1
4149,1
414A,3
414B,1
414D,1
415,170
415-2,1
4154,2
415B,3
415D,1
416,177
416A,1
416D,1
417,142
417A,2
417B,2
418,126
418/A,1
418A,1
418B,1
419,100
4190,1
419A,1
41A,3
41B,2
41C,1
41E,1
41F,1
41H,1
42,173
42-B,1
420,89
4200,5
4201,29
4202,23
4203,34
4204,35
4204D,1
4205,32
4206,35
4207,21
4208,25
4209,18
421,153
4210,22
42102,2
42103,1
42104,1
42105,2
42106,2
4211,18
4212,14
4213,8
4214,7
4215,11
4216,3
4217,4
4218,3
4219,1
421A,1
422,133
4220,2
42201,4
42202,3
42204,2
42205,2
42206,3
4221,1
4222,2
4223,1
4224,2
4225,1
4226,2
4228,3
4229,2
422A,1
422E,1
423,110
4231,1
4232,4
4234,3
4235,2
4236,2
4237,2
4239,1
423A,2
424,123
4240,1
4241,2
4242,4
4243,2
4246,1
4247,1
4248,2
4249,1
425,82
4251,1
4252,1
4257,1
4259,2
425B,2
426,64
4263,1
4264,1
4265,5
4266,1
4269,1
427,90
4272,3
4273,1
4274,1
4275,1
4276,1
4277,2
4279,2
427A,1
428,82
4281,3
4282,1
4284,1
4285,1
4287,1
4289,1
429,41
4291,1
4293,1
4299,1
429A,1
42A,3
42B,3
42C,4
42D,4
42E,1
42G,2
42H,2
43,159
43-106,1
43-7,1
430,47
4300,8
4301,29
4302,30
4303,21
4304,33
4305,23
4306,26
4307,20
4308,19
4309,19
431,48
4310,15
43101,2
43102,3
43103,1
43104,2
43105,1
4311,20
4312,8
4313,8
4314,6
4315,4
4316,2
4317,5
4319,2
431C,1
432,64
43201,3
43202,3
43203,3
43204,2
43206,1
433,49
433D,1
434,51
434D,1
435,45
436,47
436E,1
437,49
437-A,1
437B,1
438,40
438C,1
439,29
439A,1
44,182
44-103,1
44-104,1
44-106,1
440,26
4400,5
4401,12
4402,15
4403,15
4404,16
4405,8
4406,13
4407,12
4408,9
4409,9
441,19
4410,7
44101,1
44102,1
44105,1
4411,9
4412,4
4413,4
4414,2
4415,4
4417,2
442,35
4420,1
44201,1
44202,1
44203,2
443,25
444,22
445,13
445C,1
446,14
447,19
447A,1
448,9
449,17
449N,1
44A,1
44B,1
44W,1
45,148
450,17
4500,1
4501,4
4502,5
4503,5
4504,1
4505,2
4506,1
4508,1
451,19
4516,1
4519,1
452,16
452NORTH,1
453,15
4536,1
454,15
455,9
456,8
457,12
458,13
458A,1
459,4
45A,3
45B,3
45D,2
45F,1
46,168
460,11
460 B,1
4601,3
4602,2
4603,3
4604,2
4606,2
461,16
462,17
462B,1
463,17
464,9
465,16
466,12
467,12
468,10
469,11
46A,1
47,128
47 05,1
470,6
4700,1
4701,2
4702,4
4703,2
4704,2
471,10
471B,1
472,6
47284,1
473,3
474,8
475,11
476,11
477,6
478,8
479,6
47A,1
47B,3
47C,2
48,134
48 1/2,2
480,7
4800,1
4801,2
4802,2
4803,3
4804,2
4809,1
481,7
4816,1
482,7
4826,1
4829,1
483,6
4835,1
4836,1
484,5
485,5
4855,1
486,8
487,8
488,3
489,7
48A,1
48B,2
49,121
490,2
4901,4
4902,1
4903,2
490A,1
491,5
4922,1
4926,1
493,3
494,4
495,2
496,4
497,5
498,2
499,4
49B,2
4A,116
4A2,1
4B,102
4B3,2
4B4,2
4B7,1
4B8,2
4C,44
4D,39
4E,24
4F,22
4G,16
4H,19
4HE,1
4I,6
4J,4
4K,4
4L,2
4M,5
4N,4
4O,4
4P,1
4Q,4
4S,3
4T,1
4U,2
4V,1
4W,3
4Y,1
5,2505
5-01,2
5-03,2
5-04,1
5-07,1
5-08,1
5-09,1
5-1,1
5-10,1
5-101,2
5-102,4
5-103,4
5-104,1
5-105,2
5-106,4
5-108,2
5-11,2
5-14,1
5-201,3
5-202,1
5-203,3
5-205,2
5-206,2
5-207,1
5-208,1
5-301,1
5-303,1
5-5,2
5-512B,1
5-520C,1
5-523,1
5-524,1
5-F,1
5-S,1
5  A-7,1
5 A7,2
5 APT 201,1
5 C,1
50,128
500,46
5000,3
5001,2
5002,4
5003,2
5004,4
5005,1
5006,2
5008,3
5009,1
500A,1
500B,3
501,306
501 D,1
5010,1
5011,2
5012,3
5016,2
501B,1
501C,1
502,278
502 B,1
502A,1
502B,1
502D,1
503,260
503A,1
503D,1
504,258
5042,1
504A,1
504B,2
504D,1
505,231
505-1,1
505 B,1
505D,1
506,198
506A,1
506D,2
507,193
507D,2
508,164
508 B,1
5084,1
508A,1
508C,1
509,139
509 A,1
50B,1
51,146
510,154
5100,1
5101,31
5102,36
5102B,1
5103,31
5104,38
5105,22
5106,44
5107,13
5108,29
5109,10
510A,2
511,182
5110,16
5111,6
5112,14
5113,4
5114,6
5115,3
5116,4
5117,4
5118,1
5119,3
511B,1
512,168
5120,4
5121,3
5122,1
5123,2
5124,1
5125,1
5126,2
5127,3
5129,1
512B,1
512D,2
513,130
5130,1
5131,1
5132,1
5133,3
5134,2
5136,1
5137,1
5139,1
513A,1
513D,1
514,125
5140,1
5141,2
5142,5
5143,1
5144,2
5146,2
5147,1
5148,1
514C,1
514D,2
515,94
5150,2
5151,1
5152,1
5154,3
5155,1
5156,1
5157,4
5158,2
5159,2
515A,2
515B,1
515D,1
516,119
5160,3
5161,1
5162,1
5163,1
5164,1
516A,2
517,110
517B,1
517D,1
518,105
518B,1
519,58
519A,1
51A,1
51D,1
51E,1
52,123
520,76
5200,5
5201,30
5202,30
5203,24
5204,28
5205,33
5206,35
5207,21
5208,17
5209,8
520C,1
521,86
5210,13
5211,15
5212,11
5213,5
5214,9
5215,3
5216,10
5217,4
5218,3
5219,4
521D,1
522,110
5220,1
5221,1
5222,3
5223,2
5224,3
5225,1
5226,1
5227,1
5228,1
5229,2
522A,1
523,77
5230,3
5231,3
5232,3
5233,1
5234,2
5236,2
5237,1
5239,1
524,86
5240,3
5241,2
5242,2
5244,3
5245,3
5246,2
5247,3
5248,2
5249,2
525,65
5250,3
5251,1
5252,1
5253,1
5255,1
5256,1
5257,1
5259,1
526,52
5261,3
5263,1
5264,1
527,55
528,44
528A,2
529,23
52B,3
52L,1
53,141
530,13
5300,5
5301,20
5302,16
5303,27
5304,21
5304A,1
5305,14
5306,19
5307,17
5308,16
5309,13
531,32
5310,12
5311,18
5312,9
5313,5
5314,6
5315,2
5316,7
5317,3
5318,4
5319,3
532,40
5320,4
5324,1
5326,2
5327,3
5328,3
5329,1
533,30
5332,2
5333,1
5336,1
5338,2
534,32
5340,1
5341,3
5342,1
5343,4
5344,1
5345,1
5348,2
5349,3
535,31
5350,1
5352,1
5356,2
5359,2
536,19
5360,1
5361,2
5363,1
537,29
538,20
539,16
53B,2
54,123
540,20
5400,4
5401,13
5402,16
5403,9
5404,10
5405,9
5406,13
5407,8
5408,8
5409,13
541,18
5410,10
5411,8
5412,4
5413,3
5414,4
5416,1
5417,3
542,20
5420,2
5424,1
5429,1
543,6
5430,1
5432,2
5433,1
5434,1
5436,1
5438,1
543A,1
544,12
5441,1
5443,1
5446,2
5449,1
545,11
5454,1
5456,2
5457,2
546,14
5460,1
5461,1
5462,2
5463,2
5464,2
547,11
548,11
549,8
54B,2
55,129
550,5
551,15
551S OSW,1
552,4
552A,1
553,13
554,17
555,6
556,10
5562,1
557,7
558,4
559,7
559-A,1
55B,1
55W,2
56,112
560,6
561,10
562,6
563,6
564,3
565,8
566,6
567,5
568,2
569,7
5691,1
56B,1
57,117
570,1
571,6
572,1
573,6
574,3
575,4
576,4
577,6
578,8
579,4
58,115
580,5
5800,1
581,5
582,7
583,2
584,5
585,3
586,3
587,3
588,4
589,2
58B,1
58D,1
59,89
590,2
591,3
592,3
593,1
594,2
595,5
596,3
597,1
599,2
59D,1
5A,83
5A1,2
5A3,2
5B,87
5B10,2
5C,28
5D,31
5E,22
5F,13
5G,7
5H,9
5I,4
5J,4
5K,3
5N,1
5O,1
5P,3
5Q,2
5R,2
5T,1
5V,1
5W,3
5Y,1
5Z,1
6,2379
6-101,1
6-102,2
6-103,1
6-104,3
6-106,3
6-108,1
6-1D,1
6-201,6
6-202,1
6-203,3
6-204,3
6-205,2
6-206,4
6-207,2
6-208,1
6-301,1
6-302,1
6-305,2
6-307,1
6-626A,1
6-628C,1
6-635B,1
6-B,2
6-D,1
6-E,1
6-G,1
6 - 207,1
6 #202,1
6 E,1
60,98
600,30
6001,1
6002,1
6003,1
6004,1
6006,2
6007,1
6008,2
601,235
6010,3
6012,1
602,239
6023,1
602D,1
603,197
6031,1
603A,1
604,194
604A,1
605,167
6053,1
605F,1
606,167
607,145
608,135
609,116
609A,1
60A,1
60B,3
60D,1
61,122
610,105
6100,2
6101,20
6102,30
6103,20
6104,26
6105,25
6106,33
6107,15
6108,21
6109,8
610D,1
611,133
6110,7
6111,5
6112,7
6113,3
6114,5
6115,2
6116,2
6119,3
611A,2
611B,1
611C,1
612,155
612 HASH,1
6123,1
613,107
613B,1
614,114
6140,1
615,107
616,93
617,73
618,52
619,30
62,103
620,42
6200,2
6201,28
6202,36
6203,28
6204,22
6205,24
6206,25
6207,20
6208,19
6209,11
621,61
621 C,1
6210,15
6211,8
6212,12
6213,5
6214,4
6215,2
6216,5
6217,2
6218,2
6219,1
622,61
6221,1
623,47
6231,1
6233,1
624,56
625,42
625-A,1
625B,1
626,47
627,26
627B,1
628,39
629,7
63,84
63-06,1
630,12
6301,22
6302,22
6303,14
6303A,1
6304,15
6305,13
6306,18
6307,11
6308,15
6309,5
631,17
6310,10
6311,6
6312,14
6313,1
6314,3
6316,4
6317,2
6318,1
6319,2
631A,1
632,23
632A,1
632B,1
633,19
634,19
635,22
635B,1
636,20
637,15
6373,1
638,20
639,5
64,100
640,8
6400,2
6401,6
6402,4
6403,1
6404,6
6405,5
6406,7
6407,6
6408,7
6409,8
641,4
6410,6
6411,8
6412,8
6413,5
6415,1
6416,2
642,3
643,3
644,4
646,1
647,1
648,2
65,92
650,3
651,1
651A,1
652,2
654,1
655,1
656,3
657,1
659,1
66,104
66-B,1
661,1
6611,1
6617,1
66215,1
663,1
6635,1
664,1
6647,1
665,3
666,1
6661,1
668,1
67,84
670,2
671,1
674,1
678,1
67B,1
68,77
680,1
682,2
689,1
69,84
697,1
6A,63
6A1,1
6A2,1
6B,73
6B3,1
6B9,1
6C,29
6C12,2
6C6,1
6D,21
6E,9
6F,10
6G,4
6H,8
6I,2
6IK,4
6J,1
6K,2
6L,3
6M,1
6N,4
6Q,3
6R,1
6S,1
6W,3
6X,1
6Y,1
7,1878
7-1,1
7-101,4
7-102,2
7-103,1
7-104,2
7-105,1
7-106,1
7-107,1
7-108,1
7-201,1
7-202,3
7-203,3
7-204,4
7-205,2
7-206,2
7-207,2
7-303,1
7-305,1
7-306,1
7-308,1
7-704,1
7-714,1
7-722,1
7-724A,1
7-725,1
7-734,1
7-A,1
7-K,1
7 E,1
70,75
700,18
700-1,1
7001A,1
7001B,1
700A,1
700B,1
701,197
702,192
703,205
703-2,1
704,177
705,157
706,164
707,127
708,136
709,96
709E,2
70A,2
70B,4
71,104
710,107
7100,1
7101,18
7102,33
7103,24
7104,25
7105,15
7106,25
7107,11
7108,17
7109,5
711,129
7110,10
7111,7
7112,7
7113,1
7114,7
7115,4
7117,4
7119,2
712,123
712-2,1
7121,4
7124,1
712A,1
713,96
7131,1
713A,1
714,105
714-A,1
714A,1
715,78
715B,1
716,80
717,61
718,58
719,33
72,92
720,35
7200,1
7201,25
7202,22
7203,16
7204,27
7205,21
7206,17
7207,19
7208,13
7209,9
721,66
721 C,1
7210,13
7211,10
7212,12
7213,4
7214,1
7215,2
7216,5
7217,3
7218,3
7219,4
721D,1
722,66
7220,1
7221,2
7222,3
7224,2
723,64
7231,1
7234,1
724,63
725,27
726,27
7262B,1
727,25
728,35
729,11
729B,1
73,72
730,9
7300,1
7301,10
7302,13
7303,16
7304,12
7305,15
7306,28
7307,12
7308,7
7309,6
731,23
7310,10
7311,10
7312,12
7313,5
7314,5
7315,2
7316,2
7317,3
7318,3
7319,1
732,32
7321,1
733,19
733-B,1
734,18
734-B,1
735,15
736,21
737,20
738,17
739,1
73A,1
74,80
740,7
7401,5
7402,7
7403,5
7404,8
7405,3
7406,8
7407,4
7408,5
7409,5
741,4
7410,2
7411,5
7412,4
7413,2
7414,4
742,3
743,1
744A,1
745,1
746,2
747,3
748,1
749,1
7494,1
74A,1
75,81
751,1
751 B,1
752,2
753,1
754,1
754-3,1
755,2
756,1
757,1
758,1
759,1
75A,1
75B,2
76,84
760,1
7627,1
764,1
76A,1
76B,1
77,51
774,1
77A,2
77B,3
78,69
783,1
78B,2
79,72
792,1
795,1
7A,53
7A2,1
7A5,2
7B,63
7B3,1
7C,28
7D,23
7E,18
7F,11
7G,2
7H,8
7I,2
7J,5
7K,1
7M,4
7N,3
7P,4
7Q,2
7R,2
7U,1
7W,3
8,1886
8-101,1
8-102,2
8-103,2
8-104,1
8-105,1
8-106,1
8-107,1
8-108,1
8-11,1
8-201,1
8-202,1
8-203,4
8-204,4
8-206,4
8-207,1
8-208,1
8-301,3
8-302,1
8-303,1
8-304,2
8-305,1
8-307,1
8-308,1
8-814,1
8-823C,1
8-838C,1
8-B,2
8-I,1
8 B,2
80,63
800,17
801,196
802,184
802-14,1
8022,4
802A,1
803,180
804,140
8048,2
805,141
806,119
807,132
808,99
809,86
809B,1
81,79
810,80
8100,1
8101,14
8102,25
8103,26
8104,13
8105,20
8106,25
8107,12
8108,21
8109,4
811,112
8110,8
8111,3
8112,8
8113,6
8114,2
8115,1
8116,1
8118,2
8119,3
812,107
8120,1
8121,1
8123,4
813,88
8131,1
8132,1
8133,1
814,100
815,64
816,76
817,39
818,47
819,27
82,70
820,27
8201,20
8202,19
8203,20
8204,13
8205,16
8206,18
8207,7
8208,16
8209,11
821,62
821-B,1
8210,7
8211,9
8212,5
8213,4
8214,3
8215,1
8216,1
8217,2
822,60
822-A,1
8221,2
8222,1
8223,3
822A,1
822C,1
823,56
8231,1
8233,1
8234,1
824,62
825,26
8252,1
825A,1
826,26
827,24
828,21
828A,1
829,5
83,80
830,5
8300,2
8301,4
8302,10
8303,11
8304,7
8305,13
8306,13
8307,8
8308,7
8309,9
831,16
8310,6
8311,9
8312,6
8313,3
8314,4
8315,2
8316,1
8318,1
8319,1
832,20
8320,2
8321,1
833,14
834,15
835,13
836,14
836A,1
837,19
838,11
839,2
83B,3
84,61
8400,3
8401,3
8402,6
8403,1
8404,7
8405,3
8406,8
8407,2
8408,1
8409,4
8410,4
8411,3
8412,4
8413,1
8414,2
842,1
8420,1
8421,1
844,3
846,5
847,2
848,1
849,3
8490C,1
84B,1
85,60
851,1
852,2
853,2
854,1
858,2
859,2
86,57
865,1
87,64
8708,1
871,1
8719,1
872,1
8737,1
8745,1
8748,1
8749,1
8755,1
8757,1
8759,1
8765,1
8767,1
877,1
8783,1
88,63
8801,1
8807,1
885,1
88A,2
89,62
8902,1
895,1
899,1
8A,57
8A1,1
8A2,1
8A8,1
8B,63
8C,31
8C11,2
8C12,1
8C5,1
8C6,1
8D,17
8E,10
8F,11
8G,5
8H,1
8I,3
8J,1
8K,2
8L,1
8R,1
8U,1
8W,1
8X,1
9,1383
9-101,5
9-102,2
9-103,4
9-104,3
9-105,1
9-106,2
9-1A,1
9-201,3
9-202,1
9-203,2
9-204,2
9-205,1
9-206,1
9-301,3
9-302,1
9-304,1
9-306,2
9-307,1
9-906,1
9-931,1
9-931C,1
9-B,1
9-G,1
9 APT 6,1
90,44
900,13
900A,3
900B,1
901,162
902,153
903,138
903A,1
904,138
905,112
905-W090,1
906,113
906B,1
907,81
908,94
908A,1
909,63
91,67
910,48
9101,21
9102,19
9103,11
9104,17
9105,14
9106,14
9107,14
9108,11
9109,4
911,99
9110,7
9111,6
9112,7
9113,4
9114,3
9115,3
9116,1
9117,2
9118,4
912,99
9120,1
9121,1
9122,1
9123,3
913,70
913-B,1
9134,2
914,77
915,62
916,60
917,43
918,37
919,22
91B,1
92,53
920,27
9201,18
9202,21
9203,16
9204,20
9205,12
9206,13
9207,11
9208,12
9209,6
921,53
921 C,1
9210,7
9211,3
9212,4
9213,5
9214,4
9215,2
9216,1
9217,2
9218,1
9219,1
921B,1
922,51
9221,2
9222,3
9223,1
923,45
9231,2
924,57
925,18
925A,1
926,24
927,21
928,21
929,8
93,82
930,2
9301,6
9302,11
9303,6
9304,6
9305,9
9306,6
9307,4
9308,1
9309,5
931,16
9310,4
9311,5
9312,5
9313,1
9314,3
9315,4
9316,2
9317,6
9318,2
932,22
9320,1
9321,3
9322,1
933,14
934,16
935,15
9357,2
936,15
937,12
938,14
939,3
94,60
940,2
9401,1
9402,1
9405,3
9406,1
9408,1
9409,1
941,2
9410,1
9412,1
9415,1
942,1
943,2
944,1
946,6
946A,1
95,61
951,1
958,1
9584,2
95B,1
96,51
961,2
96B,3
97,73
98,61
989,1
98B,1
99,46
9909,1
99A,3
99B,1
9A,52
9A-1,1
9A7,1
9A8,1
9B,41
9B4,1
9B5,1
9B9,1
9BC,2
9C,24
9D,13
9E,8
9EF,1
9F,8
9G,5
9H,3
9I,2
9IK,1
9J,1
9K,1
9L,1
9M,1
9N,3
9P,3
9Q,2
9R,1
9U,3
9W,5
A,5962
A-02,3
A-03,2
A-04,1
A-06,1
A-07,2
A-08,1
A-09,1
A-1,13
A-10,3
A-101,1
A-103,2
A-104,3
A-106,1
A-108,1
A-11,2
A-12,1
A-13,2
A-14,3
A-15,1
A-2,10
A-201,2
A-202-D,1
A-205,1
A-24,1
A-3,13
A-301,1
A-303,1
A-3040,1
A-349,1
A-38,1
A-39,1
A-4,6
A-405,1
A-407,1
A-42,1
A-48,1
A-49,1
A-5,7
A-6,4
A-63,1
A-64,1
A-7,4
A-8,3
A-87,1
A 1,1
A 103,1
A 13,1
A 15,1
A 204,1
A 204-B,1
A 206,1
A 308,1
A 5,1
A BOX7,1
A/13,1
A/30,2
A001,1
A003,1
A004,2
A01,5
A03,4
A04,1
A05,2
A06,1
A07,1
A08,4
A1,137
A1-101,1
A1-201,2
A1-202,2
A1-203,1
A1-301,1
A1-302,2
A1-304,1
A10,27
A100,1
A1001,1
A1002,1
A1003,1
A1004,1
A1005,1
A1009,1
A101,24
A102,15
A103,17
A104,20
A105,17
A105A,1
A106,13
A107,9
A108,6
A109,7
A11,28
A110,3
A1102,1
A1105,1
A1106,1
A1107,1
A111,6
A1110,1
A112,3
A113,4
A11301,1
A12,31
A120,1
A1201,1
A1202,1
A1203,1
A1205,1
A1206,1
A1207,1
A1208,1
A1209,1
A124,1
A127,1
A13,13
A1301,1
A1302,1
A1306,1
A137,1
A14,30
A1404,2
A1405,4
A1406,2
A15,17
A1501,1
A1503,1
A1504,1
A1505,1
A16,17
A17,11
A18,15
A19,10
A2,118
A2-3,1
A20,13
A200,2
A201,20
A2012,2
A202,16
A2020,1
A203,23
A204,11
A2040,1
A204A,1
A205,15
A206,16
A207,19
A207B,1
A208,15
A209,5
A21,10
A210,3
A211,1
A212,5
A213,3
A215,1
A218,1
A2190,1
A22,13
A23,9
A2302,1
A2303,1
A2306,1
A24,11
A2402,1
A2405,1
A25,12
A2501,3
A2504,2
A2505,2
A26,10
A27,3
A28,7
A29,3
A2B,1
A3,120
A30,5
A300,1
A301,22
A3011,1
A301A,1
A302,13
A30202,1
A303,15
A304,17
A3040,1
A304C,1
A305,11
A3052,1
A306,11
A3060,1
A306A,1
A307,7
A308,10
A309,2
A3090,1
A31,8
A310,7
A311,6
A312,4
A313,1
A314,1
A32,6
A321,1
A32101,1
A322,1
A328,1
A33,6
A34,3
A35,8
A353,1
A36,5
A37,2
A38,5
A39,3
A4,118
A40,7
A400,1
A401,3
A401B,1
A402,2
A403,1
A404,3
A405,3
A406,2
A407,4
A408,1
A409,1
A410,5
A411,2
A412,2
A41202,1
A413,2
A42,4
A42102,1
A43,1
A44,2
A45,2
A46,3
A49,1
A5,66
A50,2
A5011,1
A503,1
A504,1
A5082,1
A509,2
A510,2
A5100,1
A516,1
A517,1
A519,1
A53,1
A54,2
A546,1
A55,7
A552,1
A559,1
A56,3
A57,4
A58,4
A59,4
A6,72
A60,4
A601,1
A602,1
A603,1
A605,1
A606,1
A607,1
A61,5
A610,1
A63,1
A64,1
A65,1
A66,1
A67,1
A68,2
A69,1
A7,67
A701,1
A702,1
A705,1
A707,1
A71,3
A72,1
A720,1
A73,1
A74,2
A75,3
A76,2
A78,3
A79,3
A8,33
A80,4
A801,1
A802,2
A805,1
A806,2
A808,1
A81,2
A810,1
A82,1
A84,2
A85,3
A86,2
A87,1
A88,1
A9,31
A903,1
A909,1
A910,1
A935,1
A94,2
AA,2
AA-6,2
AA-7,1
AA1,1
AA11,2
AA12,1
AA17,1
AA2,4
AA3,2
AA5,5
AA7,1
AA9,1
AB,1
ABC1,1
AC,2
AD,2
AG1,1
AL-26,1
AL-D11,1
AL14,2
AL21,2
AL310,1
ALPHA,1
AP49,1
APT,4
APT #1,1
APT 0,1
APT 1,7
APT 10,1
APT 103,1
APT 105,1
APT 109,1
APT 113,1
APT 114,1
APT 12,1
APT 121,1
APT 15,1
APT 1A,1
APT 2,3
APT 201,2
APT 202,1
APT 203,3
APT 207,2
APT 209,1
APT 212,2
APT 215,2
APT 2A6,1
APT 2D,1
APT 3,3
APT 321,1
APT 322,1
APT 3A,1
APT 4,2
APT 407,1
APT 41,1
APT 4D,1
APT 5,2
APT 6,1
APT 7,4
APT 8,2
APT A,1
APT C,1
APT E4,1
APTD,1
ASPEN12,1
b,2
B,5717
B-01,1
B-02,1
B-04,1
B-05,1
B-06,1
B-09,1
B-1,7
B-10,3
B-101,3
B-102,1
B-103,2
B-107,1
B-108,1
B-12,3
B-13,1
B-15,2
B-18,1
B-19,1
B-2,3
B-202,3
B-203,1
B-204,1
B-206,1
B-208,2
B-21,1
B-210,1
B-23,1
B-3,8
B-302,2
B-308,1
B-33,1
B-34,1
B-39,1
B-4,9
B-5,4
B-55,1
B-6,4
B-7,1
B-8,2
B-9,2
B-UPSTAIRS,1
B 10,1
B 108,1
B 11,1
B 17,1
B 3,1
B 40,2
B 706,1
B UPPR,1
B!,1
B#23,1
B/APT 2,1
B@,1
B0,1
B00101,1
B0020,1
B0031,1
B0032,1
B007,1
B01,6
B012,1
B013,1
B0150,1
B0161,1
B018,1
B0192,1
B02,1
B03,3
B04,2
B05,1
B07,1
B08,2
B09,1
B1,152
B10,32
B1003,1
B1006,1
B1007,1
B101,23
B1010,1
B102,22
B103,27
B104,27
B105,14
B106,13
B107,7
B108,14
B1081,1
B10821,1
B109,4
B11,40
B110,10
B1101,1
B1106,1
B111,5
B1110,1
B11101,1
B1112,1
B112,3
B11222,1
B113,4
B1130,1
B1130-1,1
B114,1
B115,1
B119,1
B1190,1
B12,39
B120,1
B1203,1
B1206,2
B1207,1
B1209,1
B1210,1
B1211,1
B1212,1
B13,22
B14,17
B15,18
B16,14
B17,14
B18,16
B19,14
B2,135
B20,8
B200,3
B201,37
B202,18
B20202,2
B203,21
B204,12
B205,15
B206,13
B207,14
B208,13
B209,5
B20A4,1
B21,12
B210,6
B211,5
B212,8
B2121,1
B213,7
B214,2
B214E,1
B215,2
B216,1
B218,1
B219,1
B22,13
B221,1
B222,1
B223,2
B23,10
B233,1
B24,15
B25,5
B26,7
B27,6
B28,6
B29,2
B3,117
B30,4
B300,2
B301,20
B302,13
B302A,1
B303,15
B3031-3,1
B3032,1
B304,15
B305,6
B306,10
B3061,2
B307,8
B308,5
B309,8
B31,3
B310,8
B311,5
B312,5
B313,1
B3141,1
B315,1
B316,1
B31611,1
B3162,1
B319,1
B32,9
B33,3
B33121,1
B35,4
B36,2
B37,2
B38,2
B39,1
B4,116
B400,3
B401,2
B402,3
B40201,1
B403,3
B40321,1
B404,2
B405,5
B406,2
B4061,1
B407,2
B408,3
B409,3
B41,2
B410,1
B411,1
B412,1
B4122,1
B413,4
B4130,2
B4142,1
B45,1
B46,1
B49,2
B5,80
B50,1
B501,1
B502,1
B504,1
B507,1
B51,1
B510,1
B512,1
B52,1
B54,1
B562,1
B6,95
B601,1
B603,2
B607,1
B608,1
B610,2
B611,1
B612,1
B7,68
B701,1
B703,1
B704,1
B706,1
B708,1
B710,1
B711,1
B8,51
B802,1
B803,1
B807,1
B808,1
B810,1
B811,1
B812,1
B9,41
B902,1
B904,1
B906,2
B907,1
B91,1
B911,2
B912,1
B9150,1
BA,1
BASE,1
BASEMENT,1
BB,2
BB2,2
BB4,2
BB6,2
BB7,2
BB8,2
BC,1
BE,1
BE336,1
BH1,2
BIRCH COTT,1
BSMT,8
BW,1
BX162,1
BX3,1
BX7,1
C,2863
C-03,1
C-07,2
C-09,1
C-1,10
C-101,4
C-102,1
C-103,2
C-104,1
C-106,3
C-108,1
C-11,1
C-12,2
C-13,1
C-14,1
C-15,1
C-16,1
C-17,1
C-19,2
C-2,13
C-20,1
C-203,1
C-206,2
C-21,1
C-219,1
C-22,2
C-221,1
C-23,1
C-24,2
C-27,1
C-3,4
C-30,1
C-302,1
C-31,1
C-39,1
C-4,7
C-40,1
C-5,5
C-6,2
C-7,5
C-8,5
C-9,1
C-C405,1
C 1,1
C 10,1
C 108,1
C 18,1
C 2,1
C 204,1
C 205,1
C 21,1
C 407,1
C001,3
C00201,1
C003,1
C003B,1
C004,1
C005,1
C006,1
C007,1
C01,2
C01001,1
C010A,1
C02,3
C03,2
C035,1
C04,1
C06,6
C07,1
C08,4
C09,2
C09011,1
C1,127
C10,42
C1001,2
C1002,2
C1004,1
C101,18
C1012,1
C101C,1
C102,13
C10202,1
C103,11
C1030,1
C104,14
C105,7
C10502,1
C106,14
C106B,1
C107,18
C108,14
C109,2
C11,30
C110,7
C1105-09,1
C1105-12,1
C111,2
C112,2
C113,3
C115,1
C116,1
C117,1
C118,1
C119,3
C12,39
C120,1
C121,2
C122,1
C124,1
C13,20
C14,20
C143,1
C15,12
C16,19
C17,13
C18,9
C19,10
C2,119
C20,9
C201,22
C202,18
C20201,1
C203,16
C203A,1
C204,14
C2042,1
C204A,1
C205,16
C206,14
C207,12
C208,14
C209,7
C21,15
C210,4
C211,2
C212,2
C214,2
C216,3
C217,2
C218,1
C219,1
C22,8
C220,2
C221,2
C222,1
C222B,1
C23,11
C233,1
C237,1
C24,11
C25,8
C26,3
C27,8
C28,8
C29,5
C3,109
C30,5
C300,1
C301,13
C302,14
C303,12
C304,12
C3041,2
C305,9
C306,9
C307,5
C308,8
C308A,2
C309,2
C31,6
C310,5
C311,2
C312,2
C313,2
C314,1
C316,2
C317,1
C318,1
C319,1
C32,14
C320,1
C322,2
C324,1
C326,1
C33,8
C330,1
C337,1
C34,3
C343,1
C35,5
C36,8
C37,3
C38,4
C39,6
C4,89
C40,1
C401,5
C402,3
C404,2
C4041,1
C405,3
C406,6
C407,3
C408,4
C409,1
C41,3
C410,2
C412,2
C415,1
C42,3
C43,2
C44,1
C45,2
C47,1
C48,1
C5,63
C50,2
C51,1
C510,1
C52,3
C53,1
C54,4
C55,4
C56,1
C58,1
C59,1
C6,58
C608,1
C60B,1
C61,4
C7,63
C8,45
C8 A,1
C9,27
C9C,1
CA,1
CB,2
CC,3
CC4,1
CC6,1
CD,2
CH201,1
CH202,2
CH204,1
CLUB,2
CO2,1
CT,3
CV107,1
D,2355
D-01,1
D-03,1
D-06,1
D-09,1
D-1,6
D-101,1
D-103,2
D-106,1
D-109,1
D-11,2
D-12,2
D-13,1
D-16,1
D-18,4
D-2,5
D-20,1
D-201,1
D-202,1
D-206,1
D-208,1
D-23,1
D-25,1
D-27,1
D-28,1
D-29,1
D-3,4
D-312,1
D-4,8
D-403,1
D-41,1
D-6,2
D-607A,1
D-65,1
D-69,1
D-7,2
D-8,4
D-D,1
D-D03,1
D #309D,1
D 1,1
D 10,1
D 2,1
D 22,1
D 3,1
D 304,1
D 5,1
D 6,1
D01,5
D02,4
D03,3
D04,1
D04010,1
D04A,1
D05,1
D06,3
D08,2
D09,3
D1,107
D10,20
D100,1
D101,10
D102,7
D103,13
D104,12
D104B,1
D105,10
D106,11
D107,9
D108,9
D109,2
D11,23
D110,3
D1106,1
D111,2
D112,1
D11602,1
D117,1
D12,27
D126,2
D127,2
D128,1
D129,1
D13,15
D130,2
D135,1
D14,16
D15,12
D156,1
D16,12
D17,11
D18,5
D19,6
D2,119
D20,7
D200,1
D201,9
D202,7
D203,9
D20311,1
D204,18
D205,5
D206,9
D207,6
D208,8
D209,2
D21,8
D210,1
D211,1
D214,1
D2140,1
D215,1
D216,1
D217,2
D218,2
D22,10
D223,1
D224,1
D225,1
D226,1
D226A,1
D227,1
D228,1
D229,1
D23,9
D230,2
D231,1
D231C,1
D233A,1
D234A,1
D239,2
D24,7
D240,1
D247,1
D249,1
D25,3
D26,5
D27,9
D28,11
D29,5
D3,100
D30,4
D301,9
D302,5
D303,6
D304,4
D304B,1
D305,5
D306,5
D306A,1
D307,5
D3071,1
D3072,1
D308,10
D309,1
D31,5
D310,3
D311,2
D316,1
D317,1
D32,5
D324,1
D325,1
D326,1
D327,2
D329,1
D33,3
D330,1
D3336,1
D34,4
D35,3
D36,2
D37,4
D38,3
D39,4
D4,86
D40,3
D401,3
D402,3
D404,1
D405,2
D406,2
D407,1
D408,3
D4082,1
D409,2
D410,3
D412,2
D4122,1
D413,3
D414,1
D415,1
D416,1
D417,3
D418,2
D419,1
D42,2
D420,1
D43,5
D434A,1
D44,3
D45,1
D46,1
D48,1
D5,55
D50,3
D501,1
D502,1
D50201,1
D503,1
D504,1
D50422,1
D505,1
D506,1
D507,1
D508,1
D509,2
D510,2
D511,1
D512,1
D59,1
D6,48
D609,1
D61,1
D62,1
D63,1
D65,2
D67,1
D69,1
D7,43
D70,1
D74,1
D75,1
D76,1
D78,1
D79,2
D8,38
D80,2
D81,1
D83,1
D85,2
D9,20
DC,1
DD1,1
DD2,1
DD3,2
DD4,3
DD5,1
DD6,1
DD8,1
DH-202,1
DL717,1
DL719,1
DOOR,1
DORM A,1
DOWNS-336,1
DOWNSTAIRS,1
DW4,1
DWN465,1
E,890
E-02,1
E-1,4
E-10,2
E-101,1
E-106,2
E-108,1
E-11,2
E-12,3
E-120,2
E-131,1
E-14,2
E-15,1
E-15D,1
E-16,2
E-19,1
E-1A,1
E-2,5
E-20,2
E-201,2
E-204,1
E-24,1
E-29,1
E-3,5
E-36,1
E-4,4
E-5,2
E-510,1
E-6,4
E-7,5
E-8,2
E-9,1
E 016,1
E 111,1
E 144,1
E 18,2
E 205,1
E 5,1
E 6,1
E001,2
E002,1
E01,1
E02,3
E03,2
E04,3
E057,1
E06,2
E09,2
E1,78
E10,28
E100,1
E101,22
E102,14
E103,8
E104,17
E105,10
E106,10
E107,10
E108,9
E109,2
E11,28
E110,1
E111,2
E112,4
E113,2
E114,2
E115,3
E116,1
E117,1
E118,5
E119,1
E12,12
E1202,1
E1206,1
E1207,1
E121,2
E1214,1
E1215,2
E1218,2
E1219,2
E122,1
E1220,1
E1222,2
E1225,3
E1226,2
E123,2
E124,4
E126,2
E129,2
E13,15
E130,4
E131,5
E132,2
E133,3
E134,2
E135,2
E136,2
E137,2
E138,1
E139,1
E14,16
E142,1
E144,1
E145,1
E149,1
E15,16
E150,1
E151,1
E152,1
E153,3
E154,3
E156,3
E159,3
E16,12
E17,4
E18,9
E180,1
E19,9
E1B,1
E1C,1
E1E,1
E1F,1
E1W,1
E2,112
E20,15
E201,8
E202,14
E202A,1
E203,12
E204,15
E205,15
E206,7
E207,6
E208,12
E208B,1
E209,1
E21,13
E210,2
E211,2
E212,2
E213,1
E214,1
E216,2
E217,1
E219,1
E22,9
E220,2
E2201,5
E2203,2
E2204,2
E2206,1
E2210,1
E2211,1
E2213,1
E2216,1
E222,1
E2220,1
E2224,2
E223,1
E224,1
E225,4
E226,3
E229,2
E23,9
E230,2
E231,2
E232,1
E233,1
E234,2
E236,1
E24,7
E25,10
E26,5
E27,3
E28,1
E29,2
E2A,1
E2B,1
E2C,1
E2D,1
E2E,1
E2G,1
E2H,1
E3,75
E30,3
E301,2
E302,1
E303,4
E303B,1
E304,4
E305,7
E306,5
E307,4
E308,4
E309,2
E31,2
E310,1
E311,2
E312,4
E313,3
E314,1
E317,2
E319,1
E32,2
E321,1
E322,2
E323,2
E324,2
E327,2
E33,6
E330,1
E331,3
E332,1
E333,1
E334,2
E335,1
E336,2
E34,2
E36,3
E37,4
E3A,2
E3B,1
E3C,1
E3F,1
E3G,1
E4,67
E40,2
E41,2
E414,1
E417,1
E42,2
E43,2
E46,1
E47,2
E49,2
E4A,1
E4B,1
E4D,1
E4E,1
E5,48
E50,9
E501,1
E503,1
E504,2
E505,1
E506,2
E508,1
E509,1
E51,2
E510,1
E511,1
E513,1
E514,1
E515,2
E517,2
E518,1
E519,3
E52,2
E520,1
E521,1
E523,2
E53,2
E54,4
E55,2
E56,3
E58,1
E59,2
E5C,1
E5D,1
E5E,1
E6,45
E60,3
E61,2
E64,2
E65,2
E68,1
E6A,1
E6C,2
E6E,1
E6F,1
E6G,1
E6H,2
E7,48
E71,1
E72,1
E77,1
E78,1
E79,3
E8,40
E80,1
E81,1
E86,1
E87,1
E88,4
E89,2
E9,25
E90,3
E91,1
E92,4
E94,1
E95,1
E96,3
E97,2
E98,2
E99,1
EAST,3
EAST 8C,1
EB,1
EC,1
ECHO,1
ED,1
EE1,1
EE2,1
EE3,1
EE5,1
EE7,1
EE8,1
EL-612,1
EL 915,1
EL#410,1
ELL-350,1
ELL 758,1
ELLS,1
EV116,2
EV123,2
EV135,1
EV137,1
EV140,1
EV218,1
EW12,1
EW13,2
EW14,1
EW15,1
EW16,1
EW17,1
EW20,1
EW22,1
EW25,1
F,782
F- 310,1
F-05,1
F-08,1
F-1,2
F-10,2
F-107,1
F-11,1
F-18,1
F-2,4
F-203,1
F-3,3
F-309,1
F-33,1
F-35,1
F-37,1
F-4,6
F-5,1
F-6,3
F-D,1
F 1,1
F`12,1
F001,2
F002,1
F004,1
F006,1
F01,2
F02,2
F03,2
F05,3
F06,3
F06-B,1
F07,2
F09,1
F1,47
F1 2W,1
F10,17
F1001,1
F1004,1
F101,13
F102,2
F103,8
F104,11
F105,7
F106,7
F107,8
F108,5
F109,3
F11,20
F110,3
F111,3
F112,3
F12,9
F13,10
F14,14
F140,1
F142,1
F143,2
F144,1
F145,2
F15,9
F16,16
F17,6
F18,7
F19,4
F2,89
F20,4
F201,8
F202,9
F203,10
F204,7
F205,7
F206,6
F207,8
F208,2
F209,1
F21,4
F210,6
F211,2
F212,2
F22,1
F223,1
F23,6
F238,1
F24,8
F240,1
F241,1
F242,1
F243,2
F245,1
F25,5
F26,1
F28,1
F29,1
F3,51
F30,2
F301,2
F302,5
F303,5
F304,1
F305,4
F306,4
F307,1
F308,4
F31,4
F311,2
F312,2
F32,3
F33,4
F338,1
F339,2
F34,4
F340,3
F341,1
F342,2
F343,1
F344,1
F35,2
F36,6
F39,1
F4,54
F401,3
F404,2
F405,1
F406,2
F5,41
F6,41
F601,1
F602,1
F604,2
F605,1
F606,1
F608,2
F610,2
F611,2
F612,1
F613,2
F614,1
F619,3
F62,3
F620,1
F621,1
F623,2
F624,1
F64,4
F65,1
F67,1
F68,3
F7,31
F8,29
F9,12
FB,1
FF-6,2
FF1,2
FF2,3
FF3,3
FF4,1
FF5,3
FF7,1
FF8,1
FL-130,1
FL 216 3A,1
FL2,1
FLOOR,1
FRNT,2
FRONT,3
G,396
G-02,1
G-04,1
G-05,1
G-07,2
G-1,1
G-10,1
G-11,5
G-12,1
G-126,1
G-17,2
G-18,2
G-2,2
G-201,1
G-204,1
G-207,1
G-24,1
G-3,2
G-4,2
G-5,1
G-6,1
G-9,2
G-C,1
G 163,1
G001,3
G002,3
G003,1
G004,1
G005,2
G01,2
G02,2
G020,2
G022,1
G03,3
G046,1
G048,1
G050,2
G055,1
G056,7
G057,1
G058,2
G059,1
G06,2
G07,1
G08,2
G09,1
G1,69
G10,19
G101,9
G102,8
G103,6
G104,2
G105,6
G106,8
G107,3
G108,6
G109,1
G11,12
G110,1
G111,1
G112,1
G115,1
G117,1
G12,15
G121-2,1
G125,1
G13,12
G14,6
G146,1
G147,1
G148,1
G15,8
G150,1
G151,1
G16,3
G17,9
G18,7
G19,3
G2,62
G20,8
G201,5
G201E,1
G202,8
G203,7
G204,8
G205,3
G206,5
G207,3
G208,4
G209,2
G21,5
G210,1
G22,1
G227,1
G228,1
G23,5
G24,4
G246,2
G249,1
G250,2
G251,1
G26,2
G27,2
G3,56
G301,2
G302,5
G303,1
G304,1
G305,2
G306,4
G307,4
G308,4
G309,1
G310,2
G311,1
G312,1
G328,1
G346,2
G347,2
G348,1
G349,1
G351,1
G37,3
G38,2
G39,1
G4,53
G40,1
G41,1
G42,1
G43,3
G47,1
G5,32
G6,31
G7,23
G702,1
G703,1
G704,2
G705,1
G706,3
G710,1
G712,1
G713,2
G715,4
G717,2
G719,1
G721,1
G722,1
G723,1
G724,1
G73,1
G74,1
G75,3
G76,3
G77,2
G79,1
G8,30
G82,2
G9,13
GA,2
GA-12,1
GA14,1
GC,1
GD,1
GG-1,1
GG-5,1
GG-7,1
GG3,2
GG8,2
H,429
H-01,1
H-03,1
H-1,1
H-10,1
H-106,1
H-11,1
H-12,1
H-17,1
H-2,2
H-20,1
H-23,1
H-3,4
H-308,1
H-407,1
H 11,1
H01,2
H02,1
H024,1
H03,1
H04,1
H05,1
H08,2
H09,2
H092,1
H1,49
H10,13
H101,6
H102,4
H103,3
H104,3
H105,2
H106,5
H107,3
H108,4
H11,11
H110,1
H110-B,1
H111,1
H113,1
H12,10
H13,4
H14,3
H15,5
H152,2
H153,1
H154,1
H155,1
H156,1
H157,1
H158,1
H16,6
H160,1
H163,1
H17,2
H18,6
H19,2
H2,50
H20,4
H201,5
H202,4
H203,3
H204,2
H205,4
H206,8
H207,2
H208,4
H209,1
H21,4
H212,1
H215,1
H22,1
H228,1
H23,3
H24,3
H252,2
H253,1
H254,2
H255,2
H256,1
H258,1
H259,1
H26,2
H28,1
H3,44
H301,1
H302,3
H303,2
H304,4
H305,2
H306,2
H307,2
H308,2
H309,1
H31,2
H310,1
H32,1
H33,2
H332,1
H352,1
H353,1
H354,1
H4,45
H4-06,1
H401,1
H405,1
H42,2
H5,26
H6,33
H7,23
H8,24
H801,1
H804,1
H807,1
H808,2
H809,2
H810,1
H812,2
H86,2
H87,4
H88,1
H89,1
H9,8
H90,2
H91,1
H92,1
H93,1
H95,4
H96,4
HA 603,1
HAS-647,1
HB705,1
HC,5
HC 19,1
HC42,1
HC77,1
HD7,1
HH-3,1
HH325A,1
HH4,1
HH8,1
I,103
I-01,1
I-03,1
I-1,3
I-10,1
I-101,4
I-103,1
I-104,1
I-105,3
I-108,3
I-12,1
I-120,1
I-122,1
I-15,1
I-17,1
I-19,1
I-2,1
I-201,1
I-202,1
I-211,1
I-213,2
I-22,1
I-224,1
I-23,1
I-3,5
I-335A,1
I-4,7
I-5,3
I-6,5
I-8,1
I-9,4
I-98,1
I 101,1
I 103,1
I 114,1
I 126,1
I 201,1
I 7,1
I01,1
I02,3
I04,1
I07,1
I08,2
I098,1
I1,19
I10,2
I100,2
I1001,1
I1003,1
I101,2
I102,4
I103,3
I104,2
I105,1
I106,4
I107,4
I108,2
I109,2
I11,3
I110,1
I111,3
I117,2
I118,1
I12,1
I123,1
I125,1
I13,1
I14,1
I16,2
I16B,1
I17,1
I18,1
I2,14
I20,2
I201,3
I202,2
I203,4
I204,4
I205,3
I206,2
I207,1
I208,1
I21,2
I211,1
I214,1
I217,2
I218,1
I220,1
I221,1
I3,12
I302,1
I303,2
I304,1
I305,3
I306,1
I308,3
I309,1
I311,1
I312,1
I4,22
I5,19
I6,11
I7,4
I8,6
I9,3
I97,2
I98,2
IH,2
II-3,1
II1,1
II2,1
II5,1
II8,2
IL1C,1
IL4C,1
J,185
J-03,1
J-1,3
J-103,1
J-105,1
J-114,2
J-13,1
J-15,1
J-2,3
J-3,2
J-340-A,1
J-57,1
J-7,1
J002,1
J005,1
J01,2
J02,1
J03,1
J06,1
J08,1
J1,26
J10,5
J102,1
J11,3
J111,1
J114,1
J116,1
J117,2
J118,2
J12,3
J13,3
J14,4
J15,3
J16,1
J17,3
J18,1
J19,4
J2,29
J20,1
J201,2
J202,1
J203,1
J207,1
J208,1
J21,2
J22,2
J23,3
J24,3
J240,2
J3,22
J301,2
J303,1
J304,1
J305,1
J340,1
J35,1
J4,29
J49,1
J5,13
J51,2
J53,1
J54,1
J55,2
J58,1
J59,1
J6,16
J61,1
J62,2
J63,1
J64,1
J65,1
J66,2
J67,1
J7,12
J8,11
J9,6
J901,1
J902,1
J903,1
J904,1
J906,1
J907,3
J909,2
J910,1
J911,1
JA,2
JJ-5,1
JJ2,2
JJ3,3
JJ4,1
JJ5,2
JJ8,1
K,143
K-09,1
K-1,2
K-10,1
K-13,1
K-2,1
K-29,1
K-4,1
K-7,1
K002,1
K02,1
K1,31
K1-2,1
K10,2
K1002,1
K1004,1
K1007,2
K1008,2
K101,1
K1011,1
K1012,3
K1013,2
K1014,1
K1015,1
K1016,1
K1017,2
K1018,1
K1019,1
K1020,2
K1022,1
K1023,1
K104,1
K105,2
K106,1
K108,1
K11,3
K12,3
K122,1
K123,1
K126,2
K127,1
K128,1
K13,2
K131,3
K14,2
K16,2
K17,1
K18,1
K19,3
K2,19
K20,2
K201,3
K205,2
K208,2
K22,1
K229,1
K24,1
K3,26
K301,1
K302,2
K304,2
K305,1
K307,1
K308,1
K4,24
K5,12
K6,14
K69,1
K7,7
K70,3
K72,1
K73,3
K75,1
K76,1
K77,1
K8,9
K80,1
K81,1
K82,2
K84,1
K85,1
K86,1
K9,1
KA,1
KA12,1
KB,1
KK1,2
KK3,2
KK4,1
KK6,2
KK7,1
KK8,2
L,150
L-03,1
L-1,2
L-10,1
L-13,1
L-158A,1
L-17,1
L-18,1
L-2,3
L-3,1
L-4,2
L-46,1
L-5,2
L-6,1
L-8,1
L-A8,1
L-B8,1
L 08,1
L001,1
L002,1
L003,1
L004,1
L03,1
L04,1
L06,1
L1,17
L10,2
L101,1
L102,4
L103,1
L104,1
L106,3
L107,3
L11,6
L12,3
L13,3
L133,1
L134,1
L135,3
L137,1
L138,1
L14,3
L141,1
L143,2
L144,1
L15,1
L157,1
L159,1
L159B,2
L16,2
L161,1
L161 A,1
L163A,1
L164A,1
L17,1
L18,2
L2,28
L20,2
L201,2
L204,6
L205,1
L206,1
L209,1
L21,6
L210,1
L211,1
L22,4
L23,2
L24,1
L3,26
L301,1
L306,1
L309,1
L310,1
L32,3
L334,1
L4,23
L5,11
L50,1
L6,8
L7,9
L8,9
L9,2
LCE4A,1
LEV,1
LEVEL,2
LEW-206,1
LEW - 416,1
LEW 321,1
LL-2,1
LL3,1
LL5,1
LL6,1
LN,1
LOCATION,1
LOFT,1
LOT 1,1
LOT 2,1
LOT 20,2
LOT 3,1
LOT 4,1
LOT 52,1
LOT 6,1
LOT 77,2
LOT 9,2
LOT C5,1
LOT D3,1
LOT8,1
LT 5,1
LWR,1
M,72
M-12,1
M-17,1
M-2,1
M-23,1
M-24,1
M-4,1
M-5,1
M-6,1
M-9,1
M001,2
M002,1
M003,1
M02,1
M07,1
M1,20
M1 419A,1
M10,3
M102,3
M107,1
M11,1
M12,5
M13,2
M135,1
M14,4
M140,1
M142,1
M144,1
M145-1,1
M147,1
M149,1
M15,5
M16,3
M17,3
M18,2
M19,6
M2,18
M20,5
M203,1
M204,1
M206,1
M208,1
M21,1
M210,2
M22,4
M23,3
M24,2
M27,2
M29,1
M3,15
M308,1
M31A,1
M32,1
M33,1
M4,21
M42,1
M5,8
M6,13
M7,12
M8,17
M9,3
MAGC,1
MAIN,1
MANAGER,1
MAR-101A,1
MH,1
MH1,1
MH7,1
MH9,1
MHC5,1
MHC9,1
MICHIGIAN,1
MM2,1
MM3,1
MM6,2
MN,1
MS1,1
MS2,1
N,49
N-07,1
N-1,1
N-10,1
N-14,1
N-4,1
N-7,1
N 356,1
N001,2
N003,1
N01,1
N07,1
N1,14
N10,2
N102,1
N103,1
N104,1
N106,2
N107,1
N11,3
N12,2
N13,2
N14,2
N15,1
N154,1
N155,1
N2,19
N2-205,1
N203,1
N206,1
N208,1
N209,2
N21,1
N22,1
N23,2
N24,2
N25,1
N3,12
N326,1
N34,1
N342,1
N4,24
N43,1
N5,8
N6,9
N6-105,1
N601,1
N7,10
N8,8
NATION,1
NATION417,1
NH1,1
NN-3,1
NN3,1
NN4,1
NN5,1
NORTH,3
NT 23,1
O,40
O-01,1
O-10,2
O-107,1
O-11,1
O-15,1
O-21,1
O-3,2
O08,1
O1,5
O102,2
O103,1
O104,2
O105,1
O108,1
O13,1
O159,1
O2,1
O202,1
O204,2
O209,1
O21,1
O210,1
O257,1
O26,1
O3,2
O302,1
O304,1
O305,1
O308,1
O309,1
O4,6
O5,4
O5-305,1
O6,5
O7,4
O8,4
OFC,8
OFFICE,7
OO-1,1
OO-2,1
OO2,1
OO3,1
OO6,2
OO7,1
OO8,1
OS-419,1
OS 101,1
OSW-345,1
OSW513,1
OSWALD 517,1
P,38
P-1,1
P-13,1
P-15,1
P-22,1
P-29,1
P001,1
P002,1
P003,2
P01,1
P02,1
P1,19
P10,1
P101,1
P102,2
P106,1
P107,1
P109,1
P11,4
P110,2
P12,1
P13,3
P14,4
P15,1
P16,6
P17,1
P18,1
P19,2
P2,19
P20,1
P201,2
P202,1
P206,1
P208,1
P21,2
P210,2
P23,1
P26,1
P27,3
P3,12
P32,2
P4,8
P5,3
P6,4
P7,2
P8,2
P9,2
PP-2,1
PP-4,1
PP1,1
PP3,1
PP6,3
PP7,2
PP8,1
Q,21
Q001,1
Q002,1
Q004,2
Q08,1
Q1,11
Q101,2
Q102,2
Q104,1
Q105,2
Q106,1
Q108,2
Q109,1
Q11,1
Q165B,1
Q167,1
Q2,9
Q201,1
Q203,2
Q204,2
Q206,2
Q210,1
Q268,1
Q3,12
Q4,12
Q5,2
Q6,3
Q7,7
Q8,4
R,32
R-4,1
R 004,1
R 326,1
R002,1
R003,1
R1,6
R10,2
R101,1
R102,1
R103,5
R106,2
R108,1
R11,3
R110,1
R112,1
R12,4
R15,1
R171,1
R2,15
R202,1
R205,1
R206,1
R207,1
R209,1
R21,1
R22,1
R270,1
R3,10
R307,1
R309,1
R4,8
R5,4
R5D,1
R6,5
R7,10
R7-A,1
R8,6
R9,2
RD1,1
REAR,5
RM 1,1
RM 101,1
RM 102,1
RM 108,2
RM 110,1
RM 20,1
RW 558,1
RW 606,1
RW605,1
S,23
S-1,1
S-12,1
S-3,1
S-5,2
S - 101B,1
S 452,1
S012,1
S02B,1
S04,1
S1,5
S10,1
S102,5
S102 A,1
S102 B,1
S103,2
S103 A,1
S106,1
S107 A,1
S107 B,1
S109,2
S11,1
S110,1
S111,1
S112,1
S113,1
S119,1
S12,4
S1282,1
S1352,1
S1381,1
S1391,1
S14,2
S15,1
S17,1
S19,1
S2,11
S205,2
S207,1
S208,1
S21,4
S22,1
S24,1
S26,1
S3,10
S301,1
S302,1
S310,1
S314,1
S3E,1
S4,13
S5,5
S6,8
S7,7
S76,1
S8,3
S9,2
SC102,1
SEL-311,1
SELF 148,1
SH-A4120.1,1
SH-D-2031,1
SH-D3010.2,1
SH-D3020,1
SH-D3072,1
SH-D5090,1
SILVER,1
SLC145,1
SLC245,1
SLC246,1
SLF-57N,1
SOUTH,5
SPB201A,1
"SUITE,FLOO",5
"SUITE,UN",1
T,8
T-19,2
T-2,1
T-4,1
T-8,1
T-9,1
T01,6
T02,3
T03,1
T04,7
T05,5
T1,7
T10,2
T101,1
T103,1
T104,1
T108,1
T109,2
T11,4
T110,1
T12,3
T13,1
T14,2
T16,2
T17,1
T18,3
T2,12
T20,2
T201,4
T202,1
T203,1
T204,1
T207,1
T210,1
T22,3
T23,1
T24,4
T25,1
T26,1
T27,3
T29,1
T3,12
T30,2
T301,1
T304,1
T310,2
T4,5
T5,4
T6,8
T7,4
T8,4
T9,4
TEM-204C,1
TROUT,1
U,6
U-1,1
U-281A,1
U1,3
U101,1
U105,2
U109,1
U11,2
U14,2
U2,7
U201,1
U202,1
U209,1
U21,2
U3,3
U302,1
U305,1
U4,5
U5,2
U6,2
U7,2
U8,2
UNIT 10 RM,1
UNIT B,2
UP,3
UPPER,7
UPSTAIRS,4
V,6
V-113,1
V-201,1
V02,1
V1,3
V101,1
V103,3
V104,2
V105,2
V107,1
V108,2
V11,3
V110,2
V112,1
V113,1
V114,1
V117,2
V14,1
V2,4
V202,2
V203,1
V204,1
V206,1
V207,2
V208,2
V2111-1,2
V22,1
V3,2
V4,1
V6,2
V7,1
V8,1
VVB207B,1
VVB423A,1
VVC114,1
W,17
W-109,1
W-12,1
W-16,1
W-2,2
W-20,2
W-209,1
W-216,1
W-37,1
W-78,1
W 218,1
W 228,1
W 39,1
W 74,1
W0,2
W0101,3
W0103,1
W0104,1
W0106,1
W0107,4
W0109,2
W0110,2
W0112,1
W0114,1
W0115,1
W0116,1
W0117,2
W0118,2
W0119,2
W014,1
W1,10
W10,3
W100,3
W101,1
W102,5
W103,3
W103A,1
W104,1
W105,2
W106,3
W107,4
W108,1
W109,4
W11,5
W1103,2
W1106,1
W1108,1
W1109,1
W111,7
W1113,2
W1116,1
W1119,1
W112,2
W113,2
W114,4
W115,6
W116,3
W117,3
W118,1
W119,2
W12,10
W121,1
W122,2
W123,1
W124,3
W125,1
W126,3
W127,1
W128,1
W129,2
W13,4
W130,1
W131,1
W132,1
W14,6
W15,2
W16,2
W17,2
W171,2
W18,5
W18A,1
W19,5
W19B,1
W1A,1
W1B,1
W1E,1
W1G,1
W2,11
W20,3
W201A,1
W202,4
W204,3
W205,1
W206,4
W207,2
W208,1
W208A,1
W209,1
W209A,1
W21,7
W210,2
W2100,2
W2101,1
W2102,1
W2103,1
W2105,2
W2107,2
W2108,4
W2109,1
W211,3
W2110,2
W2113,4
W2114,1
W2115,1
W2116,1
W2117,2
W2118,3
W212,4
W2121,1
W212A,1
W213,1
W214,1
W215A,1
W216,2
W217,3
W218,2
W219,3
W22,2
W220A,1
W221,1
W222,3
W2227,1
W223,2
W225,3
W226,3
W229,1
W23,1
W230,1
W231,2
W232,2
W24,4
W26,2
W2A,1
W2B,1
W2C,1
W2E,1
W3,10
W30,2
W301,5
W302,1
W304,1
W305,2
W306,3
W307,1
W308,1
W309,1
W31,1
W310,3
W311,4
W312,2
W313,3
W316,2
W317,1
W318,1
W32,1
W321,1
W322,1
W324,1
W325,1
W326,1
W327,2
W328,1
W329,1
W33,2
W330,1
W331,2
W332,1
W36,1
W38,1
W3C,2
W3D,1
W3E,1
W3G,1
W4,12
W402,3
W404,2
W405,3
W406,3
W408,3
W409,2
W410,3
W411,5
W412,3
W413,1
W415,1
W416,1
W419,1
W42,4
W420,1
W421,1
W423,1
W44,2
W45,1
W46,1
W47,1
W48,2
W49,1
W4A,1
W4B,1
W4C,1
W4H,1
W5,2
W50,1
W52,1
W53,2
W54,3
W56,2
W59,1
W5A,1
W5D,2
W5E,2
W6,7
W60,1
W61,1
W62,2
W63,2
W64,1
W68,1
W69,2
W6C,1
W6D,1
W6E,1
W6F,2
W7,8
W72,1
W74,2
W75,2
W77,1
W78,2
W79,2
W8,5
W81,2
W82,1
W84,1
W86,1
W88,2
W89,2
W9,2
W91,1
W92,3
W94,1
W95,2
W96,1
W97,1
W98,1
W99,1
WEST,2
WIC,1
WV217C,1
X,6
X1,2
X10,1
X11,2
X12,2
X2,1
X21,1
X3,4
X4,2
X5,2
X6,2
X7,2
X8,3
X9,1
Y,8
Y11,1
Y12,1
Y2,1
Y23,1
Y27,1
Y3,1
Y4,2
Y5,2
Y6,1
Y7,2
Y8,2
Y9,3
Z,3
Z10,2
Z11,3
Z12,2
Z21,1
Z22,1
Z3,1
Z4,1
Z6,2
Z7,1
