text_res_city,Count
Abbyville,214
Abilene,7201
Ada,63
Admire,209
Agenda,105
Agra,272
Albert,241
Alden,144
Alexander,53
Allen,402
Alma,1356
Almena,383
Alta Vista,640
Altamont,1113
Alton,191
Altoona,417
Americus,853
Andale,1400
Andover,13199
Anthony,1718
Arcadia,473
Argonia,550
Arkansas City,8535
Arlington,451
Arma,1482
Arnold,31
Ashland,748
Assaria,789
Atchison,8808
Athol,109
Atlanta,331
Attica,500
Atwood,1277
Auburn,2239
Augusta,10119
Aurora,126
Axtell,589
Baileyville,366
Baldwin City,5712
Bancroft,2
Barnard,129
Barnes,175
Bartlett,188
Basehor,8652
Bavaria,29
Baxter Springs,4368
Bazine,239
Beattie,277
Beaumont,40
Beeler,54
Bel Aire,7199
Belle Plaine,2062
Belleville,1784
Beloit,3091
Belpre,130
Belvidere,8
Belvue,373
Bendena,174
Benedict,106
Bennington,899
Bentley,377
Benton,1983
Bern,337
Berryton,2631
Beverly,194
Bird City,484
Bison,238
Blaine,4
Bloom,29
Blue Mound,429
Blue Rapids,835
Bluff City,96
Bogue,185
Bonner Springs,7267
Bremen,206
Brewster,393
Bridgeport,52
Bronson,359
Brookville,485
Brownell,102
Bucklin,624
Bucyrus,1506
Buffalo,318
Buhler,1523
Bunker Hill,136
Burden,584
Burdett,254
Burdick,116
Burlingame,1402
Burlington,2529
Burns,437
Burr Oak,232
Burrton,1077
Bushong,22
Bushton,293
Byers,49
Byron,19
Caldwell,982
Cambridge,150
Caney,1987
Canton,838
Carbondale,2073
Carlton,148
Carlyle,12
Cassoday,226
Catherine,71
Cawker City,432
Cedar,63
Cedar Point,150
Cedar Vale,496
Centerville,315
Centralia,629
Chanute,7476
Chapman,1833
Chase,385
Chautauqua,37
Cheney,2974
Cherokee,731
Cherrryvale,2
Cherryvale,2244
Chester,22
Chetopa,1053
Cimarron,1811
Circleville,350
Claflin,810
Clay Center,4221
Clayton,110
Clearwater,3552
Clifton,566
Climax ,35
Clyde,688
Coats,123
Codell,41
Coffeyville,7319
Colby,4442
Coldwater,639
Collyer,156
Colony,618
Columbus,4045
Colwich,2072
Concordia,3939
Conway Springs,1461
Coolidge,78
Copeland,311
Corning,308
Cottonwood Falls,753
Council Grove,2454
Courtland,391
Coyville,2
Crestline,37
Cuba,220
Culver,180
Cummings,415
Cunningham,634
Damar,178
Danbury,13
Danville,101
De Soto,4815
Dearing,209
Deerfield,492
Delavan,29
Delia,439
Delphos,408
Denison,275
Dennis,229
Densmore,3
Denton,210
Derby,21807
Dexter,329
Dighton,949
Dodge City,14675
Dorrance,211
Douglass,2413
Downs,775
Dresden,117
Dunlap,25
Durham,140
Dwight,336
Eastborough,652
Easton,1296
Edgerton,1928
Edmond,50
Edna,671
Edson,94
Edwardsville,3116
Effingham,764
El Dorado,11376
Elbing,174
Elk City,631
Elk Falls,140
Elkhart,1536
Ellinwood,1865
Ellis,2032
Ellsworth,1876
Elmdale,141
Elsmore,177
Elwood,673
Emmett,323
Emporia,17066
Englewood,78
Ensign,236
Enterprise,717
Erie,1547
Esbon,199
Eskridge,654
Eudora,5764
Eureka,2391
Everest,418
Fairview,327
Fairway,3542
Fall River,518
Falun,175
Farlington,278
Florence,370
Fontana,488
Ford,239
Formoso,157
Fort Larned,2
Fort Riley,3695
Fort Scott,10579
Fowler,619
Frankfort,954
Franklin,393
Fredonia,2058
Freeport,53
Friend,14
Frontenac,2562
Ft Dodge,18
Ft. Leavenworth,1688
Fulton,288
Galena,4169
Galesburg,286
Galva,911
Garden City,18955
Garden Plain,1573
Gardner,17712
Garfield,213
Garland,178
Garnett,3667
Gas,347
Gaylord,157
Gem,150
Geneseo,388
Geuda Springs,275
Girard,3293
Glade,135
Glasco,400
Glen Elder,431
Glendale,11
Goddard,7638
Goessel,379
Goff,278
Goodland,3366
Gorham,374
Gove,178
Grainfield,325
Grantville,427
Great Bend,11504
Greeley,555
Green,226
Greenleaf,283
Greensburg,726
Greenwich,37
Grenola,258
Gridley,433
Grinnell,346
Gypsum,831
Haddam,144
Hallowell,1
Halstead,1914
Hamilton,304
Hanover,706
Hanston,283
Hardtner,133
Hardy,12
Harlan,21
Harper,1336
Hartford,522
Harveyville,472
Havana,316
Haven,1400
Havensville,289
Haviland,613
Hays,16993
Haysville,9085
Hazelton,100
Healy,208
Hedville,19
Hepler,179
Herington,2048
Herkimer,55
Herndon,196
Hesston,2830
Hiattville,1
Hiawatha,3326
Highland,648
Hill City,1206
Hillsboro,2462
Hillsdale,4
Hoisington,2246
Holcomb,1651
Hollenberg,79
Holton,3876
Holyrood,367
Home,243
Hope,673
Horace,53
Horton,1699
Howard,690
Hoxie,1271
Hoyt,1424
Hudson,132
Hugoton,2961
Humboldt,1884
Hunnewell,1
Hunter,143
Huron,69
Hutchinson,33583
Independence,8675
Ingalls,516
Inman,1765
Iola,4989
Isabel,144
Iuka,172
Jamestown,307
Jennings,148
Jetmore,860
Jewell,435
Johnson,888
Junction City,15666
Kalvesta,59
Kanopolis,414
Kanorado,163
Kansas City,84776
Kechi,1587
Kelly,13
Kendall,117
Kensington,539
Kincaid,490
Kingman,3045
Kingsdown,36
Kinsley,1064
Kiowa,666
Kipp,40
Kirwin,180
Kismet,343
La Cygne,1681
La Harpe,474
LaCrosse,955
Lacygne,262
Lake City,71
Lake Quivira,940
Lakin,1628
Lamont,13
Lancaster,461
Lane,567
Langdon,114
Lansing,6997
Larned,2947
Latham,164
Lawrence,67646
Le Roy,624
Leavenworth,25606
Leawood,29579
Lebanon,377
Lebo,1181
Lecompton,1369
Lehigh,201
Lenexa,45894
Lenora,306
Leon,1218
Leona,55
Leonardville,577
Leoti,1095
Levant,129
Lewis,382
Liberal,10897
Liberty,302
Liebenthal,76
Lincoln,1253
Lincolnville,300
Lindsborg,3032
Linn,367
Linn Valley,994
Linwood,1737
Little River,608
Logan,512
Long Island,212
Longford,202
Longton,304
Lorraine,170
Lost Springs,114
Louisburg,6642
Lucas,314
Ludell,171
Luray,200
Lyndon,1397
Lyons,2669
Macksville,311
MacKsville,44
Madison,908
Mahaska,57
Maize,5071
Manchester,56
Manhattan,39066
Mankato,864
Manter,162
Maple City,41
Maple Hill,1005
Mapleton,376
Marienthal,150
Marion,2295
Marquette,717
Marysville,2983
Matfield Green,99
Mayetta,1716
Mayfield,245
Mc Louth,1575
Mccracken,29
McCracken,187
Mccune,678
McCune,150
McDonald,247
Mcfarland,201
McFarland,1
Mclouth,645
McPherson,10567
Meade,1726
Medicine Ldg,1419
Melvern,559
Menlo,62
Mentor,61
Meriden,2576
Merriam,8518
Milan,105
Milford,1217
Milton,317
Miltonvale,433
Minneapolis,1750
Minneola,665
Mission,7788
Mission Hills,3172
Mission Woods,162
Modoc,52
Moline,407
Montezuma,623
Monument,123
Moran,724
Morganville,224
Morland,187
Morrill,307
Morrowville,187
Moscow,359
Mound City,1426
Mound Valley,547
Moundridge,1859
Mount Hope,1222
Mulberry,693
Mullinville,218
Mulvane,5836
Munden,141
Murdock,261
Muscotah,249
N. Montana Township,11
Narka,127
Nashville,175
Natoma,319
Navarre,23
Neal,42
Nekoma,41
Neodesha,1908
Neosho Falls,132
Neosho Rapids,314
Ness City,1086
Netawaka,256
New Albany,15
New Almelo,22
New Cambria,368
New Strawn,325
Newton,14258
Nickerson,986
Niotaze,168
Norcatur,185
North Newton,1376
Norton,2572
Nortonville,758
Norway,11
Norwich,639
Oak Hill,20
Oakley,1724
Oberlin,1552
Offerle,255
Ogallah,105
Ogden,970
Oketo,107
Olathe,104841
Olmitz,217
Olpe,826
Olsburg,498
Onaga,1110
Oneida,27
Opolis,83
Osage City,2816
Osawatomie,3773
Osborne,1122
Oskaloosa,1954
Oswego,1704
Otis,320
Ottawa,11753
Overbrook,2029
Overland Park,149956
Oxford,988
Ozawkie,1978
Palco,264
Palmer,220
Paola,9631
Paradise,81
Park,168
Park City,5829
Parker,779
Parkerfield,310
Parsons,8103
Partridge,334
Pawnee City,4
Pawnee Rock,347
Paxico,603
Peabody,1078
Peck,1051
Penalosa,11
Penokee,100
Perry,1838
Peru,237
Pfeifer,45
Phillipsburg,2412
Piedmont,124
Pierceville,141
Piqua,146
Pittsburg,17096
Plains,979
Plainville,1646
Pleasanton,1630
Plevna,225
Pomona,1562
Portis,167
Potter,46
Potwin,470
Powhattan,149
Prairie View,229
Prairie Village,19637
Pratt,4910
Prescott,361
Pretty Prairie,992
Princeton,717
Protection,421
Quenemo,626
Quinter,897
Radium,22
Rago,108
Ramona,126
Randall,109
Randolph,393
Ransom,306
Rantoul,610
Raymond,111
Reading,479
Redfield,404
Republic,145
Rexford,248
Richfield,108
Richmond,758
Riley,1011
Riverton,872
Robinson,361
Rock,188
Roeland Park,5503
Rolla,407
Rosalia,262
Rose Hill,5199
Rossville,1218
Roxbury,37
Rozel,153
Rush Center,196
Russell,3332
Russell Springs,49
Sabetha,2582
Salina,34479
Satanta,912
Savonburg,204
Sawyer,173
Scammon,548
Scandia,416
Schoenchen,149
Scott City,3456
Scranton,1053
Sedan,1168
Sedgwick,2352
Selden,332
Seneca,2504
Severance,97
Severy,415
Seward,53
Sharon,256
Sharon Springs,784
Shawnee,51861
Silver Lake,2076
Simpson,50
Smith Center,1555
Smolan,302
Soldier,373
Solomon,1234
South Haven,545
South Hutchinson,1844
Spearville,906
Spivey,151
Spring Hill,10187
St George,2418
St John,1180
St Marys,2919
St Paul,653
St. Benedict,28
St. Francis,1491
St. Marys,25
Stafford,852
Stark,137
Sterling,2096
Stilwell,4325
Stockton,1275
Strong City,499
Studley,5
Stuttgart,36
Sublette,1258
Summerfield,174
Sun City,51
Superior,26
Sycamore,51
Sylvan Grove,427
Sylvia,250
Syracuse,1175
Talmage,61
Tampa,181
Tecumseh,2723
Tescott,368
Thayer,829
Timken,121
Tipton,246
Tonganoxie,8546
Topeka,105255
Toronto,433
Towanda,2163
Trenton,2
Tribune,792
Troy,1311
Turon,517
Tyro,162
Udall,1336
Ulysses,3806
Uniontown,512
Utica,170
Valley Center,7296
Valley Falls,1698
Vassar,609
Vermillion,275
Victoria,1239
Viola,822
Virgil,112
Vliets,14
Wa Keeney,1594
Wakarusa,885
Wakeeney,26
Wakefield,1026
Waldo,83
Waldron,19
Walker,46
Wallace,196
Walnut,409
Walton,336
Wamego,6510
Washington,1030
Waterville,684
Wathena,1563
Waverly,927
Webber,89
Weir,928
Welda,251
Wellington,5923
Wells,60
Wellsville,3210
Weskan,222
West Mineral,130
Westfall,20
Westmoreland,1153
Westphalia,366
Westwood,1442
Westwood Hills,334
Wetmore,374
Wheaton,2
Wheeler,21
White City,673
White Cloud,289
Whitewater,1095
Whiting,281
Wichita,260111
Williamsburg,680
Willis,1
Wilmore,90
Wilsey,239
Wilson,709
Winchester,766
Windom,252
Winfield,8736
Winifred,13
Winona,219
Woodbine,179
Woodston,113
Wright,278
Wymore,2
Yates Center,1531
Zenda,135
Zuirch,1
Zurich,112
