text_res_zip4,Count
,1596110
-571,1
0,1
0000,9783
0001,13
0002,9
0003,4
0004,8
0005,14
0006,16
0007,9
0008,4
0009,3
0011,8
0012,12
0013,10
0014,11
0015,10
0016,7
0017,8
0018,3
0019,4
0020,3
0021,7
0022,7
0023,9
0024,14
0025,12
0026,2
0027,8
0028,3
0029,5
0030,5
0031,8
0032,4
0033,9
0034,13
0035,8
0036,7
0037,5
0038,7
0039,4
0040,4
0041,11
0042,12
0043,9
0044,5
0045,4
0046,3
0047,8
0048,2
0049,5
0051,11
0052,11
0053,5
0054,2
0055,9
0056,12
0057,6
0058,6
0059,4
0060,3
0061,6
0062,10
0063,12
0064,4
0065,6
0066,6
0067,5
0068,6
0069,8
0071,9
0072,7
0073,9
0074,9
0075,5
0076,3
0077,2
0078,2
0080,1
0081,7
0082,21
0083,6
0084,13
0085,11
0086,14
0087,11
0088,5
0089,2
0090,1
0091,6
0092,11
0093,9
0094,8
0095,2
0096,4
0097,5
0098,4
0099,3
0100,7
0101,3
0102,14
0103,15
0104,22
0105,6
0106,8
0107,5
0108,2
0109,6
0110,4
0111,9
0112,14
0113,2
0114,15
0115,6
0116,8
0117,8
0118,6
0119,5
0120,1
0121,5
0122,8
0123,17
0124,8
0125,4
0126,1
0127,10
0128,3
0129,3
0130,1
0131,5
0132,7
0133,12
0134,11
0135,8
0136,2
0137,4
0138,3
0139,8
0140,1
0141,2
0142,9
0143,12
0144,9
0145,9
0146,6
0147,4
0148,2
0149,1
0151,10
0152,11
0153,12
0154,8
0155,6
0156,9
0157,3
0158,6
0159,1
0160,1
0161,7
0162,15
0163,11
0164,15
0165,3
0166,2
0167,2
0168,3
0169,1
0171,7
0172,5
0173,3
0174,13
0175,1
0176,4
0177,4
0179,2
0181,7
0182,8
0183,4
0184,10
0185,5
0186,2
0187,5
0188,7
0189,2
0191,12
0192,6
0193,4
0194,3
0195,8
0197,1
0198,3
0200,3
0201,10
0202,8
0203,9
0204,10
0205,20
0206,9
0207,4
0208,3
0209,2
0211,8
0212,11
0213,9
0214,8
0215,6
0216,9
0217,4
0218,1
0220,1
0221,5
0222,5
0223,3
0224,12
0225,11
0226,6
0227,6
0228,2
0231,2
0232,10
0233,5
0234,4
0235,7
0236,5
0237,2
0238,2
0239,4
024,1
0241,2
0242,6
0243,9
0244,7
0245,8
0246,10
0247,6
0248,7
0249,2
0251,5
0252,4
0253,6
0254,5
0255,3
0256,5
0257,2
0258,4
0261,4
0262,6
0263,3
0264,4
0265,6
0266,8
0267,5
0268,2
0269,2
0271,6
0272,6
0273,5
0274,7
0275,10
0276,6
0277,5
0278,1
0279,1
0280,1
0281,2
0282,4
0283,4
0284,6
0285,3
0286,9
0287,1
0288,3
0290,1
0291,4
0292,4
0293,4
0294,8
0295,10
0296,4
0297,2
0298,3
0299,3
0301,2
0302,6
0303,4
0304,6
0305,4
0306,5
0307,4
0308,2
0309,7
0310,8
0311,5
0312,4
0313,3
0314,6
0315,4
0316,3
0317,3
0318,3
0321,5
0322,1
0323,19
0324,6
0325,4
0326,8
0327,1
0328,6
0329,3
0330,6
0331,11
0332,6
0333,3
0334,4
0335,3
0336,8
0337,11
0338,5
0339,3
0342,4
0343,14
0344,4
0345,8
0346,3
0347,8
0348,5
0349,2
0351,8
0352,6
0353,11
0354,4
0355,4
0356,2
0357,4
0358,1
0360,1
0361,1
0362,6
0363,4
0364,8
0365,2
0366,14
0367,6
0368,3
0369,4
0370,1
0371,1
0372,6
0373,4
0374,4
0375,1
0376,6
0377,5
0378,2
0379,4
0380,1
0381,3
0382,4
0383,6
0384,2
0385,6
0386,1
0387,5
0388,4
0389,8
0391,7
0392,6
0393,3
0394,6
0395,3
0396,1
0397,7
0398,4
0399,3
0400,11
0401,13
0402,10
0403,8
0404,11
0405,6
0406,3
0407,7
0408,8
0409,9
0410,3
0411,9
0412,5
0413,11
0414,2
0415,5
0416,6
0417,7
0418,3
0419,6
0420,2
0421,11
0422,5
0423,8
0424,11
0425,3
0426,1
0427,10
0428,1
0429,4
0430,3
0431,4
0432,8
0433,3
0434,9
0435,1
0436,5
0437,3
0438,3
0439,1
0440,1
0441,2
0442,4
0443,2
0444,7
0445,2
0446,1
0447,6
0449,2
0451,6
0452,3
0453,10
0454,1
0455,4
0456,2
0457,2
0458,2
0460,1
0461,6
0462,4
0464,4
0465,1
0466,2
0467,2
0468,1
0469,1
0471,3
0474,5
0475,2
0476,1
0477,3
0478,2
0479,3
0481,3
0482,4
0483,3
0484,3
0485,7
0486,3
0488,2
0489,1
0491,3
0493,3
0495,2
0496,1
0497,2
0499,2
0501,7
0502,1
0504,7
0505,5
0507,4
0508,3
0509,1
0510,2
0511,2
0512,15
0513,5
0514,2
0515,2
0516,7
0517,3
0518,5
0519,3
0520,2
0522,4
0523,7
0524,1
0525,2
0527,3
0528,3
0529,2
0530,4
0532,1
0533,1
0534,3
0536,1
0537,2
0538,1
0539,1
0540,3
0542,1
0543,1
0544,7
0545,2
0546,2
0547,1
0548,1
0552,4
0553,3
0555,1
0556,4
0558,2
0559,2
0560,1
0561,1
0562,1
0563,4
0565,2
0568,1
0570,2
0572,2
0573,4
0574,1
0575,3
0580,1
0582,4
0583,2
0584,2
0585,2
0586,5
0587,5
0589,1
0591,1
0592,2
0593,1
0594,3
0598,2
0600,9
0601,8
0602,2
0603,2
0604,2
0605,3
0606,5
0607,3
0608,4
0609,2
0610,1
0612,3
0613,4
0615,8
0616,3
0617,2
0619,1
0620,1
0621,1
0622,3
0623,2
0624,2
0625,1
0626,1
0628,1
0630,1
0631,1
0632,1
0633,4
0634,2
0635,6
0636,1
0638,2
0639,3
0641,2
0642,4
0643,1
0646,3
0647,1
0648,1
0649,1
0651,5
0653,4
0654,2
0655,1
0661,3
0662,2
0663,2
0664,3
0665,2
0668,1
0670,1
0671,2
0673,1
0674,4
0676,1
0681,1
0683,2
0684,1
0685,1
0686,1
0687,3
0688,2
0689,13
0692,2
0693,1
0696,2
0701,6
0702,3
0703,1
0704,8
0705,3
0706,1
0708,2
0709,1
0710,1
0711,1
0712,1
0713,1
0715,1
0716,3
0718,1
0721,1
0723,1
0724,2
0726,2
0727,4
0728,2
0729,2
0731,2
0732,2
0733,1
0735,4
0741,1
0742,1
0743,2
0744,1
0745,1
0747,2
0748,1
0749,2
0751,1
0752,1
0753,2
0754,2
0755,2
0756,2
0765,1
0767,1
0768,3
0769,1
0770,2
0772,3
0774,2
0777,1
0780,2
0781,2
0782,1
0784,3
0785,1
0786,2
0787,1
0790,4
0791,2
0792,2
0793,1
0794,2
0798,1
0799,1
0800,1
0801,4
0802,1
0804,2
0805,2
0812,1
0813,2
0814,1
0815,4
0816,1
0819,2
082,1
0822,1
0823,2
0825,1
0826,1
0827,2
0828,2
0829,2
0831,1
0832,4
0833,2
0834,4
0835,2
0836,1
0839,1
0841,1
0843,1
0844,4
0845,2
0846,2
0850,2
0851,3
0852,1
0853,2
0854,1
0855,1
0859,3
0861,2
0862,3
0865,2
0871,1
0873,1
0874,1
0875,3
0876,2
0877,3
0880,1
0892,2
0900,4
0901,2
0905,1
0907,3
0908,1
0910,1
0911,2
0912,2
0913,7
0919,1
0922,1
0923,1
0924,2
0925,2
0929,2
0933,4
0935,2
0936,1
0938,3
0939,1
0940,1
0941,2
0942,1
0943,3
0946,1
0952,2
0953,1
0955,2
0956,1
0960,2
0961,2
0964,3
0966,3
0967,1
0968,5
0972,2
0974,1
0981,1
0982,1
0983,2
0990,1
0991,3
0992,2
0993,1
0995,2
1000,70
1001,35
1002,44
1003,63
1004,35
1005,34
1006,43
1007,40
1008,46
1009,46
1010,28
1011,37
1012,34
1013,44
1014,43
1015,16
1016,37
1017,27
1018,34
1019,37
1020,33
1021,36
1022,45
1023,65
1024,50
1025,38
1026,43
1027,32
1028,33
1029,40
1030,29
1031,40
1032,47
1033,26
1034,39
1035,46
1036,42
1037,36
1038,31
1039,50
1040,33
1041,36
1042,41
1043,34
1044,44
1045,33
1046,25
1047,23
1048,38
1049,29
1050,22
1051,31
1052,29
1053,29
1054,20
1055,31
1056,28
1057,18
1058,22
1059,15
1060,24
1061,20
1062,16
1063,20
1064,29
1065,37
1066,35
1067,25
1068,17
1069,16
1070,26
1071,29
1072,17
1073,8
1074,12
1075,19
1076,9
1077,8
1078,3
1079,14
1080,10
1081,12
1082,3
1083,2
1084,8
1085,8
1086,8
1087,10
1088,10
1089,14
1090,5
1091,10
1092,6
1093,8
1094,5
1095,7
1096,4
1097,1
1098,1
1099,6
1100,105
1101,111
1102,90
1103,84
1104,83
1105,100
1106,102
1107,95
1108,116
1109,105
1110,147
1111,103
1112,107
1113,116
1114,76
1115,83
1116,100
1117,88
1118,113
1119,85
1120,97
1121,79
1122,94
1123,92
1124,109
1125,112
1126,101
1127,94
1128,87
1129,76
1130,106
1131,93
1132,97
1133,95
1134,76
1135,106
1136,100
1137,84
1138,126
1139,127
1140,95
1141,73
1142,75
1143,93
1144,100
1145,96
1146,94
1147,87
1148,103
1149,109
1150,113
1151,87
1152,95
1153,85
1154,89
1155,72
1156,73
1157,69
1158,77
1159,113
1160,67
1161,69
1162,58
1163,56
1164,57
1165,43
1166,57
1167,55
1168,65
1169,51
1170,36
1171,43
1172,60
1173,64
1174,50
1175,60
1176,45
1177,44
1178,44
1179,40
1180,24
1181,62
1182,21
1183,40
1184,35
1185,34
1186,60
1187,34
1188,37
1189,25
1190,21
1191,19
1192,17
1193,13
1194,18
1195,13
1196,14
1197,20
1198,24
1199,2
1200,56
1201,88
1202,96
1203,88
1204,98
1205,99
1206,96
1207,83
1208,84
1209,93
1210,88
1211,90
1212,78
1213,75
1214,94
1215,89
1216,83
1217,80
1218,98
1219,102
1220,94
1221,88
1222,103
1223,96
1224,114
1225,109
1226,104
1227,98
1228,116
1229,116
1230,100
1231,101
1232,79
1233,94
1234,121
1235,124
1236,123
1237,124
1238,101
1239,94
1240,114
1241,123
1242,72
1243,76
1244,54
1245,90
1246,89
1247,74
1248,87
1249,90
1250,71
1251,88
1252,90
1253,90
1254,87
1255,58
1256,77
1257,65
1258,68
1259,48
1260,60
1261,68
1262,69
1263,58
1264,55
1265,41
1266,59
1267,51
1268,61
1269,53
1270,48
1271,45
1272,62
1273,29
1274,40
1275,52
1276,52
1277,59
1278,46
1279,39
1280,53
1281,45
1282,26
1283,36
1284,47
1285,28
1286,37
1287,20
1288,13
1289,51
1290,22
1291,37
1292,27
1293,27
1294,20
1295,26
1296,23
1297,18
1298,12
1299,12
1300,46
1301,97
1302,79
1303,81
1304,92
1305,109
1306,103
1307,91
1308,98
1309,86
1310,90
1311,111
1312,87
1313,96
1314,102
1315,95
1316,121
1317,126
1318,108
1319,95
1320,92
1321,116
1322,91
1323,81
1324,96
1325,88
1326,113
1327,103
1328,115
1329,103
1330,97
1331,93
1332,115
1333,112
1334,112
1335,83
1336,97
1337,99
1338,80
1339,97
1340,97
1341,96
1342,95
1343,79
1344,99
1345,102
1346,91
1347,73
1348,93
1349,81
1350,70
1351,91
1352,101
1353,71
1354,82
1355,66
1356,71
1357,72
1358,76
1359,62
1360,64
1361,67
1362,65
1363,76
1364,34
1365,46
1366,44
1367,40
1368,43
1369,39
1370,39
1371,27
1372,35
1373,50
1374,42
1375,30
1376,27
1377,45
1378,27
1379,38
1380,25
1381,29
1382,37
1383,29
1384,21
1385,36
1386,22
1387,43
1388,19
1389,23
1390,31
1391,35
1392,22
1393,35
1394,29
1395,17
1396,22
1397,27
1398,9
1399,17
1400,38
1401,95
1402,106
1403,125
1404,89
1405,121
1406,106
1407,96
1408,78
1409,104
1410,133
1411,114
1412,94
1413,130
1414,102
1415,106
1416,101
1417,113
1418,121
1419,119
1420,111
1421,120
1422,119
1423,110
1424,107
1425,110
1426,103
1427,87
1428,111
1429,111
1430,99
1431,112
1432,132
1433,135
1434,120
1435,123
1436,131
1437,128
1438,119
1439,118
1440,92
1441,147
1442,152
1443,65
1444,119
1445,104
1446,101
1447,119
1448,122
1449,87
1450,91
1451,85
1452,99
1453,72
1454,105
1455,106
1456,90
1457,97
1458,79
1459,69
1460,89
1461,80
1462,95
1463,84
1464,77
1465,57
1466,62
1467,65
1468,61
1469,61
1470,45
1471,48
1472,48
1473,53
1474,47
1475,41
1476,36
1477,38
1478,36
1479,49
1480,32
1481,44
1482,40
1483,48
1484,43
1485,27
1486,37
1487,19
1488,39
1489,24
1490,40
1491,35
1492,41
1493,33
1494,15
1495,30
1496,30
1497,39
1498,20
1499,22
1500,100
1501,112
1502,141
1503,119
1504,143
1505,121
1506,121
1507,124
1508,113
1509,145
1510,132
1511,133
1512,139
1513,125
1514,112
1515,155
1516,122
1517,120
1518,138
1519,149
1520,126
1521,136
1522,128
1523,126
1524,157
1525,131
1526,112
1527,145
1528,122
1529,117
1530,120
1531,190
1532,130
1533,139
1534,144
1535,134
1536,108
1537,129
1538,118
1539,137
1540,154
1541,138
1542,119
1543,113
1544,100
1545,114
1546,120
1547,112
1548,135
1549,101
1550,100
1551,97
1552,125
1553,113
1554,80
1555,72
1556,90
1557,75
1558,66
1559,96
1560,84
1561,42
1562,53
1563,69
1564,38
1565,66
1566,41
1567,40
1568,53
1569,58
1570,38
1571,50
1572,37
1573,43
1574,40
1575,50
1576,48
1577,59
1578,40
1579,45
1580,52
1581,54
1582,31
1583,36
1584,44
1585,34
1586,36
1587,39
1588,33
1589,33
1590,37
1591,31
1592,26
1593,15
1594,14
1595,48
1596,6
1597,19
1598,11
1599,12
1600,80
1601,132
1602,161
1603,120
1604,147
1605,188
1606,146
1607,127
1608,126
1609,167
1610,99
1611,161
1612,120
1613,161
1614,116
1615,149
1616,140
1617,143
1618,133
1619,131
1620,163
1621,180
1622,148
1623,141
1624,148
1625,169
1626,159
1627,141
1628,159
1629,126
1630,136
1631,143
1632,120
1633,131
1634,153
1635,146
1636,143
1637,132
1638,142
1639,147
164,1
1640,112
1641,121
1642,147
1643,128
1644,96
1645,130
1646,125
1647,127
1648,106
1649,104
1650,99
1651,110
1652,99
1653,90
1654,95
1655,91
1656,120
1657,74
1658,76
1659,98
1660,59
1661,74
1662,82
1663,74
1664,65
1665,53
1666,65
1667,60
1668,58
1669,55
1670,55
1671,41
1672,64
1673,26
1674,62
1675,50
1676,62
1677,68
1678,40
1679,51
1680,32
1681,27
1682,32
1683,20
1684,14
1685,27
1686,10
1687,24
1688,25
1689,27
1690,23
1691,26
1692,28
1693,29
1694,44
1695,19
1696,36
1697,11
1698,16
1699,7
1700,62
1701,103
1702,126
1703,139
1704,112
1705,103
1706,90
1707,118
1708,128
1709,142
1710,167
1711,159
1712,165
1713,153
1714,151
1715,173
1716,153
1717,135
1718,149
1719,162
1720,177
1721,130
1722,159
1723,143
1724,126
1725,124
1726,128
1727,127
1728,134
1729,130
1730,127
1731,142
1732,140
1733,125
1734,149
1735,106
1736,129
1737,122
1738,102
1739,120
1740,102
1741,114
1742,117
1743,80
1744,94
1745,87
1746,89
1747,86
1748,98
1749,106
1750,112
1751,108
1752,74
1753,88
1754,114
1755,98
1756,79
1757,107
1758,69
1759,74
1760,48
1761,64
1762,56
1763,81
1764,40
1765,56
1766,64
1767,68
1768,58
1769,62
1770,46
1771,44
1772,42
1773,62
1774,45
1775,46
1776,30
1777,36
1778,44
1779,42
1780,43
1781,39
1782,26
1783,41
1784,38
1785,36
1786,36
1787,30
1788,51
1789,25
1790,13
1791,26
1792,31
1793,21
1794,16
1795,24
1796,27
1797,12
1798,19
1799,13
1800,62
1801,115
1802,138
1803,126
1804,161
1805,116
1806,143
1807,138
1808,142
1809,152
1810,127
1811,144
1812,136
1813,119
1814,129
1815,120
1816,148
1817,130
1818,159
1819,139
1820,126
1821,132
1822,119
1823,171
1824,110
1825,120
1826,135
1827,146
1828,130
1829,112
1830,123
1831,118
1832,117
1833,147
1834,116
1835,99
1836,136
1837,111
1838,100
1839,99
1840,126
1841,88
1842,92
1843,113
1844,92
1845,92
1846,98
1847,77
1848,79
1849,82
1850,83
1851,90
1852,81
1853,68
1854,99
1855,60
1856,89
1857,82
1858,73
1859,60
1860,70
1861,54
1862,45
1863,52
1864,67
1865,52
1866,60
1867,45
1868,38
1869,41
1870,47
1871,38
1872,58
1873,43
1874,43
1875,54
1876,37
1877,37
1878,39
1879,26
1880,56
1881,29
1882,43
1883,29
1884,33
1885,35
1886,37
1887,29
1888,35
1889,40
1890,46
1891,35
1892,14
1893,30
1894,27
1895,21
1896,12
1897,21
1898,11
1899,23
19,1
1900,60
1901,111
1902,122
1903,123
1904,117
1905,122
1906,137
1907,117
1908,105
1909,114
1910,107
1911,118
1912,110
1913,135
1914,129
1915,122
1916,158
1917,162
1918,138
1919,130
1920,143
1921,115
1922,131
1923,96
1924,134
1925,141
1926,116
1927,93
1928,118
1929,110
1930,95
1931,122
1932,104
1933,120
1934,87
1935,101
1936,111
1937,142
1938,120
1939,70
1940,117
1941,90
1942,115
1943,96
1944,88
1945,138
1946,104
1947,75
1948,76
1949,67
1950,84
1951,92
1952,73
1953,47
1954,59
1955,53
1956,69
1957,74
1958,57
1959,61
1960,68
1961,50
1962,55
1963,71
1964,55
1965,57
1966,57
1967,52
1968,52
1969,58
1970,41
1971,33
1972,63
1973,38
1974,48
1975,40
1976,36
1977,32
1978,41
1979,31
1980,45
1981,23
1982,29
1983,30
1984,25
1985,26
1986,18
1987,27
1988,13
1989,15
1990,24
1991,25
1992,15
1993,21
1994,11
1995,15
1996,10
1997,16
1998,15
1999,26
2,1
2000,80
2001,96
2002,100
2003,91
2004,97
2005,116
2006,100
2007,112
2008,124
2009,120
2010,99
2011,110
2012,143
2013,116
2014,112
2015,126
2016,123
2017,112
2018,129
2019,116
2020,136
2021,127
2022,105
2023,96
2024,95
2025,127
2026,114
2027,102
2028,93
2029,110
2030,99
2031,109
2032,112
2033,108
2034,113
2035,119
2036,80
2037,75
2038,100
2039,85
2040,111
2041,74
2042,91
2043,105
2044,81
2045,113
2046,98
2047,66
2048,93
2049,114
2050,68
2051,65
2052,90
2053,85
2054,55
2055,50
2056,49
2057,55
2058,55
2059,68
2060,44
2061,49
2062,36
2063,56
2064,39
2065,35
2066,48
2067,43
2068,42
2069,56
2070,25
2071,34
2072,43
2073,48
2074,33
2075,50
2076,32
2077,36
2078,34
2079,27
2080,28
2081,22
2082,17
2083,15
2084,36
2085,24
2086,29
2087,28
2088,41
2089,26
2090,32
2091,26
2092,21
2093,18
2094,27
2095,20
2096,23
2097,22
2098,11
2099,11
2100,76
2101,125
2102,149
2103,150
2104,133
2105,130
2106,153
2107,136
2108,143
2109,117
2110,130
2111,127
2112,124
2113,108
2114,114
2115,163
2116,145
2117,131
2118,122
2119,105
2120,118
2121,128
2122,138
2123,154
2124,121
2125,110
2126,110
2127,117
2128,152
2129,139
2130,122
2131,122
2132,139
2133,134
2134,131
2135,117
2136,144
2137,104
2138,118
2139,108
2140,110
2141,90
2142,117
2143,109
2144,111
2145,74
2146,97
2147,101
2148,103
2149,102
2150,89
2151,98
2152,110
2153,98
2154,97
2155,98
2156,77
2157,79
2158,89
2159,69
2160,55
2161,78
2162,90
2163,83
2164,87
2165,72
2166,107
2167,59
2168,51
2169,55
2170,53
2171,56
2172,54
2173,56
2174,26
2175,63
2176,83
2177,58
2178,51
2179,25
2180,41
2181,54
2182,34
2183,22
2184,21
2185,28
2186,14
2187,20
2188,41
2189,39
2190,24
2191,27
2192,36
2193,22
2194,52
2195,49
2196,16
2197,17
2198,16
2199,16
2200,92
2201,129
2202,145
2203,119
2204,100
2205,149
2206,125
2207,145
2208,196
2209,166
2210,159
2211,150
2212,122
2213,153
2214,162
2215,121
2216,136
2217,79
2218,112
2219,104
2220,120
2221,105
2222,109
2223,92
2224,101
2225,116
2226,125
2227,105
2228,144
2229,123
2230,122
2231,134
2232,139
2233,125
2234,110
2235,107
2236,133
2237,116
2238,109
2239,117
2240,107
2241,118
2242,118
2243,124
2244,114
2245,74
2246,104
2247,91
2248,72
2249,70
2250,125
2251,100
2252,104
2253,75
2254,76
2255,83
2256,74
2257,81
2258,76
2259,71
2260,68
2261,77
2262,48
2263,53
2264,59
2265,58
2266,51
2267,42
2268,52
2269,47
2270,44
2271,38
2272,66
2273,47
2274,52
2275,34
2276,60
2277,55
2278,30
2279,31
228,1
2280,35
2281,24
2282,32
2283,33
2284,31
2285,26
2286,40
2287,22
2288,45
2289,23
2290,31
2291,32
2292,24
2293,24
2294,28
2295,23
2296,14
2297,15
2298,5
2299,21
2300,64
2301,133
2302,111
2303,131
2304,133
2305,140
2306,114
2307,119
2308,130
2309,152
2310,136
2311,112
2312,127
2313,151
2314,144
2315,138
2316,142
2317,135
2318,139
2319,183
2320,122
2321,114
2322,123
2323,117
2324,118
2325,110
2326,134
2327,128
2328,98
2329,119
2330,106
2331,71
2332,112
2333,104
2334,113
2335,100
2336,115
2337,110
2338,116
2339,109
2340,128
2341,100
2342,137
2343,82
2344,100
2345,84
2346,107
2347,103
2348,113
2349,119
2350,69
2351,114
2352,89
2353,74
2354,80
2355,92
2356,76
2357,87
2358,63
2359,59
2360,50
2361,61
2362,52
2363,41
2364,40
2365,28
2366,36
2367,51
2368,31
2369,45
2370,60
2371,39
2372,25
2373,29
2374,36
2375,32
2376,42
2377,46
2378,31
2379,30
2380,29
2381,21
2382,32
2383,46
2384,18
2385,16
2386,24
2387,21
2388,25
2389,9
2390,25
2391,12
2392,14
2393,3
2394,22
2395,21
2396,16
2397,20
2398,21
2399,13
2400,80
2401,103
2402,105
2403,166
2404,131
2405,92
2406,116
2407,139
2408,106
2409,167
2410,117
2411,149
2412,119
2413,121
2414,142
2415,123
2416,113
2417,125
2418,127
2419,114
2420,128
2421,117
2422,121
2423,122
2424,99
2425,116
2426,132
2427,93
2428,130
2429,107
2430,99
2431,111
2432,94
2433,122
2434,113
2435,107
2436,117
2437,127
2438,112
2439,107
2440,112
2441,90
2442,96
2443,92
2444,115
2445,105
2446,89
2447,98
2448,77
2449,93
2450,65
2451,81
2452,86
2453,80
2454,99
2455,80
2456,87
2457,75
2458,64
2459,71
2460,88
2461,44
2462,58
2463,46
2464,44
2465,42
2466,42
2467,39
2468,53
2469,41
2470,48
2471,45
2472,21
2473,51
2474,31
2475,33
2476,41
2477,13
2478,9
2479,21
2480,9
2481,20
2482,19
2483,11
2484,18
2485,9
2486,11
2487,7
2488,9
2489,7
2490,3
2491,6
2492,9
2493,13
2494,13
2495,13
2496,26
2497,11
2498,19
2499,11
2500,102
2501,90
2502,125
2503,104
2504,144
2505,150
2506,124
2507,91
2508,119
2509,166
2510,134
2511,91
2512,117
2513,102
2514,113
2515,131
2516,113
2517,128
2518,123
2519,119
2520,142
2521,141
2522,119
2523,105
2524,115
2525,134
2526,131
2527,79
2528,124
2529,109
2530,138
2531,108
2532,100
2533,101
2534,111
2535,83
2536,101
2537,120
2538,114
2539,120
2540,120
2541,107
2542,90
2543,106
2544,115
2545,118
2546,71
2547,100
2548,93
2549,100
2550,82
2551,100
2552,75
2553,85
2554,79
2555,82
2556,120
2557,55
2558,88
2559,108
2560,82
2561,80
2562,90
2563,80
2564,71
2565,49
2566,49
2567,59
2568,59
2569,42
2570,38
2571,58
2572,60
2573,52
2574,43
2575,53
2576,36
2577,30
2578,28
2579,42
2580,21
2581,21
2582,31
2583,24
2584,31
2585,20
2586,31
2587,32
2588,30
2589,26
2590,11
2591,18
2592,17
2593,21
2594,23
2595,21
2596,23
2597,43
2598,17
2599,8
2600,47
2601,73
2602,100
2603,112
2604,114
2605,119
2606,111
2607,116
2608,114
2609,114
2610,123
2611,116
2612,106
2613,139
2614,108
2615,148
2616,124
2617,107
2618,136
2619,115
2620,99
2621,137
2622,90
2623,98
2624,140
2625,114
2626,134
2627,120
2628,134
2629,103
2630,97
2631,124
2632,128
2633,112
2634,121
2635,126
2636,128
2637,129
2638,132
2639,103
2640,119
2641,122
2642,88
2643,104
2644,84
2645,86
2646,98
2647,102
2648,85
2649,94
2650,103
2651,75
2652,103
2653,92
2654,87
2655,92
2656,76
2657,61
2658,46
2659,67
266,1
2660,80
2661,61
2662,50
2663,43
2664,45
2665,35
2666,29
2667,47
2668,65
2669,33
2670,32
2671,43
2672,28
2673,27
2674,40
2675,25
2676,18
2677,22
2678,17
2679,19
2680,24
2681,39
2682,25
2683,25
2684,22
2685,18
2686,41
2687,29
2688,30
2689,27
2690,28
2691,13
2692,25
2693,22
2694,25
2695,12
2696,44
2697,15
2698,17
2699,8
2700,76
2701,107
2702,94
2703,83
2704,96
2705,91
2706,95
2707,138
2708,105
2709,108
2710,131
2711,86
2712,112
2713,126
2714,120
2715,125
2716,121
2717,166
2718,113
2719,138
2720,118
2721,115
2722,121
2723,135
2724,122
2725,98
2726,99
2727,129
2728,145
2729,111
2730,116
2731,93
2732,119
2733,95
2734,110
2735,89
2736,95
2737,88
2738,106
2739,92
2740,102
2741,110
2742,102
2743,93
2744,101
2745,62
2746,67
2747,72
2748,80
2749,63
2750,87
2751,45
2752,109
2753,72
2754,63
2755,42
2756,67
2757,70
2758,59
2759,60
2760,62
2761,62
2762,44
2763,46
2764,87
2765,65
2766,57
2767,42
2768,39
2769,22
2770,19
2771,22
2772,43
2773,33
2774,57
2775,34
2776,45
2777,38
2778,49
2779,39
2780,28
2781,39
2782,42
2783,26
2784,28
2785,31
2786,36
2787,13
2788,23
2789,12
2790,39
2791,22
2792,19
2793,22
2794,14
2795,25
2796,29
2797,23
2798,9
2799,10
2800,42
2801,74
2802,92
2803,100
2804,109
2805,106
2806,116
2807,96
2808,132
2809,119
2810,113
2811,118
2812,78
2813,83
2814,101
2815,107
2816,110
2817,121
2818,110
2819,86
2820,87
2821,118
2822,120
2823,75
2824,92
2825,96
2826,98
2827,120
2828,100
2829,80
2830,131
2831,116
2832,116
2833,126
2834,97
2835,79
2836,102
2837,100
2838,77
2839,115
2840,80
2841,71
2842,68
2843,89
2844,78
2845,74
2846,66
2847,58
2848,66
2849,82
2850,57
2851,79
2852,85
2853,60
2854,57
2855,55
2856,76
2857,57
2858,75
2859,45
2860,41
2861,47
2862,51
2863,41
2864,33
2865,52
2866,33
2867,44
2868,45
2869,37
2870,47
2871,43
2872,31
2873,33
2874,35
2875,25
2876,31
2877,32
2878,11
2879,15
2880,28
2881,18
2882,30
2883,39
2884,15
2885,14
2886,15
2887,21
2888,24
2889,30
2890,20
2891,22
2892,17
2893,18
2894,19
2895,27
2896,13
2897,19
2898,8
2899,10
2900,59
2901,98
2902,78
2903,71
2904,93
2905,73
2906,78
2907,109
2908,82
2909,88
2910,88
2911,74
2912,85
2913,132
2914,96
2915,80
2916,93
2917,93
2918,99
2919,94
2920,89
2921,70
2922,92
2923,111
2924,91
2925,100
2926,68
2927,99
2928,96
2929,74
2930,89
2931,111
2932,89
2933,83
2934,72
2935,83
2936,100
2937,94
2938,96
2939,83
2940,84
2941,63
2942,84
2943,60
2944,61
2945,58
2946,82
2947,91
2948,96
2949,70
2950,69
2951,50
2952,62
2953,65
2954,56
2955,48
2956,60
2957,29
2958,44
2959,70
2960,49
2961,45
2962,60
2963,43
2964,61
2965,34
2966,43
2967,39
2968,41
2969,27
2970,45
2971,37
2972,31
2973,34
2974,22
2975,22
2976,22
2977,43
2978,25
2979,17
2980,19
2981,18
2982,19
2983,13
2984,20
2985,17
2986,21
2987,8
2988,8
2989,13
2990,17
2991,11
2992,8
2993,13
2994,9
2995,4
2996,7
2997,16
2998,4
2999,18
3000,77
3001,83
3002,113
3003,96
3004,118
3005,78
3006,106
3007,116
3008,135
3009,110
3010,115
3011,120
3012,128
3013,106
3014,114
3015,109
3016,125
3017,118
3018,114
3019,129
3020,133
3021,95
3022,88
3023,103
3024,96
3025,98
3026,114
3027,85
3028,93
3029,116
3030,107
3031,104
3032,114
3033,78
3034,111
3035,92
3036,104
3037,101
3038,94
3039,107
3040,107
3041,85
3042,124
3043,99
3044,102
3045,110
3046,90
3047,96
3048,94
3049,83
3050,108
3051,82
3052,69
3053,80
3054,65
3055,90
3056,99
3057,79
3058,90
3059,101
3060,80
3061,66
3062,62
3063,95
3064,43
3065,55
3066,49
3067,52
3068,61
3069,40
3070,48
3071,38
3072,51
3073,52
3074,40
3075,39
3076,45
3077,37
3078,30
3079,46
3080,45
3081,26
3082,44
3083,31
3084,50
3085,39
3086,42
3087,26
3088,22
3089,24
3090,27
3091,28
3092,29
3093,23
3094,26
3095,30
3096,22
3097,18
3098,24
3099,37
3100,64
3101,92
3102,89
3103,100
3104,91
3105,88
3106,101
3107,75
3108,73
3109,78
3110,86
3111,95
3112,89
3113,100
3114,108
3115,83
3116,93
3117,100
3118,121
3119,109
3120,92
3121,78
3122,117
3123,77
3124,73
3125,106
3126,71
3127,107
3128,112
3129,111
3130,88
3131,82
3132,80
3133,95
3134,78
3135,72
3136,96
3137,70
3138,88
3139,58
3140,76
3141,89
3142,74
3143,68
3144,77
3145,82
3146,68
3147,73
3148,64
3149,66
3150,74
3151,80
3152,71
3153,74
3154,67
3155,81
3156,75
3157,83
3158,66
3159,55
3160,53
3161,58
3162,44
3163,40
3164,38
3165,42
3166,39
3167,59
3168,49
3169,38
3170,41
3171,62
3172,46
3173,51
3174,43
3175,53
3176,26
3177,26
3178,30
3179,44
3180,21
3181,18
3182,21
3183,47
3184,33
3185,23
3186,22
3187,19
3188,20
3189,31
3190,19
3191,20
3192,16
3193,22
3194,23
3195,28
3196,32
3197,33
3198,24
3199,11
3200,77
3201,93
3202,76
3203,78
3204,79
3205,97
3206,86
3207,87
3208,112
3209,89
3210,89
3211,114
3212,103
3213,90
3214,65
3215,99
3216,94
3217,92
3218,82
3219,98
3220,96
3221,89
3222,119
3223,110
3224,89
3225,81
3226,83
3227,80
3228,87
3229,129
3230,110
3231,87
3232,112
3233,83
3234,104
3235,92
3236,59
3237,89
3238,87
3239,71
3240,65
3241,78
3242,70
3243,65
3244,55
3245,85
3246,70
3247,75
3248,54
3249,44
3250,50
3251,41
3252,59
3253,41
3254,46
3255,41
3256,46
3257,48
3258,32
3259,48
3260,43
3261,37
3262,45
3263,54
3264,47
3265,45
3266,43
3267,37
3268,47
3269,40
3270,30
3271,43
3272,35
3273,30
3274,25
3275,34
3276,19
3277,33
3278,24
3279,15
3280,16
3281,12
3282,23
3283,22
3284,38
3285,21
3286,20
3287,26
3288,21
3289,20
3290,17
3291,14
3292,4
3293,18
3294,18
3295,17
3296,12
3297,7
3298,10
3299,11
3300,59
3301,87
3302,80
3303,90
3304,104
3305,87
3306,87
3307,74
3308,94
3309,110
3310,98
3311,89
3312,124
3313,64
3314,101
3315,80
3316,65
3317,84
3318,75
3319,90
3320,82
3321,69
3322,80
3323,117
3324,109
3325,83
3326,84
3327,65
3328,64
3329,91
3330,85
3331,81
3332,83
3333,77
3334,88
3335,65
3336,61
3337,59
3338,77
3339,76
3340,53
3341,77
3342,67
3343,48
3344,57
3345,61
3346,47
3347,59
3348,57
3349,53
3350,46
3351,80
3352,60
3353,53
3354,40
3355,42
3356,60
3357,51
3358,53
3359,49
3360,46
3361,59
3362,33
3363,34
3364,49
3365,38
3366,42
3367,47
3368,49
3369,37
3370,41
3371,58
3372,57
3373,41
3374,29
3375,15
3376,26
3377,17
3378,19
3379,23
3380,20
3381,11
3382,19
3383,32
3384,26
3385,12
3386,11
3387,19
3388,17
3389,9
3390,13
3391,16
3392,15
3393,9
3394,8
3395,10
3396,12
3397,17
3398,8
3399,4
3400,82
3401,78
3402,78
3403,79
3404,70
3405,87
3406,90
3407,84
3408,90
3409,79
3410,89
3411,81
3412,90
3413,64
3414,62
3415,78
3416,90
3417,86
3418,62
3419,101
3420,91
3421,84
3422,79
3423,75
3424,90
3425,112
3426,127
3427,85
3428,108
3429,79
3430,95
3431,86
3432,76
3433,99
3434,101
3435,113
3436,95
3437,99
3438,82
3439,78
3440,78
3441,83
3442,73
3443,93
3444,76
3445,101
3446,62
3447,79
3448,65
3449,84
3450,68
3451,56
3452,58
3453,37
3454,68
3455,55
3456,51
3457,53
3458,50
3459,53
3460,49
3461,40
3462,44
3463,33
3464,58
3465,47
3466,38
3467,41
3468,35
3469,34
3470,24
3471,36
3472,46
3473,39
3474,28
3475,31
3476,56
3477,30
3478,36
3479,26
3480,25
3481,29
3482,27
3483,30
3484,18
3485,28
3486,30
3487,17
3488,31
3489,23
3490,17
3491,25
3492,22
3493,24
3494,20
3495,24
3496,16
3497,17
3498,30
3499,15
3500,34
3501,83
3502,87
3503,102
3504,88
3505,94
3506,89
3507,84
3508,92
3509,94
351,1
3510,115
3511,87
3512,78
3513,102
3514,102
3515,67
3516,68
3517,76
3518,82
3519,82
3520,103
3521,83
3522,84
3523,114
3524,111
3525,94
3526,116
3527,95
3528,74
3529,82
3530,70
3531,81
3532,87
3533,81
3534,76
3535,88
3536,85
3537,89
3538,105
3539,74
3540,78
3541,73
3542,65
3543,66
3544,71
3545,104
3546,81
3547,69
3548,66
3549,53
3550,80
3551,88
3552,56
3553,59
3554,62
3555,52
3556,59
3557,56
3558,43
3559,55
3560,31
3561,42
3562,26
3563,53
3564,48
3565,50
3566,30
3567,48
3568,41
3569,55
3570,38
3571,42
3572,36
3573,31
3574,39
3575,26
3576,23
3577,37
3578,18
3579,29
3580,17
3581,24
3582,21
3583,18
3584,25
3585,18
3586,16
3587,22
3588,31
3589,37
3590,11
3591,16
3592,21
3593,15
3594,17
3595,22
3596,17
3597,4
3598,10
3599,12
3600,64
3601,77
3602,63
3603,89
3604,85
3605,87
3606,94
3607,98
3608,85
3609,101
3610,118
3611,119
3612,66
3613,73
3614,97
3615,73
3616,66
3617,114
3618,91
3619,72
3620,61
3621,74
3622,81
3623,75
3624,97
3625,99
3626,59
3627,75
3628,76
3629,53
3630,80
3631,81
3632,61
3633,75
3634,67
3635,74
3636,64
3637,70
3638,103
3639,68
3640,43
3641,51
3642,64
3643,64
3644,50
3645,49
3646,57
3647,46
3648,48
3649,51
3650,52
3651,59
3652,47
3653,57
3654,47
3655,45
3656,61
3657,69
3658,47
3659,49
3660,73
3661,37
3662,42
3663,36
3664,45
3665,48
3666,42
3667,39
3668,33
3669,48
3670,18
3671,34
3672,48
3673,34
3674,39
3675,18
3676,30
3677,36
3678,48
3679,32
3680,58
3681,34
3682,37
3683,38
3684,21
3685,14
3686,14
3687,19
3688,22
3689,24
3690,15
3691,28
3692,24
3693,30
3694,27
3695,22
3696,27
3697,28
3698,15
3699,20
3700,50
3701,72
3702,71
3703,79
3704,83
3705,70
3706,59
3707,76
3708,95
3709,88
3710,82
3711,99
3712,106
3713,100
3714,87
3715,89
3716,70
3717,64
3718,77
3719,95
3720,88
3721,79
3722,70
3723,84
3724,73
3725,79
3726,103
3727,94
3728,82
3729,102
3730,89
3731,76
3732,66
3733,81
3734,68
3735,59
3736,84
3737,50
3738,57
3739,90
3740,55
3741,53
3742,49
3743,63
3744,53
3745,41
3746,43
3747,53
3748,42
3749,62
3750,60
3751,75
3752,71
3753,67
3754,54
3755,62
3756,57
3757,44
3758,56
3759,51
3760,37
3761,50
3762,22
3763,42
3764,24
3765,39
3766,34
3767,29
3768,23
3769,31
3770,36
3771,35
3772,23
3773,42
3774,39
3775,32
3776,38
3777,31
3778,38
3779,38
3780,22
3781,19
3782,25
3783,12
3784,10
3785,29
3786,20
3787,14
3788,24
3789,19
3790,13
3791,19
3792,11
3793,12
3794,13
3795,10
3796,15
3797,14
3798,13
3799,6
3800,57
3801,82
3802,69
3803,59
3804,91
3805,53
3806,77
3807,65
3808,65
3809,57
3810,72
3811,91
3812,75
3813,55
3814,67
3815,90
3816,78
3817,60
3818,70
3819,59
3820,73
3821,78
3822,62
3823,57
3824,69
3825,73
3826,85
3827,87
3828,66
3829,58
3830,64
3831,66
3832,50
3833,79
3834,61
3835,68
3836,78
3837,65
3838,74
3839,73
3840,50
3841,58
3842,71
3843,111
3844,65
3845,62
3846,45
3847,61
3848,54
3849,40
3850,73
3851,60
3852,71
3853,56
3854,67
3855,46
3856,43
3857,42
3858,34
3859,39
3860,44
3861,53
3862,35
3863,55
3864,49
3865,42
3866,31
3867,30
3868,36
3869,27
3870,12
3871,23
3872,27
3873,16
3874,24
3875,29
3876,25
3877,33
3878,61
3879,24
3880,16
3881,19
3882,12
3883,27
3884,20
3885,23
3886,15
3887,23
3888,18
3889,24
3890,25
3891,18
3892,12
3893,18
3894,14
3895,11
3896,14
3897,14
3898,32
3899,17
3900,87
3901,115
3902,101
3903,63
3904,74
3905,84
3906,120
3907,77
3908,90
3909,83
3910,69
3911,57
3912,91
3913,78
3914,80
3915,58
3916,87
3917,82
3918,64
3919,63
3920,64
3921,86
3922,80
3923,53
3924,73
3925,87
3926,92
3927,51
3928,69
3929,50
3930,62
3931,95
3932,63
3933,59
3934,61
3935,53
3936,78
3937,52
3938,66
3939,45
3940,78
3941,65
3942,62
3943,53
3944,46
3945,52
3946,37
3947,52
3948,72
3949,74
3950,67
3951,61
3952,47
3953,57
3954,45
3955,59
3956,49
3957,37
3958,47
3959,31
3960,61
3961,35
3962,31
3963,51
3964,51
3965,57
3966,32
3967,49
3968,25
3969,33
3970,51
3971,17
3972,24
3973,28
3974,21
3975,20
3976,42
3977,25
3978,11
3979,11
3980,20
3981,27
3982,19
3983,25
3984,23
3985,16
3986,11
3987,14
3988,9
3989,11
3990,12
3991,15
3992,23
3993,10
3994,15
3995,15
3996,10
3997,9
3998,10
3999,14
4000,112
4001,125
4002,119
4003,135
4004,129
4005,115
4006,140
4007,101
4008,94
4009,118
4010,95
4011,99
4012,110
4013,99
4014,89
4015,82
4016,92
4017,100
4018,99
4019,60
4020,98
4021,117
4022,113
4023,102
4024,102
4025,85
4026,99
4027,73
4028,109
4029,90
4030,88
4031,65
4032,63
4033,76
4034,77
4035,75
4036,93
4037,92
4038,69
4039,75
4040,81
4041,83
4042,91
4043,118
4044,71
4045,64
4046,82
4047,62
4048,104
4049,63
4050,69
4051,71
4052,77
4053,50
4054,66
4055,55
4056,73
4057,63
4058,63
4059,72
4060,54
4061,43
4062,42
4063,67
4064,68
4065,47
4066,52
4067,49
4068,49
4069,43
4070,54
4071,38
4072,63
4073,56
4074,42
4075,50
4076,24
4077,32
4078,50
4079,59
4080,41
4081,46
4082,41
4083,43
4084,69
4085,34
4086,32
4087,53
4088,52
4089,25
4090,19
4091,21
4092,31
4093,27
4094,33
4095,19
4096,24
4097,22
4098,19
4099,26
4100,114
4101,95
4102,126
4103,126
4104,99
4105,100
4106,113
4107,99
4108,73
4109,89
4110,86
4111,75
4112,81
4113,109
4114,111
4115,90
4116,76
4117,61
4118,70
4119,87
4120,99
4121,86
4122,105
4123,95
4124,77
4125,96
4126,73
4127,79
4128,85
4129,69
4130,85
4131,73
4132,87
4133,109
4134,73
4135,62
4136,77
4137,70
4138,85
4139,74
4140,65
4141,76
4142,59
4143,66
4144,59
4145,62
4146,62
4147,51
4148,44
4149,45
4150,37
4151,50
4152,71
4153,66
4154,88
4155,65
4156,69
4157,56
4158,55
4159,52
4160,35
4161,34
4162,56
4163,42
4164,49
4165,67
4166,45
4167,22
4168,46
4169,29
4170,31
4171,34
4172,31
4173,28
4174,36
4175,34
4176,25
4177,20
4178,30
4179,25
4180,30
4181,34
4182,36
4183,26
4184,27
4185,11
4186,28
4187,27
4188,36
4189,26
4190,28
4191,19
4192,22
4193,15
4194,28
4195,24
4196,22
4197,24
4198,33
4199,13
4200,72
4201,108
4202,75
4203,82
4204,112
4205,85
4206,83
4207,80
4208,70
4209,60
4210,88
4211,86
4212,101
4213,86
4214,92
4215,62
4216,76
4217,71
4218,59
4219,73
4220,82
4221,58
4222,68
4223,79
4224,69
4225,73
4226,78
4227,87
4228,73
4229,85
4230,50
4231,53
4232,50
4233,51
4234,55
4235,75
4236,63
4237,60
4238,52
4239,65
4240,52
4241,39
4242,46
4243,74
4244,70
4245,80
4246,60
4247,85
4248,63
4249,55
4250,55
4251,47
4252,70
4253,40
4254,47
4255,49
4256,65
4257,51
4258,78
4259,43
4260,56
4261,61
4262,50
4263,23
4264,30
4265,34
4266,37
4267,29
4268,26
4269,35
4270,30
4271,26
4272,13
4273,29
4274,28
4275,33
4276,28
4277,37
4278,21
4279,35
4280,46
4281,39
4282,42
4283,32
4284,21
4285,18
4286,14
4287,9
4288,14
4289,18
4290,8
4291,15
4292,8
4293,4
4294,10
4295,6
4296,14
4297,14
4298,7
4299,14
4300,54
4301,77
4302,91
4303,75
4304,73
4305,45
4306,63
4307,64
4308,68
4309,73
4310,65
4311,45
4312,67
4313,82
4314,68
4315,60
4316,66
4317,66
4318,62
4319,70
4320,78
4321,62
4322,73
4323,66
4324,62
4325,53
4326,73
4327,63
4328,65
4329,33
4330,39
4331,47
4332,38
4333,34
4334,29
4335,55
4336,79
4337,49
4338,72
4339,42
4340,30
4341,30
4342,36
4343,48
4344,20
4345,32
4346,41
4347,42
4348,29
4349,41
4350,24
4351,53
4352,38
4353,43
4354,31
4355,49
4356,30
4357,21
4358,31
4359,36
4360,34
4361,59
4362,33
4363,26
4364,47
4365,21
4366,23
4367,19
4368,26
4369,28
4370,32
4371,31
4372,27
4373,19
4374,8
4375,17
4376,9
4377,12
4378,13
4379,12
4380,15
4381,6
4382,10
4383,9
4384,9
4385,4
4386,6
4387,16
4388,7
4389,8
4390,22
4391,22
4392,19
4393,12
4394,11
4395,12
4396,7
4397,6
4398,10
4400,83
4401,130
4402,91
4403,72
4404,66
4405,58
4406,82
4407,66
4408,62
4409,85
4410,73
4411,73
4412,91
4413,58
4414,87
4415,64
4416,65
4417,78
4418,66
4419,45
4420,57
4421,57
4422,58
4423,53
4424,51
4425,57
4426,49
4427,50
4428,69
4429,48
4430,68
4431,56
4432,60
4433,41
4434,35
4435,42
4436,35
4437,40
4438,33
4439,58
4440,43
4441,45
4442,56
4443,41
4444,42
4445,42
4446,52
4447,29
4448,31
4449,30
4450,54
4451,44
4452,29
4453,47
4454,39
4455,37
4456,38
4457,35
4458,41
4459,21
4460,33
4461,41
4462,28
4463,30
4464,26
4465,17
4466,16
4467,18
4468,25
4469,43
4470,39
4471,14
4472,28
4473,22
4474,23
4475,25
4476,18
4477,18
4478,21
4479,6
4480,15
4481,19
4482,19
4483,24
4484,12
4485,8
4486,5
4487,13
4488,12
4489,13
4490,14
4491,15
4492,11
4493,8
4494,8
4495,17
4496,13
4497,10
4498,16
4499,16
4500,147
4501,101
4502,98
4503,119
4504,110
4505,87
4506,66
4507,78
4508,80
4509,77
4510,81
4511,73
4512,60
4513,101
4514,90
4515,70
4516,78
4517,69
4518,76
4519,65
4520,65
4521,59
4522,68
4523,58
4524,56
4525,72
4526,65
4527,68
4528,38
4529,46
4530,57
4531,37
4532,59
4533,58
4534,62
4535,59
4536,50
4537,53
4538,41
4539,37
4540,36
4541,55
4542,49
4543,55
4544,44
4545,42
4546,37
4547,46
4548,51
4549,48
4550,59
4551,27
4552,51
4553,62
4554,50
4555,50
4556,52
4557,47
4558,36
4559,39
4560,44
4561,41
4562,75
4563,51
4564,24
4565,30
4566,24
4567,51
4568,35
4569,21
4570,28
4571,14
4572,24
4573,27
4574,21
4575,8
4576,22
4577,16
4578,25
4579,15
4580,34
4581,33
4582,17
4583,12
4584,17
4585,16
4586,8
4587,22
4588,19
4589,12
4590,24
4591,24
4592,16
4593,19
4594,13
4595,16
4596,9
4597,18
4598,19
4599,24
4600,80
4601,79
4602,86
4603,78
4604,74
4605,67
4606,69
4607,48
4608,73
4609,86
4610,49
4611,70
4612,94
4613,77
4614,95
4615,70
4616,60
4617,66
4618,59
4619,51
4620,48
4621,47
4622,50
4623,62
4624,60
4625,56
4626,63
4627,58
4628,57
4629,59
4630,68
4631,51
4632,75
4633,49
4634,55
4635,66
4636,64
4637,58
4638,55
4639,63
4640,43
4641,55
4642,46
4643,45
4644,36
4645,54
4646,42
4647,46
4648,29
4649,30
4650,31
4651,51
4652,26
4653,29
4654,48
4655,52
4656,23
4657,46
4658,28
4659,36
4660,19
4661,38
4662,32
4663,25
4664,19
4665,26
4666,24
4667,24
4668,19
4669,17
4670,29
4671,27
4672,16
4673,19
4674,32
4675,27
4676,39
4677,23
4678,21
4679,18
4680,15
4681,20
4682,16
4683,26
4684,16
4685,19
4686,15
4687,7
4688,8
4689,10
4690,17
4691,21
4692,17
4693,14
4694,20
4695,7
4696,16
4697,5
4698,8
4699,11
4700,49
4701,60
4702,66
4703,55
4704,57
4705,57
4706,46
4707,53
4708,43
4709,58
4710,40
4711,41
4712,34
4713,66
4714,65
4715,59
4716,77
4717,64
4718,65
4719,60
4720,45
4721,39
4722,42
4723,51
4724,40
4725,60
4726,57
4727,48
4728,63
4729,56
4730,64
4731,43
4732,56
4733,35
4734,58
4735,48
4736,53
4737,44
4738,39
4739,64
4740,31
4741,36
4742,45
4743,47
4744,45
4745,50
4746,64
4747,38
4748,40
4749,46
4750,33
4751,51
4752,52
4753,16
4754,28
4755,36
4756,43
4757,25
4758,21
4759,20
4760,40
4761,32
4762,21
4763,23
4764,26
4765,21
4766,22
4767,31
4768,18
4769,13
4770,11
4771,23
4772,21
4773,21
4774,20
4775,14
4776,9
4777,19
4778,17
4779,18
4780,21
4781,19
4782,7
4783,4
4784,14
4785,18
4786,15
4787,12
4788,24
4789,14
4790,17
4791,12
4792,10
4793,19
4794,10
4795,25
4796,21
4797,3
4798,17
4799,16
4800,40
4801,54
4802,55
4803,38
4804,58
4805,45
4806,64
4807,54
4808,48
4809,57
4810,25
4811,56
4812,43
4813,47
4814,43
4815,45
4816,38
4817,43
4818,62
4819,44
4820,40
4821,32
4822,46
4823,49
4824,46
4825,39
4826,48
4827,36
4828,57
4829,31
4830,37
4831,55
4832,50
4833,38
4834,49
4835,34
4836,30
4837,26
4838,29
4839,33
4840,43
4841,31
4842,42
4843,44
4844,38
4845,35
4846,42
4847,28
4848,40
4849,36
4850,26
4851,35
4852,39
4853,39
4854,38
4855,42
4856,27
4857,18
4858,22
4859,14
4860,17
4861,20
4862,28
4863,23
4864,26
4865,25
4866,23
4867,26
4868,27
4869,20
4870,23
4871,20
4872,17
4873,16
4874,7
4875,12
4876,26
4877,19
4878,26
4879,15
4880,9
4881,7
4882,18
4883,9
4884,18
4885,11
4886,9
4887,17
4888,14
4889,12
4890,27
4891,11
4892,23
4893,6
4894,17
4895,13
4896,20
4897,19
4898,17
4899,12
4900,44
4901,52
4902,46
4903,65
4904,50
4905,56
4906,57
4907,43
4908,42
4909,60
4910,54
4911,41
4912,35
4913,49
4914,58
4915,26
4916,60
4917,51
4918,59
4919,48
4920,45
4921,52
4922,47
4923,31
4924,48
4925,54
4926,39
4927,27
4928,41
4929,33
4930,32
4931,32
4932,34
4933,34
4934,29
4935,31
4936,54
4937,29
4938,33
4939,35
4940,37
4941,40
4942,36
4943,30
4944,35
4945,51
4946,57
4947,48
4948,37
4949,35
4950,33
4951,27
4952,22
4953,29
4954,24
4955,22
4956,28
4957,32
4958,29
4959,20
4960,31
4961,22
4962,22
4963,13
4964,15
4965,33
4966,16
4967,21
4968,29
4969,8
4970,14
4971,21
4972,26
4973,14
4974,24
4975,9
4976,14
4977,13
4978,8
4979,6
4980,11
4981,6
4982,15
4983,21
4984,19
4985,7
4986,11
4987,12
4988,3
4989,7
4990,4
4991,2
4992,6
4994,2
4995,7
4996,4
4997,4
4998,1
4999,2
5000,73
5001,53
5002,92
5003,65
5004,70
5005,59
5006,73
5007,67
5008,61
5009,42
5010,43
5011,62
5012,56
5013,53
5014,77
5015,47
5016,72
5017,99
5018,61
5019,81
5020,59
5021,64
5022,49
5023,55
5024,74
5025,85
5026,69
5027,67
5028,69
5029,84
5030,81
5031,74
5032,44
5033,49
5034,55
5035,64
5036,65
5037,57
5038,52
5039,33
5040,42
5041,71
5042,71
5043,53
5044,44
5045,59
5046,56
5047,61
5048,29
5049,59
5050,43
5051,44
5052,26
5053,40
5054,54
5055,38
5056,34
5057,18
5058,31
5059,33
5060,18
5061,31
5062,40
5063,39
5064,38
5065,46
5066,28
5067,22
5068,23
5069,32
5070,20
5071,16
5072,32
5073,42
5074,42
5075,15
5076,20
5077,17
5078,22
5079,21
5080,23
5081,13
5082,19
5083,16
5084,13
5085,21
5086,29
5087,21
5088,36
5089,15
5090,25
5091,21
5092,20
5093,12
5094,19
5095,10
5096,12
5097,19
5098,23
5099,14
5100,49
5101,62
5102,59
5103,59
5104,63
5105,69
5106,52
5107,79
5108,56
5109,39
5110,51
5111,55
5112,67
5113,50
5114,42
5115,68
5116,56
5117,32
5118,42
5119,40
5120,58
5121,61
5122,67
5123,74
5124,41
5125,58
5126,44
5127,30
5128,42
5129,43
5130,41
5131,36
5132,50
5133,51
5134,44
5135,46
5136,46
5137,53
5138,44
5139,34
5140,68
5141,54
5142,39
5143,48
5144,35
5145,37
5146,43
5147,40
5148,47
5149,47
5150,62
5151,50
5152,59
5153,50
5154,28
5155,29
5156,27
5157,40
5158,46
5159,28
5160,51
5161,28
5162,47
5163,53
5164,34
5165,24
5166,25
5167,23
5168,33
5169,38
5170,36
5171,11
5172,28
5173,10
5174,26
5175,28
5176,28
5177,24
5178,39
5179,21
5180,16
5181,24
5182,29
5183,17
5184,18
5185,10
5186,10
5187,23
5188,14
5189,9
5190,11
5191,16
5192,17
5193,21
5194,21
5195,20
5196,16
5197,12
5198,13
5199,8
5200,82
5201,69
5202,74
5203,73
5204,55
5205,93
5206,69
5207,79
5208,72
5209,58
5210,59
5211,53
5212,61
5213,58
5214,48
5215,44
5216,41
5217,49
5218,37
5219,40
5220,47
5221,38
5222,55
5223,45
5224,52
5225,37
5226,20
5227,62
5228,38
5229,37
5230,31
5231,30
5232,42
5233,45
5234,39
5235,50
5236,33
5237,27
5238,26
5239,36
524,1
5240,33
5241,42
5242,32
5243,33
5244,40
5245,38
5246,54
5247,59
5248,51
5249,27
5250,29
5251,34
5252,33
5253,23
5254,35
5255,23
5256,22
5257,25
5258,42
5259,30
5260,16
5261,44
5262,27
5263,22
5264,14
5265,19
5266,20
5267,17
5268,33
5269,13
5270,33
5271,29
5272,25
5273,22
5274,15
5275,25
5276,21
5277,19
5278,29
5279,26
5280,16
5281,16
5282,13
5283,7
5284,27
5285,20
5286,15
5287,11
5288,15
5289,16
5290,14
5291,23
5292,10
5293,15
5294,16
5295,17
5296,12
5297,12
5298,19
5299,11
5300,66
5301,69
5302,76
5303,46
5304,40
5305,32
5306,56
5307,35
5308,44
5309,46
5310,26
5311,52
5312,46
5313,57
5314,41
5315,59
5316,34
5317,41
5318,31
5319,38
5320,44
5321,46
5322,36
5323,22
5324,44
5325,36
5326,30
5327,38
5328,32
5329,18
5330,34
5331,42
5332,15
5333,8
5334,23
5335,23
5336,32
5337,26
5338,45
5339,21
5340,36
5341,45
5342,37
5343,30
5344,32
5345,32
5346,29
5347,33
5348,20
5349,22
5350,20
5351,8
5352,19
5353,13
5354,15
5355,22
5356,9
5357,23
5358,27
5359,17
5360,29
5361,27
5362,28
5363,23
5364,35
5365,14
5366,23
5367,21
5368,15
5369,23
5370,21
5371,20
5372,19
5373,24
5374,9
5375,16
5376,16
5377,15
5378,24
5379,12
5380,12
5381,23
5382,5
5383,13
5384,16
5385,26
5386,16
5387,14
5388,9
5389,10
5390,8
5391,8
5392,5
5393,12
5394,7
5395,10
5396,4
5397,9
5398,11
5399,8
5400,77
5401,31
5402,47
5403,48
5404,35
5405,44
5406,37
5407,35
5408,36
5409,33
5410,33
5411,53
5412,37
5413,37
5414,72
5415,58
5416,36
5417,24
5418,43
5419,27
5420,33
5421,40
5422,29
5423,31
5424,34
5425,26
5426,54
5427,36
5428,49
5429,34
5430,37
5431,35
5432,31
5433,22
5434,36
5435,27
5436,37
5437,48
5438,23
5439,25
5440,25
5441,25
5442,45
5443,30
5444,47
5445,21
5446,41
5447,39
5448,39
5449,47
5450,43
5451,35
5452,35
5453,20
5454,16
5455,20
5456,26
5457,30
5458,33
5459,18
5460,12
5461,19
5462,19
5463,30
5464,15
5465,12
5466,13
5467,5
5468,12
5469,4
5470,13
5471,13
5472,17
5473,16
5474,25
5475,16
5476,18
5477,14
5478,8
5479,15
5480,10
5481,9
5482,3
5483,11
5484,12
5485,9
5486,20
5487,9
5488,8
5489,9
5490,9
5491,13
5492,11
5493,3
5494,4
5495,8
5496,9
5497,6
5498,11
5499,15
5500,74
5501,83
5502,77
5503,77
5504,65
5505,75
5506,73
5507,62
5508,44
5509,67
5510,68
5511,53
5512,62
5513,50
5514,78
5515,54
5516,56
5517,43
5518,47
5519,59
5520,52
5521,59
5522,30
5523,53
5524,56
5525,55
5526,40
5527,34
5528,45
5529,33
5530,50
5531,44
5532,34
5533,45
5534,52
5535,51
5536,43
5537,36
5538,39
5539,35
5540,34
5541,34
5542,49
5543,26
5544,45
5545,30
5546,22
5547,22
5548,36
5549,22
5550,49
5551,24
5552,35
5553,43
5554,39
5555,38
5556,43
5557,29
5558,24
5559,17
5560,31
5561,25
5562,21
5563,16
5564,20
5565,17
5566,12
5567,18
5568,16
5569,4
5570,13
5571,18
5572,19
5573,24
5574,19
5575,6
5576,12
5577,12
5578,11
5579,11
5580,8
5581,5
5582,1
5583,10
5584,9
5585,6
5586,6
5587,2
5588,2
5589,3
5590,5
5591,8
5592,10
5593,4
5594,12
5595,21
5596,1
5597,1
5599,3
5600,79
5601,67
5602,67
5603,51
5604,53
5605,42
5606,48
5607,38
5608,49
5609,48
5610,36
5611,45
5612,32
5613,39
5614,30
5615,36
5616,40
5617,24
5618,30
5619,34
562,1
5620,37
5621,41
5622,43
5623,37
5624,60
5625,30
5626,30
5627,27
5628,42
5629,29
5630,27
5631,45
5632,29
5633,31
5634,38
5635,16
5636,28
5637,31
5638,38
5639,26
5640,25
5641,30
5642,41
5643,6
5644,19
5645,21
5646,18
5647,13
5648,13
5649,8
5650,5
5651,30
5652,17
5653,24
5654,13
5655,20
5656,16
5657,20
5658,13
5659,17
5660,15
5661,7
5662,17
5663,17
5664,7
5665,7
5666,8
5667,12
5668,16
5669,13
5670,12
5671,16
5672,16
5673,11
5674,13
5675,17
5676,10
5677,15
5678,8
5679,16
5680,7
5681,9
5682,10
5683,7
5684,9
5685,7
5686,8
5687,3
5688,2
5689,4
5690,7
5691,14
5692,11
5693,6
5694,8
5695,13
5696,10
5697,4
5698,6
5699,2
5700,22
5701,27
5702,19
5703,14
5704,32
5705,28
5706,31
5707,35
5708,39
5709,27
5710,38
5711,26
5712,29
5713,36
5714,26
5715,22
5716,33
5717,40
5718,38
5719,31
5720,26
5721,38
5722,36
5723,38
5724,24
5725,38
5726,21
5727,25
5728,21
5729,16
5730,33
5731,24
5732,27
5733,46
5734,13
5735,24
5736,21
5737,32
5738,27
5739,21
5740,32
5741,14
5742,22
5743,19
5744,14
5745,13
5746,15
5747,31
5748,23
5749,23
5750,13
5751,8
5752,21
5753,11
5754,13
5755,18
5756,14
5757,8
5758,11
5759,13
5760,11
5761,13
5762,15
5763,16
5764,14
5765,13
5766,18
5767,12
5768,15
5769,17
5770,8
5771,18
5772,24
5773,10
5774,15
5775,13
5776,6
5777,11
5778,14
5779,1
5780,9
5781,25
5782,9
5783,11
5784,14
5785,5
5786,10
5787,2
5788,7
5789,10
5790,3
5791,3
5792,8
5793,3
5794,14
5795,6
5796,7
5797,6
5798,18
5799,12
5800,46
5801,51
5802,43
5803,36
5804,44
5805,42
5806,26
5807,29
5808,28
5809,20
5810,24
5811,21
5812,23
5813,59
5814,31
5815,51
5816,16
5817,38
5818,25
5819,27
5820,33
5821,26
5822,14
5823,10
5824,22
5825,11
5826,13
5827,15
5828,20
5829,15
5830,13
5831,21
5832,26
5833,26
5834,36
5835,21
5836,20
5837,15
5838,11
5839,18
5840,14
5841,22
5842,10
5843,12
5844,17
5845,21
5846,19
5847,14
5848,24
5849,11
5850,18
5851,36
5852,17
5853,5
5854,9
5855,8
5856,5
5857,5
5858,13
5859,12
5860,15
5861,3
5862,1
5863,21
5864,1
5865,17
5866,11
5867,7
5868,11
5869,4
5870,6
5871,8
5872,19
5873,11
5874,18
5875,6
5876,5
5877,1
5878,13
5879,5
5880,1
5882,2
5883,3
5884,2
5885,8
5887,6
5888,15
5889,6
5890,5
5891,4
5892,2
5893,1
5894,1
5895,5
5896,2
5897,4
5898,3
5899,4
5900,22
5901,21
5902,22
5903,28
5904,39
5905,27
5906,20
5907,22
5908,27
5909,40
5910,35
5911,32
5912,25
5913,26
5914,29
5915,28
5916,39
5917,39
5918,26
5919,13
5920,17
5921,21
5922,11
5923,18
5924,27
5925,26
5926,16
5927,23
5928,29
5929,15
5930,11
5931,22
5932,21
5933,21
5934,23
5935,16
5936,28
5937,17
5938,19
5939,25
5940,25
5941,16
5942,30
5943,19
5944,21
5945,22
5946,15
5947,24
5948,18
5949,9
5950,21
5951,15
5952,10
5953,10
5954,17
5955,14
5956,11
5957,13
5958,10
5959,15
5960,14
5961,8
5962,13
5963,7
5964,9
5965,16
5966,14
5967,13
5968,1
5969,13
5970,11
5971,18
5972,10
5973,13
5974,3
5975,3
5976,8
5977,5
5978,5
5979,4
5980,6
5981,8
5982,5
5983,7
5984,5
5985,10
5986,3
5987,13
5988,14
5989,6
5990,8
5991,2
5992,15
5993,3
5994,10
5995,2
5996,11
5997,4
5998,23
5999,6
6000,86
6001,56
6002,55
6003,47
6004,40
6005,50
6006,28
6007,56
6008,54
6009,58
6010,36
6011,51
6012,34
6013,41
6014,35
6015,36
6016,36
6017,38
6018,44
6019,32
6020,44
6021,34
6022,38
6023,34
6024,26
6025,17
6026,66
6027,49
6028,48
6029,29
6030,37
6031,29
6032,50
6033,37
6034,35
6035,40
6036,41
6037,50
6038,30
6039,40
6040,36
6041,37
6042,39
6043,18
6044,24
6045,26
6046,26
6047,27
6048,17
6049,23
6050,26
6051,16
6052,18
6053,33
6054,19
6055,28
6056,15
6057,19
6058,23
6059,19
6060,27
6061,15
6062,23
6063,32
6064,31
6065,27
6066,27
6067,22
6068,13
6069,27
6070,22
6071,34
6072,27
6073,11
6074,16
6075,16
6076,20
6077,11
6078,13
6079,20
6080,17
6081,13
6082,11
6083,9
6084,31
6085,15
6086,15
6087,20
6088,17
6089,21
6090,17
6091,18
6092,15
6093,13
6094,8
6095,18
6096,10
6097,17
6098,10
6099,1
6100,46
6101,48
6102,41
6103,34
6104,45
6105,34
6106,19
6107,32
6108,25
6109,46
6110,18
6111,37
6112,27
6113,20
6114,28
6115,28
6116,45
6117,39
6118,25
6119,21
6120,27
6121,38
6122,37
6123,27
6124,32
6125,12
6126,22
6127,25
6128,13
6129,20
6130,23
6131,21
6132,18
6133,15
6134,7
6135,16
6136,19
6137,33
6138,11
6139,20
6140,15
6141,17
6142,24
6143,22
6144,23
6145,14
6146,17
6147,13
6148,12
6149,16
6150,10
6151,14
6152,14
6153,15
6154,2
6155,4
6156,7
6157,3
6158,21
6159,11
6160,1
6161,3
6162,9
6163,13
6164,11
6165,9
6166,13
6167,7
6168,9
6169,10
6170,3
6172,6
6173,4
6174,15
6175,9
6176,6
6177,2
6178,4
6179,10
6180,9
6181,12
6182,6
6183,2
6184,4
6185,7
6186,6
6187,9
6188,6
6189,1
6190,9
6191,8
6192,1
6193,8
6194,5
6195,4
6196,6
6197,3
6200,52
6201,29
6202,55
6203,28
6204,27
6205,40
6206,37
6207,51
6208,30
6209,25
6210,14
6211,30
6212,33
6213,19
6214,23
6215,23
6216,16
6217,21
6218,19
6219,13
6220,24
6221,17
6222,10
6223,19
6224,17
6225,11
6226,20
6227,16
6228,26
6229,11
6230,13
6231,20
6232,15
6233,17
6234,36
6235,26
6236,25
6237,11
6238,13
6239,24
6240,6
6241,24
6242,29
6243,14
6244,16
6245,11
6246,11
6247,9
6248,22
6249,12
6250,20
6251,23
6252,7
6253,15
6254,17
6255,10
6256,8
6257,29
6258,10
6259,14
6260,38
6261,11
6262,9
6263,4
6264,14
6265,9
6266,9
6267,6
6268,10
6269,7
6270,16
6271,31
6272,8
6273,3
6274,11
6275,19
6276,19
6277,7
6278,7
6279,8
6280,1
6281,3
6282,5
6283,19
6284,8
6285,9
6286,6
6287,8
6288,11
6289,5
6290,4
6291,8
6292,8
6293,8
6294,2
6295,9
6296,5
6297,8
6298,4
6299,6
6300,16
6301,27
6302,33
6303,24
6304,35
6305,22
6306,31
6307,29
6308,19
6309,22
6310,20
6311,10
6312,17
6313,14
6314,26
6315,19
6316,29
6317,24
6318,31
6319,23
6320,34
6321,34
6322,19
6323,11
6324,20
6325,33
6326,29
6327,22
6328,34
6329,16
6330,19
6331,31
6332,19
6333,6
6334,14
6335,16
6336,22
6337,25
6338,7
6339,34
6340,14
6341,30
6342,16
6343,16
6344,32
6345,13
6346,31
6347,17
6348,36
6349,12
6350,17
6351,24
6352,22
6353,4
6354,13
6355,23
6356,12
6357,13
6358,10
6359,15
6360,15
6361,27
6362,20
6363,10
6364,6
6365,17
6366,16
6367,16
6368,24
6369,7
6370,20
6371,16
6372,7
6373,4
6374,11
6375,8
6376,14
6377,10
6378,13
6379,20
6380,9
6381,9
6382,9
6383,5
6384,6
6385,17
6386,13
6387,12
6388,3
6389,5
6390,9
6391,9
6392,3
6393,8
6394,4
6395,8
6396,5
6397,8
6398,12
6400,43
6401,62
6402,38
6403,68
6404,51
6405,44
6406,39
6407,44
6408,58
6409,29
6410,23
6411,31
6412,15
6413,19
6414,44
6415,33
6416,19
6417,17
6418,33
6419,12
6420,14
6421,20
6422,19
6423,12
6424,25
6425,18
6426,15
6427,11
6428,21
6429,19
6430,21
6431,30
6432,21
6433,13
6434,20
6435,8
6436,12
6437,10
6438,20
6439,20
6440,11
6441,14
6442,5
6443,9
6444,13
6445,9
6446,7
6447,11
6448,9
6449,8
6450,3
6451,11
6452,13
6453,17
6454,6
6455,11
6456,6
6457,7
6458,2
6459,11
6460,15
6461,12
6462,10
6463,6
6464,9
6465,13
6466,12
6467,7
6468,13
6469,6
6470,8
6471,5
6472,5
6473,11
6474,5
6475,6
6476,12
6477,13
6478,4
6479,17
6480,3
6481,29
6482,17
6483,8
6484,6
6485,8
6486,7
6487,5
6488,9
6489,3
6490,8
6491,14
6492,6
6493,8
6494,14
6495,5
6496,13
6497,5
6498,5
6499,6
6500,43
6501,46
6502,23
6503,25
6504,33
6505,35
6506,40
6507,28
6508,15
6509,17
6510,21
6511,33
6512,19
6513,18
6514,16
6515,16
6516,24
6517,20
6518,16
6519,18
6520,17
6521,20
6522,12
6523,14
6524,15
6525,8
6526,23
6527,26
6528,11
6529,12
6530,25
6531,5
6532,21
6533,36
6534,12
6535,20
6536,9
6537,9
6538,13
6539,9
6540,9
6541,16
6542,16
6543,11
6544,17
6545,28
6546,16
6547,12
6548,18
6549,10
6550,13
6551,3
6552,11
6553,24
6554,11
6555,13
6556,7
6557,10
6558,7
6559,13
6560,21
6561,6
6562,2
6563,12
6564,6
6565,5
6566,4
6567,10
6568,6
6569,8
6570,3
6571,6
6572,13
6573,5
6574,1
6575,4
6576,22
6577,7
6578,11
6579,9
6580,10
6581,21
6582,16
6583,10
6584,16
6585,8
6586,10
6587,10
6588,5
6589,6
6590,11
6591,4
6592,4
6593,9
6594,15
6595,11
6596,19
6597,5
6598,16
6599,5
6600,53
6601,42
6602,33
6603,34
6604,51
6605,42
6606,29
6607,38
6608,36
6609,26
6610,23
6611,42
6612,27
6613,28
6614,26
6615,17
6616,36
6617,25
6618,15
6619,13
6620,13
6621,32
6622,39
6623,23
6624,25
6625,22
6626,40
6627,19
6628,29
6629,29
6630,26
6631,31
6632,16
6633,19
6634,20
6635,20
6636,7
6637,18
6638,9
6639,21
6640,28
6641,10
6642,27
6643,17
6644,11
6645,11
6646,19
6647,18
6648,17
6649,24
6650,14
6651,15
6652,26
6653,20
6654,13
6655,3
6656,11
6657,17
6658,10
6659,5
6660,11
6661,16
6662,19
6663,12
6664,25
6665,13
6666,7
6667,11
6668,16
6669,12
6670,8
6671,15
6672,9
6673,7
6674,17
6675,6
6676,17
6677,12
6678,4
6679,17
6680,11
6681,4
6682,6
6683,5
6684,8
6685,9
6686,10
6687,22
6688,13
6689,6
6690,7
6691,24
6692,4
6693,8
6694,12
6695,8
6696,8
6697,7
6698,2
6699,6
6700,19
6701,21
6702,28
6703,16
6704,11
6705,13
6706,29
6707,9
6708,15
6709,16
6710,18
6711,12
6712,14
6713,32
6714,16
6715,21
6716,20
6717,15
6718,33
6719,23
6720,14
6721,21
6722,11
6723,28
6724,14
6725,13
6726,16
6727,28
6728,20
6729,13
6730,12
6731,27
6732,19
6733,20
6734,13
6735,16
6736,24
6737,20
6738,15
6739,21
6740,18
6741,21
6742,15
6743,12
6744,15
6745,23
6746,17
6747,16
6748,13
6749,16
6750,1
6751,10
6752,6
6753,10
6754,9
6755,7
6756,5
6757,11
6758,12
6759,7
6760,3
6761,9
6762,12
6763,13
6764,7
6765,10
6766,12
6767,1
6768,2
6769,9
6770,9
6771,13
6772,9
6773,3
6774,8
6775,5
6776,3
6777,11
6778,16
6779,17
6780,12
6781,4
6782,1
6783,9
6784,7
6785,8
6786,5
6787,8
6788,3
6789,2
6790,7
6791,7
6792,10
6793,9
6794,12
6795,6
6796,3
6797,7
6798,5
6799,6
6800,41
6801,32
6802,31
6803,22
6804,30
6805,25
6806,18
6807,19
6808,10
6809,10
6810,14
6811,23
6812,24
6813,20
6814,11
6815,9
6816,5
6817,10
6818,8
6819,20
6820,7
6821,14
6822,10
6823,9
6824,20
6825,17
6826,9
6827,9
6828,10
6829,9
6830,12
6831,21
6832,10
6833,6
6834,8
6835,9
6836,16
6837,10
6838,22
6839,10
6840,14
6841,12
6842,17
6843,2
6844,21
6845,17
6846,13
6847,23
6848,8
6849,13
685,1
6850,27
6851,29
6852,6
6853,10
6854,8
6855,8
6856,7
6857,11
6858,4
6859,5
6860,11
6861,9
6862,5
6863,10
6864,22
6865,10
6866,2
6867,7
6868,10
6869,3
6870,5
6871,2
6872,5
6873,4
6874,5
6875,2
6876,3
6878,2
6879,10
6880,6
6881,5
6882,4
6883,5
6884,2
6885,2
6886,2
6887,4
6888,8
6889,5
6890,2
6891,2
6893,2
6895,1
6900,20
6901,20
6902,15
6903,11
6904,15
6905,27
6906,23
6907,15
6908,31
6909,11
6910,16
6911,32
6912,19
6913,29
6914,12
6915,24
6916,24
6917,24
6918,11
6919,14
6920,13
6921,9
6922,10
6923,5
6924,7
6925,6
6926,11
6927,5
6928,11
6929,6
6930,5
6931,4
6932,11
6933,13
6934,15
6935,14
6936,10
6937,10
6938,5
6939,14
6940,10
6941,11
6942,10
6943,7
6944,4
6945,4
6946,8
6947,5
6948,5
6949,24
6950,10
6951,7
6952,3
6953,9
6954,7
6955,3
6956,7
6957,1
6958,20
6959,12
6960,4
6961,7
6962,7
6963,3
6964,1
6965,8
6967,1
6968,7
6969,2
6970,9
6972,4
6973,5
6974,1
6976,2
6977,1
6978,2
6979,4
6980,4
6982,1
6984,1
6985,2
6986,5
6987,6
6988,8
6989,2
6990,6
6991,1
6992,12
6993,2
6996,3
6997,2
6999,1
7000,63
7001,63
7002,44
7003,60
7004,52
7005,48
7006,45
7007,48
7008,33
7009,31
7010,57
7011,32
7012,30
7013,36
7014,24
7015,34
7016,44
7017,44
7018,29
7019,44
7020,30
7021,24
7022,20
7023,20
7024,26
7025,33
7026,15
7027,13
7028,34
7029,26
7030,14
7031,25
7032,20
7033,12
7034,21
7035,25
7036,16
7037,11
7038,16
7039,15
7040,12
7041,28
7042,29
7043,26
7044,15
7045,41
7046,25
7047,9
7048,24
7049,12
7050,12
7051,18
7052,13
7053,9
7054,19
7055,23
7056,7
7057,15
7058,12
7059,15
7060,18
7061,26
7062,7
7063,22
7064,13
7065,7
7066,34
7067,9
7068,15
7069,7
7070,8
7071,10
7072,1
7073,4
7074,10
7075,6
7076,16
7077,12
7078,3
7079,3
7080,7
7081,14
7082,1
7083,6
7084,6
7085,6
7086,9
7088,4
7089,7
7090,1
7091,6
7092,3
7093,2
7094,1
7095,3
7096,7
7097,5
7098,1
7100,51
7101,64
7102,54
7103,39
7104,44
7105,57
7106,56
7107,59
7108,55
7109,54
7110,71
7111,32
7112,30
7113,34
7114,58
7115,66
7116,38
7117,30
7118,37
7119,57
7120,27
7121,56
7122,34
7123,40
7124,26
7125,38
7126,38
7127,34
7128,19
7129,26
7130,28
7131,14
7132,21
7133,23
7134,26
7135,21
7136,25
7137,31
7138,28
7139,20
7140,23
7141,23
7142,12
7143,25
7144,29
7145,24
7146,27
7147,21
7148,22
7149,22
7150,26
7151,19
7152,28
7153,23
7154,15
7155,12
7156,16
7157,18
7158,22
7159,13
7160,19
7161,16
7162,30
7163,22
7164,19
7165,18
7166,14
7167,18
7168,24
7169,12
7170,15
7171,10
7172,22
7173,10
7174,17
7175,21
7176,23
7177,19
7178,8
7179,12
7180,6
7181,4
7182,2
7183,13
7184,5
7185,7
7186,7
7187,6
7188,5
7189,8
7190,12
7191,6
7192,15
7193,18
7194,8
7195,6
7196,6
7197,8
7198,8
7199,3
7200,71
7201,58
7202,59
7203,53
7204,53
7205,28
7206,25
7207,46
7208,30
7209,46
7210,28
7211,28
7212,17
7213,43
7214,27
7215,44
7216,26
7217,22
7218,17
7219,27
7220,25
7221,23
7222,21
7223,22
7224,17
7225,22
7226,21
7227,17
7228,29
7229,24
7230,29
7231,28
7232,33
7233,23
7234,31
7235,26
7236,25
7237,21
7238,16
7239,11
7240,28
7241,23
7242,20
7243,24
7244,32
7245,32
7246,25
7247,24
7248,9
7249,15
7250,8
7251,20
7252,20
7253,17
7254,20
7255,11
7256,20
7257,20
7258,12
7259,14
7260,17
7261,11
7262,36
7263,25
7264,14
7265,26
7266,12
7267,16
7268,17
7269,17
7270,8
7271,21
7272,7
7273,14
7274,12
7275,18
7276,7
7277,9
7278,21
7279,20
7280,26
7281,7
7282,21
7283,17
7284,27
7285,7
7286,5
7287,24
7288,14
7289,13
7290,11
7291,7
7292,21
7293,5
7294,9
7295,11
7296,17
7297,5
7298,1
7299,8
7300,44
7301,44
7302,23
7303,14
7304,37
7305,27
7306,24
7307,12
7308,26
7309,28
7310,33
7311,31
7312,22
7313,16
7314,32
7315,24
7316,20
7317,31
7318,30
7319,26
7320,20
7321,20
7322,27
7323,24
7324,18
7325,18
7326,38
7327,12
7328,39
7329,19
7330,18
7331,24
7332,20
7333,20
7334,14
7335,26
7336,20
7337,24
7338,15
7339,30
7340,25
7341,22
7342,15
7343,22
7344,19
7345,16
7346,18
7347,28
7348,18
7349,14
7350,13
7351,16
7352,15
7353,23
7354,20
7355,4
7356,17
7357,18
7358,10
7359,4
7360,24
7361,6
7362,17
7363,15
7364,31
7365,11
7366,9
7367,16
7368,11
7369,15
7370,11
7371,7
7372,19
7373,25
7374,27
7375,29
7376,32
7377,28
7378,25
7379,20
7380,9
7381,15
7382,27
7383,17
7384,22
7385,11
7386,14
7387,16
7388,12
7389,14
7390,15
7391,14
7392,21
7393,12
7394,12
7395,10
7396,16
7397,11
7398,23
7399,29
7400,87
7401,37
7402,52
7403,44
7404,60
7405,20
7406,28
7407,28
7408,28
7409,33
7410,25
7411,27
7412,13
7413,7
7414,13
7415,20
7416,15
7417,7
7418,21
7419,14
7420,15
7421,14
7422,12
7423,22
7424,14
7425,19
7426,14
7427,13
7428,23
7429,14
7430,19
7431,12
7432,8
7433,13
7434,1
7435,4
7436,11
7437,8
7438,16
7439,6
7440,13
7441,7
7442,4
7443,11
7444,9
7445,17
7446,14
7447,8
7448,8
7449,9
7450,8
7451,6
7452,10
7453,2
7454,4
7455,5
7456,7
7457,4
7458,7
7459,2
7460,8
7461,14
7462,10
7463,10
7464,10
7465,9
7466,6
7467,9
7468,8
7469,1
7470,3
7471,2
7473,10
7474,6
7475,11
7476,11
7477,14
7478,5
7479,2
7480,2
7481,14
7482,3
7483,9
7484,6
7485,2
7486,2
7487,13
7488,2
7489,3
7490,2
7491,5
7492,5
7493,5
7494,6
7495,6
7496,14
7497,6
7498,7
7499,11
7500,129
7501,74
7502,108
7503,52
7504,64
7505,62
7506,56
7507,50
7508,48
7509,56
7510,57
7511,38
7512,27
7513,27
7514,45
7515,38
7516,31
7517,40
7518,36
7519,25
7520,35
7521,33
7522,28
7523,23
7524,29
7525,31
7526,16
7527,24
7528,22
7529,22
7530,32
7531,35
7532,30
7533,25
7534,26
7535,30
7536,36
7537,35
7538,22
7539,24
7540,31
7541,30
7542,49
7543,23
7544,29
7545,31
7546,23
7547,36
7548,24
7549,11
7550,29
7551,24
7552,26
7553,21
7554,33
7555,22
7556,22
7557,25
7558,24
7559,16
7560,30
7561,32
7562,11
7563,8
7564,29
7565,33
7566,13
7567,28
7568,21
7569,14
7570,33
7571,29
7572,8
7573,15
7574,15
7575,31
7576,22
7577,12
7578,22
7579,29
7580,28
7581,23
7582,23
7583,16
7584,7
7585,18
7586,18
7587,21
7588,29
7589,21
7590,14
7591,12
7592,24
7593,27
7594,19
7595,9
7596,17
7597,15
7598,19
7599,20
7600,62
7601,57
7602,30
7603,45
7604,35
7605,31
7606,45
7607,31
7608,24
7609,34
7610,30
7611,22
7612,19
7613,24
7614,14
7615,19
7616,14
7617,12
7618,15
7619,21
7620,21
7621,22
7622,22
7623,13
7624,17
7625,14
7626,12
7627,16
7628,23
7629,25
7630,19
7631,9
7632,24
7633,19
7634,14
7635,9
7636,10
7637,16
7638,13
7639,12
7640,15
7641,13
7642,15
7643,18
7644,14
7645,15
7646,17
7647,19
7648,20
7649,18
7650,14
7651,15
7652,17
7653,18
7654,13
7655,23
7656,23
7657,10
7658,14
7659,22
7660,17
7661,23
7662,21
7663,11
7664,20
7665,17
7666,17
7667,20
7668,6
7669,18
7670,15
7671,18
7672,12
7673,14
7674,24
7675,11
7676,10
7677,10
7678,19
7679,17
7680,10
7681,11
7682,21
7683,5
7684,17
7685,16
7686,16
7687,15
7688,13
7689,11
7690,3
7691,4
7692,12
7693,13
7694,5
7695,5
7696,16
7697,3
7698,14
7699,7
7700,104
7701,72
7702,54
7703,49
7704,35
7705,42
7706,46
7707,50
7708,22
7709,15
7710,26
7711,28
7712,23
7713,22
7714,23
7715,29
7716,17
7717,21
7718,17
7719,21
7720,17
7721,17
7722,14
7723,20
7724,14
7725,32
7726,12
7727,9
7728,23
7729,15
7730,12
7731,17
7732,11
7733,17
7734,16
7735,12
7736,24
7737,10
7738,18
7739,9
7740,7
7741,25
7742,9
7743,6
7744,3
7745,13
7746,9
7747,6
7748,6
7749,6
7750,14
7751,4
7752,6
7753,3
7754,10
7755,10
7756,8
7757,5
7758,7
7759,4
7760,12
7761,14
7762,6
7763,9
7764,5
7765,8
7766,12
7767,11
7768,20
7769,6
7770,12
7771,3
7772,4
7773,10
7774,6
7775,3
7776,10
7777,9
7778,1
7779,12
7780,6
7781,8
7782,7
7783,10
7784,11
7785,7
7786,19
7787,7
7788,7
7789,8
7790,12
7791,6
7793,3
7794,13
7795,17
7796,14
7797,3
7798,6
7799,7
7800,126
7801,76
7802,81
7803,70
7804,85
7805,62
7806,55
7807,86
7808,61
7809,60
7810,85
7811,79
7812,71
7813,54
7814,58
7815,54
7816,42
7817,43
7818,71
7819,53
7820,27
7821,25
7822,24
7823,31
7824,43
7825,55
7826,41
7827,21
7828,25
7829,36
7830,31
7831,25
7832,38
7833,28
7834,35
7835,28
7836,35
7837,39
7838,43
7839,30
7840,35
7841,34
7842,47
7843,41
7844,25
7845,29
7846,36
7847,32
7848,39
7849,28
7850,26
7851,26
7852,23
7853,20
7854,35
7855,16
7856,27
7857,32
7858,38
7859,19
7860,27
7861,21
7862,18
7863,16
7864,19
7865,20
7866,21
7867,25
7868,14
7869,21
7870,55
7871,19
7872,34
7873,19
7874,21
7875,18
7876,12
7877,22
7878,24
7879,37
7880,22
7881,17
7882,21
7883,22
7884,44
7885,20
7886,32
7887,20
7888,16
7889,12
7890,10
7891,15
7892,4
7893,13
7894,9
7895,13
7896,12
7897,7
7898,7
7899,8
7900,69
7901,67
7902,41
7903,26
7904,21
7905,37
7906,56
7907,33
7908,39
7909,33
7910,35
7911,57
7912,31
7913,35
7914,40
7915,39
7916,39
7917,40
7918,33
7919,14
7920,10
7921,28
7922,25
7923,26
7924,23
7925,30
7926,14
7927,19
7928,22
7929,18
7930,27
7931,16
7932,21
7933,18
7934,15
7935,12
7936,19
7937,27
7938,11
7939,21
7940,26
7941,19
7942,14
7943,13
7944,19
7945,10
7946,23
7947,21
7948,18
7949,8
7950,11
7951,11
7952,15
7953,10
7954,19
7955,9
7956,9
7957,7
7958,15
7959,13
7960,12
7961,13
7962,13
7963,9
7964,6
7965,16
7966,13
7967,16
7968,10
7969,24
7970,10
7971,7
7972,12
7973,15
7974,7
7975,9
7976,14
7977,6
7978,11
7979,10
7980,9
7981,9
7982,11
7983,8
7984,6
7985,17
7986,13
7987,7
7988,10
7989,8
7990,11
7991,17
7992,10
7993,6
7994,9
7995,16
7996,7
7997,4
7998,4
7999,2
8000,101
8001,66
8002,73
8003,83
8004,65
8005,55
8006,53
8007,68
8008,65
8009,46
8010,71
8011,38
8012,60
8013,52
8014,59
8015,58
8016,52
8017,51
8018,56
8019,48
8020,57
8021,49
8022,44
8023,41
8024,48
8025,41
8026,29
8027,44
8028,49
8029,55
8030,33
8031,40
8032,38
8033,43
8034,34
8035,33
8036,59
8037,35
8038,54
8039,51
8040,30
8041,34
8042,49
8043,48
8044,30
8045,43
8046,37
8047,42
8048,34
8049,27
8050,62
8051,35
8052,36
8053,39
8054,28
8055,36
8056,33
8057,23
8058,32
8059,35
8060,40
8061,17
8062,36
8063,18
8064,38
8065,41
8066,22
8067,30
8068,28
8069,24
8070,22
8071,29
8072,28
8073,21
8074,28
8075,21
8076,29
8077,16
8078,20
8079,30
8080,30
8081,24
8082,30
8083,30
8084,47
8085,28
8086,20
8087,25
8088,18
8089,23
8090,31
8091,11
8092,17
8093,23
8094,19
8095,30
8096,26
8097,20
8098,17
8099,10
8100,141
8101,96
8102,104
8103,89
8104,74
8105,53
8106,51
8107,53
8108,55
8109,70
8110,70
8111,52
8112,65
8113,57
8114,34
8115,45
8116,38
8117,58
8118,60
8119,73
8120,47
8121,91
8122,51
8123,61
8124,41
8125,34
8126,39
8127,51
8128,39
8129,53
8130,63
8131,48
8132,37
8133,40
8134,33
8135,26
8136,25
8137,31
8138,27
8139,33
8140,35
8141,29
8142,28
8143,17
8144,40
8145,23
8146,23
8147,24
8148,29
8149,16
8150,22
8151,19
8152,14
8153,21
8154,14
8155,28
8156,16
8157,24
8158,32
8159,23
8160,14
8161,13
8162,24
8163,20
8164,20
8165,13
8166,18
8167,19
8168,12
8169,21
8170,31
8171,26
8172,25
8173,9
8174,9
8175,31
8176,17
8177,20
8178,21
8179,12
8180,20
8181,10
8182,8
8183,9
8184,16
8185,15
8186,13
8187,13
8188,12
8189,12
8190,25
8191,11
8192,9
8193,15
8194,8
8195,16
8196,10
8197,9
8198,6
8199,9
8200,111
8201,53
8202,80
8203,83
8204,55
8205,59
8206,62
8207,38
8208,55
8209,68
8210,37
8211,38
8212,47
8213,52
8214,45
8215,36
8216,56
8217,36
8218,36
8219,54
8220,32
8221,55
8222,35
8223,35
8224,52
8225,59
8226,48
8227,23
8228,42
8229,41
8230,38
8231,28
8232,34
8233,24
8234,18
8235,53
8236,34
8237,37
8238,23
8239,30
8240,25
8241,22
8242,21
8243,39
8244,33
8245,32
8246,35
8247,13
8248,18
8249,25
8250,21
8251,28
8252,23
8253,21
8254,14
8255,23
8256,21
8257,21
8258,22
8259,19
8260,24
8261,24
8262,27
8263,22
8264,21
8265,28
8266,8
8267,21
8268,15
8269,12
8270,10
8271,28
8272,21
8273,21
8274,14
8275,17
8276,11
8277,14
8278,11
8279,8
8280,18
8281,13
8282,19
8283,16
8284,15
8285,11
8286,10
8287,18
8288,6
8289,16
8290,18
8291,13
8292,12
8293,18
8294,12
8295,11
8296,16
8297,12
8298,5
8299,11
8300,55
8301,64
8302,49
8303,62
8304,88
8305,67
8306,50
8307,76
8308,65
8309,45
8310,42
8311,50
8312,34
8313,37
8314,39
8315,42
8316,30
8317,38
8318,32
8319,20
8320,28
8321,40
8322,17
8323,30
8324,29
8325,42
8326,34
8327,29
8328,41
8329,17
833,1
8330,22
8331,35
8332,23
8333,24
8334,15
8335,23
8336,23
8337,28
8338,23
8339,22
8340,17
8341,24
8342,22
8343,17
8344,26
8345,36
8346,34
8347,21
8348,15
8349,22
8350,16
8351,13
8352,9
8353,29
8354,29
8355,17
8356,18
8357,26
8358,21
8359,20
8360,20
8361,17
8362,9
8363,18
8364,11
8365,23
8366,21
8367,19
8368,22
8369,16
8370,18
8371,23
8372,19
8373,17
8374,14
8375,11
8376,23
8377,17
8378,15
8379,14
8380,11
8381,16
8382,20
8383,23
8384,13
8385,17
8386,12
8387,6
8388,28
8389,14
8390,11
8391,18
8392,13
8393,12
8394,20
8395,10
8396,9
8397,15
8398,20
8399,18
8400,68
8401,59
8402,60
8403,57
8404,59
8405,48
8406,58
8407,65
8408,80
8409,52
8410,40
8411,96
8412,55
8413,49
8414,33
8415,41
8416,73
8417,48
8418,35
8419,49
8420,22
8421,38
8422,33
8423,29
8424,26
8425,32
8426,29
8427,22
8428,23
8429,20
8430,24
8431,19
8432,23
8433,32
8434,29
8435,46
8436,30
8437,44
8438,33
8439,23
8440,17
8441,23
8442,24
8443,15
8444,28
8445,20
8446,25
8447,12
8448,22
8449,23
8450,25
8451,34
8452,13
8453,18
8454,27
8455,22
8456,27
8457,37
8458,12
8459,19
8460,27
8461,29
8462,34
8463,14
8464,25
8465,19
8466,18
8467,15
8468,28
8469,22
8470,31
8471,25
8472,29
8473,29
8474,24
8475,25
8476,15
8477,24
8478,18
8479,19
8480,23
8481,21
8482,31
8483,18
8484,25
8485,32
8486,29
8487,27
8488,41
8489,22
8490,21
8491,15
8492,13
8493,18
8494,26
8495,16
8496,22
8497,26
8498,21
8499,20
8500,101
8501,93
8502,88
8503,84
8504,77
8505,55
8506,53
8507,81
8508,76
8509,63
8510,55
8511,69
8512,82
8513,53
8514,77
8515,54
8516,56
8517,60
8518,61
8519,51
8520,68
8521,50
8522,50
8523,27
8524,49
8525,39
8526,42
8527,41
8528,40
8529,48
8530,48
8531,54
8532,37
8533,57
8534,37
8535,33
8536,41
8537,44
8538,47
8539,47
8540,50
8541,52
8542,42
8543,35
8544,23
8545,43
8546,28
8547,42
8548,31
8549,28
8550,52
8551,50
8552,43
8553,23
8554,33
8555,39
8556,35
8557,26
8558,26
8559,38
8560,19
8561,34
8562,21
8563,23
8564,24
8565,23
8566,33
8567,12
8568,20
8569,19
8570,14
8571,16
8572,25
8573,24
8574,22
8575,18
8576,18
8577,19
8578,23
8579,12
8580,12
8581,15
8582,5
8583,16
8584,19
8585,23
8586,12
8587,8
8588,12
8589,13
8590,14
8591,6
8592,6
8593,14
8594,17
8595,12
8596,11
8597,8
8598,26
8599,18
8600,75
8601,61
8602,42
8603,58
8604,42
8605,55
8606,66
8607,57
8608,38
8609,35
8610,59
8611,37
8612,47
8613,38
8614,42
8615,46
8616,43
8617,38
8618,44
8619,31
8620,40
8621,41
8622,49
8623,37
8624,35
8625,53
8626,28
8627,46
8628,19
8629,37
8630,45
8631,39
8632,39
8633,38
8634,33
8635,30
8636,46
8637,35
8638,28
8639,25
8640,23
8641,25
8642,45
8643,35
8644,29
8645,21
8646,23
8647,21
8648,19
8649,26
8650,34
8651,15
8652,29
8653,17
8654,24
8655,15
8656,13
8657,30
8658,36
8659,30
8660,27
8661,18
8662,32
8663,25
8664,10
8665,21
8666,36
8667,27
8668,26
8669,28
8670,29
8671,23
8672,15
8673,16
8674,21
8675,18
8676,15
8677,16
8678,15
8679,13
8680,16
8681,15
8682,25
8683,10
8684,13
8685,16
8686,7
8687,17
8688,15
8689,16
8690,11
8691,6
8692,8
8693,14
8694,9
8695,22
8696,12
8697,15
8698,7
8699,4
8700,101
8701,86
8702,96
8703,84
8704,71
8705,58
8706,71
8707,51
8708,65
8709,50
8710,64
8711,42
8712,40
8713,40
8714,72
8715,57
8716,73
8717,43
8718,45
8719,39
8720,44
8721,43
8722,52
8723,52
8724,35
8725,39
8726,42
8727,41
8728,77
8729,36
8730,39
8731,36
8732,40
8733,34
8734,37
8735,28
8736,52
8737,42
8738,39
8739,31
8740,36
8741,43
8742,38
8743,43
8744,34
8745,30
8746,29
8747,43
8748,30
8749,34
8750,43
8751,27
8752,35
8753,29
8754,46
8755,30
8756,23
8757,25
8758,24
8759,34
8760,19
8761,18
8762,23
8763,42
8764,26
8765,30
8766,25
8767,29
8768,25
8769,26
8770,31
8771,32
8772,32
8773,52
8774,20
8775,25
8776,34
8777,27
8778,30
8779,19
8780,28
8781,34
8782,27
8783,26
8784,18
8785,26
8786,29
8787,36
8788,34
8789,42
8790,32
8791,22
8792,15
8793,17
8794,24
8795,13
8796,25
8797,17
8798,21
8799,10
8800,98
8801,105
8802,86
8803,80
8804,93
8805,93
8806,60
8807,69
8808,47
8809,88
8810,77
8811,76
8812,51
8813,60
8814,79
8815,87
8816,88
8817,71
8818,64
8819,65
8820,62
8821,59
8822,42
8823,51
8824,60
8825,56
8826,50
8827,47
8828,51
8829,43
8830,53
8831,46
8832,50
8833,57
8834,31
8835,51
8836,33
8837,51
8838,53
8839,52
8840,46
8841,30
8842,48
8843,33
8844,28
8845,55
8846,58
8847,63
8848,38
8849,47
8850,27
8851,46
8852,39
8853,25
8854,36
8855,41
8856,28
8857,25
8858,28
8859,43
8860,43
8861,44
8862,33
8863,38
8864,20
8865,27
8866,11
8867,31
8868,17
8869,52
8870,27
8871,35
8872,34
8873,32
8874,39
8875,24
8876,16
8877,21
8878,21
8879,22
8880,34
8881,29
8882,20
8883,19
8884,26
8885,22
8886,20
8887,20
8888,15
8889,28
8890,8
8891,19
8892,34
8893,11
8894,15
8895,23
8896,19
8897,19
8898,30
8899,14
8900,99
8901,90
8902,78
8903,76
8904,64
8905,72
8906,67
8907,50
8908,80
8909,107
8910,80
8911,97
8912,63
8913,70
8914,50
8915,51
8916,62
8917,52
8918,76
8919,42
8920,53
8921,58
8922,48
8923,43
8924,56
8925,32
8926,46
8927,30
8928,50
8929,44
8930,48
8931,49
8932,62
8933,47
8934,46
8935,53
8936,35
8937,29
8938,28
8939,42
8940,34
8941,38
8942,39
8943,34
8944,37
8945,23
8946,26
8947,54
8948,47
8949,43
8950,36
8951,27
8952,23
8953,28
8954,19
8955,15
8956,22
8957,14
8958,18
8959,18
8960,24
8961,26
8962,16
8963,27
8964,27
8965,19
8966,27
8967,27
8968,43
8969,40
8970,29
8971,43
8972,16
8973,33
8974,26
8975,23
8976,40
8977,20
8978,25
8979,51
8980,17
8981,25
8982,28
8983,30
8984,25
8985,23
8986,17
8987,25
8988,17
8989,21
8990,18
8991,13
8992,18
8993,12
8994,27
8995,31
8996,39
8997,24
8998,17
8999,15
9000,109
9001,100
9002,117
9003,79
9004,84
9005,97
9006,69
9007,85
9008,94
9009,81
9010,96
9011,75
9012,86
9013,61
9014,70
9015,64
9016,76
9017,84
9018,74
9019,79
9020,76
9021,84
9022,80
9023,72
9024,69
9025,61
9026,94
9027,63
9028,82
9029,63
9030,57
9031,53
9032,72
9033,96
9034,72
9035,60
9036,63
9037,67
9038,69
9039,55
9040,68
9041,60
9042,81
9043,50
9044,52
9045,64
9046,66
9047,65
9048,52
9049,67
9050,63
9051,48
9052,64
9053,40
9054,41
9055,43
9056,52
9057,45
9058,34
9059,42
9060,32
9061,58
9062,50
9063,61
9064,50
9065,34
9066,47
9067,38
9068,40
9069,33
9070,43
9071,23
9072,54
9073,41
9074,43
9075,81
9076,28
9077,38
9078,50
9079,47
9080,47
9081,51
9082,33
9083,27
9084,44
9085,45
9086,49
9087,33
9088,41
9089,27
9090,30
9091,40
9092,26
9093,31
9094,28
9095,29
9096,42
9097,32
9098,28
9099,28
9100,112
9101,108
9102,89
9103,74
9104,81
9105,78
9106,74
9107,76
9108,70
9109,67
9110,73
9111,53
9112,62
9113,76
9114,92
9115,57
9116,68
9117,88
9118,86
9119,45
9120,79
9121,73
9122,65
9123,53
9124,71
9125,54
9126,54
9127,63
9128,59
9129,45
9130,54
9131,32
9132,65
9133,60
9134,35
9135,45
9136,50
9137,69
9138,50
9139,41
9140,49
9141,70
9142,64
9143,55
9144,53
9145,43
9146,63
9147,54
9148,32
9149,45
9150,55
9151,52
9152,51
9153,66
9154,44
9155,52
9156,53
9157,35
9158,59
9159,48
9160,47
9161,50
9162,47
9163,53
9164,38
9165,41
9166,33
9167,34
9168,48
9169,28
9170,43
9171,26
9172,27
9173,29
9174,22
9175,33
9176,27
9177,44
9178,22
9179,35
9180,49
9181,31
9182,42
9183,25
9184,35
9185,40
9186,33
9187,40
9188,54
9189,43
9190,37
9191,35
9192,54
9193,32
9194,34
9195,40
9196,26
9197,29
9198,34
9199,33
9200,98
9201,135
9202,96
9203,100
9204,75
9205,84
9206,96
9207,52
9208,65
9209,70
9210,98
9211,81
9212,75
9213,75
9214,122
9215,85
9216,64
9217,78
9218,65
9219,91
9220,60
9221,65
9222,53
9223,87
9224,74
9225,77
9226,61
9227,86
9228,65
9229,67
9230,70
9231,66
9232,72
9233,72
9234,61
9235,75
9236,68
9237,56
9238,74
9239,48
9240,54
9241,51
9242,69
9243,59
9244,55
9245,64
9246,72
9247,52
9248,61
9249,59
9250,64
9251,71
9252,45
9253,65
9254,61
9255,47
9256,60
9257,62
9258,61
9259,53
9260,53
9261,56
9262,51
9263,53
9264,47
9265,67
9266,38
9267,44
9268,77
9269,42
9270,61
9271,64
9272,54
9273,33
9274,61
9275,58
9276,54
9277,69
9278,34
9279,53
9280,33
9281,32
9282,27
9283,26
9284,31
9285,39
9286,42
9287,47
9288,24
9289,25
9290,39
9291,37
9292,39
9293,37
9294,40
9295,36
9296,30
9297,29
9298,20
9299,29
9300,104
9301,77
9302,86
9303,77
9304,96
9305,88
9306,94
9307,69
9308,87
9309,76
9310,88
9311,63
9312,91
9313,88
9314,84
9315,58
9316,87
9317,84
9318,63
9319,64
9320,71
9321,61
9322,68
9323,48
9324,51
9325,63
9326,72
9327,61
9328,43
9329,63
9330,67
9331,66
9332,53
9333,75
9334,56
9335,35
9336,66
9337,69
9338,64
9339,45
9340,43
9341,60
9342,44
9343,77
9344,45
9345,38
9346,29
9347,35
9348,40
9349,50
9350,37
9351,53
9352,45
9353,32
9354,30
9355,37
9356,26
9357,38
9358,41
9359,33
9360,36
9361,43
9362,27
9363,37
9364,32
9365,22
9366,33
9367,37
9368,27
9369,24
9370,41
9371,39
9372,19
9373,39
9374,45
9375,42
9376,25
9377,23
9378,24
9379,19
9380,22
9381,32
9382,27
9383,21
9384,25
9385,26
9386,31
9387,27
9388,18
9389,36
9390,30
9391,16
9392,34
9393,36
9394,34
9395,29
9396,32
9397,34
9398,30
9399,39
9400,134
9401,95
9402,108
9403,93
9404,73
9405,85
9406,97
9407,71
9408,69
9409,72
9410,70
9411,67
9412,67
9413,68
9414,72
9415,70
9416,70
9417,75
9418,76
9419,75
942,1
9420,67
9421,56
9422,57
9423,61
9424,59
9425,64
9426,55
9427,63
9428,49
9429,85
9430,63
9431,58
9432,72
9433,77
9434,43
9435,58
9436,86
9437,51
9438,74
9439,77
9440,59
9441,47
9442,68
9443,71
9444,67
9445,59
9446,28
9447,58
9448,43
9449,55
9450,43
9451,76
9452,62
9453,33
9454,52
9455,40
9456,43
9457,55
9458,44
9459,40
9460,59
9461,77
9462,45
9463,45
9464,45
9465,32
9466,38
9467,48
9468,43
9469,35
9470,43
9471,43
9472,31
9473,48
9474,48
9475,51
9476,38
9477,45
9478,49
9479,45
9480,36
9481,36
9482,56
9483,45
9484,27
9485,51
9486,29
9487,59
9488,38
9489,26
9490,32
9491,31
9492,50
9493,31
9494,36
9495,12
9496,50
9497,38
9498,21
9499,20
9500,92
9501,91
9502,98
9503,94
9504,85
9505,99
9506,95
9507,120
9508,101
9509,92
9510,78
9511,94
9512,71
9513,56
9514,80
9515,57
9516,58
9517,55
9518,62
9519,81
9520,46
9521,50
9522,64
9523,70
9524,84
9525,75
9526,73
9527,53
9528,56
9529,44
9530,49
9531,42
9532,56
9533,26
9534,58
9535,62
9536,62
9537,53
9538,58
9539,49
9540,58
9541,58
9542,44
9543,70
9544,67
9545,52
9546,53
9547,67
9548,84
9549,46
9550,46
9551,64
9552,37
9553,32
9554,38
9555,55
9556,59
9557,44
9558,45
9559,61
9560,51
9561,35
9562,42
9563,44
9564,37
9565,42
9566,54
9567,42
9568,43
9569,48
9570,46
9571,48
9572,25
9573,34
9574,38
9575,38
9576,39
9577,32
9578,43
9579,43
9580,29
9581,47
9582,32
9583,34
9584,31
9585,28
9586,48
9587,34
9588,38
9589,33
9590,30
9591,34
9592,28
9593,22
9594,23
9595,45
9596,21
9597,33
9598,28
9599,24
9600,82
9601,100
9602,80
9603,91
9604,83
9605,81
9606,72
9607,88
9608,75
9609,60
9610,67
9611,74
9612,61
9613,60
9614,52
9615,61
9616,50
9617,65
9618,56
9619,48
9620,42
9621,57
9622,61
9623,56
9624,38
9625,54
9626,63
9627,67
9628,56
9629,52
9630,57
9631,57
9632,38
9633,52
9634,58
9635,45
9636,43
9637,43
9638,62
9639,73
9640,53
9641,73
9642,38
9643,61
9644,44
9645,52
9646,42
9647,49
9648,45
9649,44
9650,52
9651,42
9652,42
9653,52
9654,48
9655,48
9656,60
9657,57
9658,37
9659,39
9660,54
9661,79
9662,59
9663,76
9664,71
9665,78
9666,62
9667,60
9668,64
9669,51
9670,82
9671,46
9672,54
9673,52
9674,44
9675,32
9676,33
9677,51
9678,26
9679,33
9680,40
9681,45
9682,41
9683,27
9684,42
9685,30
9686,44
9687,34
9688,43
9689,36
9690,21
9691,43
9692,23
9693,46
9694,41
9695,23
9696,34
9697,46
9698,29
9699,47
9700,122
9701,122
9702,108
9703,92
9704,80
9705,85
9706,62
9707,40
9708,74
9709,80
9710,97
9711,60
9712,61
9713,67
9714,52
9715,67
9716,58
9717,44
9718,48
9719,42
9720,40
9721,50
9722,77
9723,42
9724,35
9725,36
9726,50
9727,47
9728,36
9729,40
9730,44
9731,51
9732,44
9733,42
9734,37
9735,54
9736,51
9737,70
9738,47
9739,61
9740,48
9741,60
9742,45
9743,41
9744,38
9745,39
9746,50
9747,35
9748,41
9749,47
9750,60
9751,58
9752,50
9753,64
9754,60
9755,58
9756,68
9757,51
9758,56
9759,52
9760,58
9761,54
9762,72
9763,77
9764,64
9765,70
9766,60
9767,45
9768,69
9769,48
9770,43
9771,50
9772,36
9773,59
9774,63
9775,50
9776,44
9777,58
9778,32
9779,45
9780,46
9781,59
9782,43
9783,69
9784,47
9785,64
9786,39
9787,47
9788,45
9789,45
9790,57
9791,42
9792,48
9793,44
9794,39
9795,33
9796,39
9797,42
9798,39
9799,51
9800,31
9801,50
9802,46
9803,21
9804,22
9805,31
9806,17
9807,31
9808,49
9809,14
9810,23
9811,13
9812,8
9813,12
9814,10
9815,8
9816,9
9817,14
9818,10
9819,20
9820,19
9821,6
9822,8
9823,7
9824,8
9825,9
9826,17
9827,6
9828,10
9829,2
9830,4
9831,3
9832,8
9833,5
9834,6
9835,8
9836,7
9837,5
9838,8
9839,9
9840,6
9841,5
9842,6
9843,8
9844,5
9845,5
9846,3
9847,3
9848,6
9849,7
9850,3
9851,8
9853,4
9854,4
9855,5
9856,1
9857,3
9858,2
9859,1
9860,1
9861,2
9862,7
9863,5
9864,6
9865,3
9868,3
9869,1
9873,1
9874,1
9878,1
9880,1
9881,3
9883,1
9884,3
9885,2
9887,3
9889,2
9890,1
9892,1
9894,2
9896,1
9897,2
9898,1
9901,1
9902,1
9904,3
9905,1
9906,1
9910,2
9914,1
9916,1
9917,1
9921,2
9940,1
9942,3
9947,1
9948,2
9949,6
9998,4
9999,4
Q,1
