text_mail_city,Count
,1866465
\,2
],1
`,1
+,1
=,1
07005,1
108 N Madison S,1
2103 Crestway Dr,1
318 E McKay,1
67120,1
67629,1
719 Traders Ave,1
7318,1
817 Alger Hall,1
908 Grantstreet,1
Abbeville,2
Abbyville,36
Abbyville Ks,1
Aber Prov Grd,1
Aberdeen,8
Abil,1
Abilene,249
ABILENE,1
Abita Springs,1
Acworth,1
Ada,2
Adams,1
Adamstown,2
Addis,1
Adkins,1
Admire,16
Adrian,1
Afton,3
AFTON,1
Agenda,40
Agoura Hills,1
Agra,103
AIBONITO,1
Aiea,1
Aiken,2
Ainsworth,1
Airway Heights,1
AJ,1
Akron,4
Alabaster,1
Alameda,2
Alamo,3
Alamogordo,4
Albany,1
Albert,93
Albion,1
Albuquerque,25
Alden,58
Aledo,1
Alex Bay,1
Alexander,33
Alexandria,27
Alfred,1
Algard,1
Alhambra,2
Aliso Viejo,2
Allen,140
Allendale,1
Allentown,3
Allston,4
Alma,307
Almena,244
Alpharetta,1
Alpine,2
Alta Vista,197
ALTA VISTA,1
Alta Vista Ks,1
Altamont,326
Alto,1
Alton,19
Altoona,91
Altus,3
Alva,7
Amargosa Valley,1
Amarillo,2
Americus,189
Amery,1
Ames,33
Amherst,5
Amherst College,1
Amoret,1
Amorita,1
Anacortes,4
Anaheim,2
Anahiem,1
Anchorage,5
Andale,238
Andover,603
ANDOVER,1
"Andover, Ks",1
Andrews Afb,1
Andrews AFB,1
Angels Camp,2
Angleton,1
Angola,1
Ankeny,2
Ann Arbor,10
Anna,1
Annandale,2
Annapolis,18
Anniston,1
Anthony,328
Antioch,3
Apache Junction,6
Apg,1
Apo,48
APO,64
APO AA,1
Apo Ae,10
APO AE,2
Apo Ap,1
"Apo,ae",1
Apopka,2
Apple Valley,1
Appleton City,1
Arapahoe,2
ARAPAHOE,1
Arcadia,25
Arcata,1
Arden,1
Arden Hills,1
Ardmore,1
Argonia,157
Arizona City,1
Ark city,1
Ark City,3
Arkansas,1
Arkansas City,285
Arkington,1
Arlington,144
Arlington Ks,1
Arma,383
Arnold,1
Arroyo Seco,2
Arvada,2
Asbury,3
Ashburn,2
Ashland,705
ASHLAND,8
Assaria,161
Astoria,2
Atascadero,1
Atascosa,1
Atchinson,2
Atchison,273
Athena,1
Athens,9
Athol,1
Atlanta,99
Atoka,1
Attica,125
Atw,1
Atwood,603
ATWOOD,2
Au,1
Auburn,168
AUBURN,2
Auburndale,1
Audrey,1
Augusta,510
Ault,1
Aurora,43
AURORA,2
Austin,40
Austrailia,1
Australia,2
Avalon,1
Ave Maria,3
Avoca,1
Avon,2
Avondale,2
Axle,1
Axtell,85
Azle,1
Babson Park,1
"Bad Homburg, Germany",1
Baden,1
Bailey,1
Baileyville,27
Bakersfield,4
Bala Cynwd,1
Bald Head Island,1
Baldwin,10
Baldwin City,451
Ballston Spa,1
Ballwin,4
Baltimore,16
Bangkok,1
Barboursville,1
Barnard,42
Barnes,29
Barnett,1
Barrington,3
Barstow,1
Bartlesville,12
Bartlett,14
Bartleville,1
BARTLEY,1
Basalt,2
Basehor,353
Bastrop,1
Bath,1
Baton Rouge,2
Battle Creek,1
Battlecreek,1
Battlefield,1
Bax Springs,1
Baxter Spgs,1
Baxter Spring,1
Baxter Springs,348
Baxter Srpings,1
Bay Saint Louis,1
Bay St Louis,1
Bayamon,1
Bayfield,1
Bayonne,1
Baytown,1
Bazine,75
Beach Park,1
Bealton,1
Beattie,17
Beaufort,5
Beaumont,2
Beaver,1
Beaver City,1
Beaver Falls,1
Beavercreek,5
Bedford,1
Beebe,1
Beech Island,1
Beeler,11
BEELER,1
Bel Air,1
Bel Aire,17
Belaire,1
Bell,1
Bell Plaine,1
Bella vista,2
Bella Vista,2
BELLA VISTA,1
Belle,1
Belle Plain,1
Belle Plaine,413
BELLE PLAINE,1
Bellevi,1
Belleville,496
BelLEVILLE,1
Bellevue,23
Bellewe,1
Bellingham,4
Bellvue,1
Belmont,1
Beloit,194
Belpre,34
Belton,28
BELTON,2
Belton Ks,1
Belvue,79
Ben Wheeler,1
"Ben Wheeler,",1
Bend,2
Bendena,31
Benedict,12
Benkelman,4
Bennington,154
Benson,1
Bentley,280
"Bentley, Ks",1
Benton,365
Benton Harbor,1
Bentonville,8
Berea,1
Bergman,1
Berkeley,6
Berkeley Heights,1
"Berlin, German",1
Bern,83
Berrington,1
Berryton,65
Bershire ENG,1
Berthoud,1
Berwyn Heights,1
Bessemer,1
Bethany,3
Bethesda,3
Bethlehem,1
Bettendorf,2
Beuna Vista,1
Beverly,101
Bhuler,1
BIG SANDY,4
Big Sky,1
Billings,5
BiLLINGS,1
Biloxi,2
Binghamton,1
Biola University,1
Bird City,397
BIrd City,1
Birmingham,4
Bishop,1
Bishopville,1
Bismarck,1
Bison,99
Bixby,5
Black Diamond,1
Blacksburg,1
Blackwater,1
Blackwell,1
Blaine,3
Blair,1
Blakesburg,1
Blanchard,1
Bloom,2
Bloomfield,1
Bloomingdale,1
Bloomington,26
Blountstown,1
Blountville,1
Blue Eye,2
Blue Mound,57
Blue Rapids,51
Blue Springs,14
Bluemound,1
Bluff City,12
Bluffton,1
Blunt,2
BLYTHEVILLE,2
Blythewood,1
Boca Raton,3
Boerne,1
Bogue,100
Bogue Ks,1
Boiling Springs,1
Boise,2
Boitheville,1
Bokeelia,1
Boles,1
Boley,1
Bolingbrook,1
Bolivar,8
Bonita,1
Bonita Springs,2
"Bonn, Germany",1
Bonner Spring,2
Bonner Springs,184
Boonville,1
Borger,1
Bossier City,1
Bosten,1
Boston,32
Bothell,2
Boulder,17
Boulder City,1
Boulevard,1
Bountiful,1
Bowie,1
Bowling Green,5
Box Elder,1
Boynton Beach,1
Bozeman,4
BOZEMAN,1
Bradenton,3
Brancheille,1
Brandford,1
Brandon,1
Brandywine,1
Branson,8
Braymer,2
Brazoria,2
Brea,1
Breckenridge,1
Bremen,22
Bremerton,6
Brenham,1
Brentwood,2
Brewester,1
Brewster,235
Brian,1
Bridgeport,1
Bridgeton,3
Brigham City,2
Brighton,7
Bristol,2
Bristow,2
Broadway,2
Brockton,1
Broken Arrow,6
BROKEN ARROW,1
Bronson,76
Bronson Ks,1
Bronx,2
Bronxville,1
Brookfield,1
BROOKFIELD,2
Brookings,2
Brookline,2
Brooklyn,70
Brookville,89
Brookyln,1
Broomfield,4
Brown Deer,1
Brownell,21
Browns Mills,1
Brownsburg,1
Brownsville,2
Brownsville Tx,1
Bruch,1
Brunswick,1
Brush,1
Bryan,4
Bryans Road,1
Buckeye,5
BUCKLEY TWP,1
Bucklin,472
BUCKLIN,2
Buckner,1
Bucyrus,103
Buena Vista,5
Buffalo,68
Buford,3
Buhler,444
Buhler Ks,19
Buies Creek,1
Bull Shoals,1
Bullhead City,1
Bunker Hill,110
Burbank,1
Burden,84
Burdett,45
Burdick,73
Burgaw,1
Burke,2
Burl,1
Burlingame,78
Burlington,228
BURLINGTON,2
Burns,79
Burr Oak,26
Burroak,1
Burrton,275
Busby,1
Bushnell,1
Bushong,1
Bushton,78
Butler,1
Byers,1
Byhalie,1
Byron,9
CABALLO,2
Cabot,1
Cactus,1
Calabasas,1
Calagary,1
Calcium,1
Caldwell,60
Calera,1
Calexico,1
Calhoun,1
California,2
Calumet,1
Cambridge,45
CAMBRIDGE,1
Camby,1
Camden,1
Camdenton,6
Cameron,7
Camp Gieger,1
Camp H.m. Smith,1
Camp Lejeune,4
Camp LeJeune,1
Camp Lejeure,1
Camp Pendleton,3
Camp Verde,1
Campbellsville,1
Campo,1
Canaan,1
Canada,2
Canada V2T 4G5,1
Caney,124
CANEY,1
Cannon Afb,1
Canon City,1
Canton,310
Canyon,6
Canyon Lake,1
Cape Coral,1
Cape Girardeau,3
carbondale,2
Carbondale,239
Carefree,1
Carl Junction,10
Carl Junstion,1
Carlisle,1
Carlsbad,9
Carlton,3
Carmel,3
Carmel Valley,1
Carpentersville,1
CARROLL,1
Carrollton,4
Carson,1
Carthage,4
CARTHAGE,2
Cary,2
Casa Grande,4
Cassaday,1
CASSELTON,2
Cassoday,77
Cassville,2
Castaic,1
Castle Pines,1
Castle Rock,3
Cataula,1
Catharine,14
Catherine,28
Cavalier,1
Cave Creek,1
Cave Springs,3
Cawker City,116
Cedar,7
Cedar City,3
Cedar Falls,4
Cedar Hill,2
Cedar Point,20
Cedar Rapids,3
Cedar Vale,187
Cedarvale,4
Cedarville,7
Centeniall,1
Centennial,7
CENTENNIAL,2
Centereach,1
Centerville,14
Central City,1
Central Point,1
Centralia,126
Chadron,2
Chalmette,1
Chambersburg,1
Chamblee,1
Champaign,5
Chandler,3
CHANDLER,2
Chantilly,1
Chanute,431
Chanute Ks,1
Chanutr,1
Chapaman,1
Chapel Hill,6
Chapman,417
CHAPMAN,1
Chardon,1
Chariton,1
Charleston,9
Charlotte,10
Charlottesville,5
Chase,195
"Chase, Ks",1
Chatham,1
Chatsworth,1
Chattanooga,3
Chautaugua,1
Chautauqua,35
Chelsea,1
CheLSEA,1
Cheney,554
Cher0kee,1
Cheraw,1
Cherokee,129
Cherryale,1
Cherryvale,82
Chesapeake,12
Chester,11
CHESTER,1
Chesterfield,9
Chestertown,1
Chestnut Hill,5
Chetopa,243
Cheyenne,6
Chicago,174
Chickasha,1
Chicopee,2
Chinle,1
Choctaw,1
Chula Vista,7
Cibolo,2
Cicero,2
Cimarron,1523
Cimmaron,1
Cimmarron,1
Cincinnati,6
Circleville,49
City,1
Clackamas,2
Claflin,311
Clalin,1
Claremont,4
Claremore,3
CLAREMORE,1
Clark,1
Clarksville,12
Clay Center,126
CLAY CENTER,1
Clayton,86
Clearfield,1
Clearwater,196
Clemson,2
Cleveland,16
Cleveland Heights,1
Clever,1
Clewiston,1
Clifton,55
ClIFTON PARK,1
Climax,7
Climax Springs,1
Clinton,3
Clive,1
Clouis,1
Clovis,5
CLOVIS,1
Clyde,45
Coabot,1
COATESVILLE,1
Coats,22
Cobb,1
Cobbs Creek,1
Cocnordia,1
Coconut Creek,1
Codell,4
Codorus,2
Coeur D Alene,2
Coffeyville,333
Colby,425
Coldwater,588
COLDWATER,1
College Park,4
College Station,12
Collegedale,2
Collyer,55
Colo Spgs,1
Colombia,1
Colonial Beach,1
Colony,111
Colorado Spgs,2
Colorado Spring,21
Colorado Springs,43
COLORADO SPRINGS,2
Columbia,77
Columbus,275
ColUMBUS,1
colwich,1
Colwich,262
COLWICH,1
Comer,1
Commerce,2
Concordia,181
Conroe,1
Converse,1
Convoy,1
Conway,2
Conway Spgs,1
Conway Springs,279
Cookeville,1
Coolidge,69
COOLIDGE,2
COPAN,1
Copeland,224
Coppell,2
COPR CHRISTI,1
Coral Gables,1
Coral Springs,1
Coralville,3
CORAPEAKE,1
Cordoba,1
Cordova,1
Corning,6
Coronado,5
Corp Christi,1
CORP CHRSTI,1
Corpus Christi,6
Corsicana,1
Corvallis,1
cotonwood falls,1
Cottnwd Falls,1
Cottnwd Fls,3
Cottonwd Fls,1
Cottonwood,1
Cottonwood Fall,16
Cottonwood Falls,157
CoTTONWOOD FALLS,1
Cottonwood Fals,1
Cottonwood Fls,82
Cottonwoodfalls,2
Council Blfs,1
Council Bluffs,7
Council Grove,1343
Courtland,188
Covina,1
Covington,1
COWLES,1
Cozad,1
Cranston,1
crescent,1
Cresskill,1
Crested Butte,1
Crestline,36
Crestview,1
Crete,1
Creve Coeur,2
Creve Couer,1
Crofton,2
Crosslake,1
Crossville,1
Crowley,2
Cuba,109
Culbertson,1
Culleoka,1
Cullison,2
Culver,3
Cumberland,1
Cumming,1
Cummings,12
Cunnigham,2
Cunningham,292
"Cunningham,",1
Cunninghman,1
CURTIS,1
Cuyahoga Falls,1
Cypress,4
D'iberville,1
DADE CITY,1
Dahlgren,1
Dahlonega,2
Dallas,67
Dalton,1
Damar,81
Dana Point,2
Danbury,14
Danville,34
Darien,1
Davenport,5
davidsonville,1
Davis,5
Dawn,1
Dayton,3
DAYTON,1
Daytona Beach,3
De Soto,182
Dearborn,1
Dearing,218
Decatur,10
Decorah,1
Deeerfield,1
Deer Lodge,1
Deerfield,474
DEERFIELD,8
Deforest,1
Dekalb,1
Del Rio,4
DEL RIO,1
Delavan,15
Delaware,2
Delhi,1
Delia,22
Delphos,157
"Delphos, 67436",1
Delray Beach,1
Deltona,1
Dendron,1
Denison,51
Denmark,2
Dennis,30
Denton,42
DENTON,1
Denver,77
Depore,1
Derby,286
DERBY,1
Des Moines,12
Desert Hot Springs,2
DESHLER,1
Desloge,1
Desoto,21
DeSoto,2
Dewey,3
Dexter,120
Dickinson,4
Digh,1
Dighton,802
Dillon,1
Dillwyn,4
Dimmitt,1
Disney,6
Divide,1
Dixon,1
Doddge City,1
Dodg City,1
Dodge,3
Dodge City,727
DODGE CITY,2
Dodge City Ks,1
Dodge Cory,1
Dodge Coty,1
Dolan Springs,1
Doral,4
Dorchester,1
dorrance,1
Dorrance,166
Dothan,1
Douglas,1
Douglass,288
Dover,28
Downingtown,1
Downs,32
DPO,2
Draper,3
Dresden,90
DRESDEN,1
Drexel,7
Dripping Spgs,2
Dripping Springs,1
Du Bois,1
DU BOIS,1
Duarte,1
Dubuque,4
Duenweg,2
Dulles,7
Duluth,3
Dumfries,2
Dumont,5
Duncan,1
Duncanville,1
Dundalk,1
Dundas,1
Dunlap,11
Dunmor,1
Dupont,1
DuPont,1
Durango,2
Durant,1
Durham,41
DURHAM,1
Dwight,212
Dyess Afb,2
Eads,1
Eagle,4
Eagle Butte,1
Eagle Mountain,1
Eagle Rock,1
Earlimart,1
EaRLIMART,1
East Haddam,1
East Haven,1
East Lansing,6
Eastampton,1
Eastborough,2
Easthampton,1
Easton,128
Easton Kansas,1
Eastpointe,1
Eastport,1
Eau Claire,2
Eden Prairie,2
Edgar,1
Edgerton,151
EDINBURG,2
Edmond,42
Edmonds,1
Edna,162
Edson,18
Edwards,5
Edwardsville,777
Effingham,105
Eglin Afb,1
El Cajon,1
El Centro,1
EL CENTRO,1
El Dorado,586
EL Dorado,1
El Dorado Springs,2
"El Dorado,",1
El Mirage,2
El Paso,24
EL PASO,1
El Prado,1
El Reno,1
Elbing,110
Eldmale,1
Eldora,1
Eldorado,12
Elgin,3
Elizabeth,5
Elk City,98
Elk Falls,63
Elk Grove,1
Elk Ridge,1
elkhart,1
Elkhart,1500
Elkhorn,2
Elko,1
Elks,1
Elkwood,2
Ellensburg,1
Ellinwood,99
Ellis,83
Ellsworth,138
Elmdale,28
Elmhurst,1
Elon,2
Elsmore,8
Elwood,426
ELYRIA,1
Emerald Isle,1
Emeryville,1
Emigsville,1
Emmett,100
EMMETT,1
Emmitsburg,1
Emory,1
Emporia,1242
Emporia Ks,1
England,1
Englewood,76
ENGLEWOOD,2
Enid,11
Enloe,1
Ensign,112
Enterprise,225
Erie,94
Erwin,1
Esbon,28
Escondido,4
Eskridge,170
Essex,1
Estero,1
Estes Park,1
Estherville,1
Etna,1
Eudoea,1
Eudora,254
EUDORA,1
Eufaula,1
Eugene,11
Euless,1
Eureka,512
Evans,6
Evans Mills,3
Evanston,17
Evansville,8
Everest,91
Everett,7
Evergreen,3
Evergreen Park,1
Ewa Beach,2
Ewing,1
Ewlood,1
Excelsior,1
Excelsior Springs,1
Fairbank,1
Fairbanks,1
FAIRBANKS,1
Fairborn,1
Fairbury,1
Fairchild Afb,1
Fairfax,8
Fairfield,2
Fairland,2
Fairview,62
Fairviewheights,1
Fairway,9
fall river,1
Fall River,190
FaLL River,1
Fallbrook,5
Fallon,3
Falls Church,4
Falls City,2
Fallston,1
Falmouth,1
Falun,28
Far Hills,1
Far Rockaway,1
Fargo,5
Farlington,2
Farmers Branch,1
Farson,1
Fayettevile,1
Fayetteville,154
FAYETTEVILLE,5
Fayettville,4
Fayetville,1
FCI Leavenworth,1
Federal Heights,1
Federal Hgts,1
Federal Way,4
Felton,1
Fernley,1
Findlay,2
Firestone,1
Firth,1
Fishers,2
Flagstaff,2
Flat Rock,1
Fletcher,1
Florence,23
"Florence, Italy",1
Florissant,4
Florrisant,1
Flower Mound,1
FLW,1
Foley,2
Fond Du Lac,1
Fontana,50
FONTANA,1
Ford,82
Forest Grove,1
Forest Hills,1
Forest Park,1
Forgan,1
Formoso,15
Forney,2
Forsyth,2
Fort Apache,1
Fort Atkinson,1
Fort Belvoir,6
Fort Benning,5
Fort Bliss,3
Fort Bragg,10
Fort Campbell,5
Fort Carson,2
Fort Cavazos,2
Fort Collins,35
Fort Defiance,1
Fort Dodge,9
FORT DODGE,1
Fort Drum,12
Fort Eustis,1
Fort Garland,1
Fort Gordon,1
Fort Gregg-Adams,2
Fort Gregg Adams,1
Fort Hall,1
Fort Hood,8
Fort Huachuca,2
Fort Irwin,7
Fort Johnson,2
Fort Knox,2
Fort Lauderdale,2
Fort Leanard Wood,1
Fort Leavenworth,11
Fort Lee,1
Fort Leonard Wo,1
Fort Leonard Wood,7
Fort Lewis,2
Fort Liberty,5
FORT MEAD,1
Fort Meade,5
Fort Meyers,1
Fort Mitchell,1
Fort Moore,2
Fort Morgan,1
Fort Myers,6
Fort Novosel,1
Fort Pierce,2
Fort Polk,1
Fort Riley,135
FORT RILEY,1
Fort Rucker,2
Fort Scott,480
Fort Sill,3
Fort Sill Ok,1
Fort Smith,3
Fort Stewart,4
Fort Wainwright,4
Fort Walton Beach,1
Fort Washington,1
Fort Wayne,3
Fort Worth,58
Fort Worth Tx,1
FortCollins,1
Forth Worth,2
Fountain,5
fowler,1
Fowler,410
Fowlerville,1
Foxborough,1
Fpo,2
FPO,12
Fpo Aa,1
Fpo Ap,1
FPO AP,1
"Fpo, Ae",1
"Fpo, Ap",2
France,1
Frankfort,37
Franklin,40
FRANKLIN,1
Franklin Spring,1
Fraser,1
Frederick,4
Fredericksburg,3
Fredericktown,1
Fredonia,145
Freeman,1
Freeport,12
Fremont,1
FREMONT,1
Fresno,2
Frisco,4
Front Royal,3
FRONT ROYAL,1
Frontenac,136
Ft Benning,2
ft collins,2
Ft Dodge,6
Ft Knox,1
Ft Lauderdale,2
Ft Leavenworth,15
Ft Lee,1
Ft Leonard Wood,4
Ft Liberty,1
Ft Meade,1
Ft Myers,2
ft riley,1
Ft Riley,2
Ft Scott,6
Ft Worth,1
Ft. Belvoir,1
Ft. Bragg,1
Ft. Jackson,1
Ft. Leavenworth,19
Ft. Riley,1
Ft. Smith,1
Ft. Wayne,1
Fulton,16
Fuquay-Varina,1
g,1
Gaffney,1
Gainesville,5
Gainsville,2
Gaithersburg,2
Galatia,1
Galeburg,1
Galena,266
Gales,1
Galesburg,76
Gallup,1
Galva,262
Galveston,2
Gamer,1
Gar,1
Gard City,1
Garde City,1
Garden,2
Garden City,1328
Garden CIty,2
GARDEN CITY,1
Garden City Kansas,2
Garden Plain,230
Gardena,1
Gardencity,1
Gardner,165
GARDNER,2
Gardner Ks,2
Garfield,60
GARFIELD,1
Garland,10
Garnett,185
Gas,144
Gas City,1
Gaylord,37
Gayville,1
Gem,23
Genda Springs,1
Geneseo,79
George West,1
Georgetown,8
Gereseo,1
Gering,1
Geuda Springs,40
Gibsonton,1
Gilbert,4
Gillette,2
Girad,1
Girard,147
Glade,1
Gladstone,9
Glan Elder,1
Glasco,115
Glen Burnie,2
Glen Dale,1
Glen Elder,73
GLEN ELDER,1
Glendale,11
GLENDALE,2
Glenpool,1
Glenside,2
Glenview,2
Glenwood,3
Gloucester,2
Goddard,454
Godfrey,1
Goesel,1
Goessel,313
Goff,50
Gold Canyon,1
Golden,12
Golden City,1
Golden Valley,2
Goldsboro,3
Goleta,1
Goodfellow Afb,1
Goodland,305
Goodwell,4
GOODWELL,1
Goodyear,1
Goose Creek,3
Gorham,290
Goshen,4
GOTHENBURG,1
Gottenburg,1
Gouverneur,1
Gove,70
Gove City,1
Graham,3
Grain,1
Grain Valley,6
GRAIN VALLEY,1
Grainfield,187
Grambling,1
Granbury,2
Granby,3
Grand Forks,7
Grand Forks Afb,1
Grand Forks AFB,3
Grand Island,2
GRAND ISLAND,1
GRAND JCT,1
Grand Junction,2
GRAND JUNCTION,1
Grand Lake,3
Grand Prairie,5
Grand Rapids,6
GRAND RAPIDS,1
Grand Ridge,1
Grandbury,1
Grandview,16
Grandview Plaza,2
Granger,1
GRANITE FALLS,1
Grantville,53
Granville,1
Gravois Mills,4
Grayslake,1
Grear Bend,1
Great Bend,395
GREAT BEND,2
Great Falls,4
GREAT FALLS,1
Great Lakes,6
Great Neck,1
Greeley,194
Green,55
Green Bay,2
Green Cove Spgs,1
Green Cove Springs,2
Green CV Spgs,1
Green Forest,1
Green Mtn FLS,1
Green Valley,4
"Green,",1
Greenbrier,2
Greencastle,1
Greenleaf,43
Greensboro,6
Greensburg,41
Greenville,7
GREENVILLE,1
Greenwich,2
Greenwood,4
GREENWOOD,1
Greer,1
Grenola,57
Gresham,2
Gretna,2
Gridley,98
Grinnell,236
Groton,6
Grove,9
GROVE,1
Grove City,3
Groveland,1
Groves,1
Grovetown,2
Gueda Springs,1
Gulf Breeze,2
Gulfport,3
GULFPORT,1
Gunnison,4
Gurnee,1
Guthrie,5
Guymon,3
GUYMON,1
Gypsum,164
Hacienda Heights,1
Haddam,22
Hagerstown,1
Haleiwa,1
Halethorpe,1
Hallandale Beach,1
Halstead,70
HALSTEAD,1
Hamilton,204
Hammond,1
Hampon,1
Hampstead,2
Hampton,14
Hamtilon,1
Hanford,4
Hannibal,3
Hanover,92
HANOVER,1
Hanscom Afb,1
Hanston,60
Happy Valley,2
Hardtner,138
Hardy,9
Harker Heights,5
Harker Hts,1
Harlingen,1
Harper,114
Harrah,2
Harrisburg,3
Harrison,1
Harrisonburg,6
harrisonville,1
Harrisonville,2
Harrisville,2
Hartford,77
Hartville,1
Harvest,1
Harvey,1
Harveyville,93
Haslet,1
Hasting,1
Hastings,7
Hattiesburg,1
Haughton,1
Havana,61
Havelock,2
Haven,252
Haven Ks,2
Havensville,27
Haviland,169
HaWARDEN,1
Hawthorne,1
HAWTHORNE,1
Hay,1
Hayden,2
Hayes,4
Hays,838
HAYS,2
Haysville,153
Hayward,1
Hazard,1
Hazelton,81
HAZELTON,1
Headland,1
Healy,106
Hebron,1
Heizer,1
Hempstead,1
Henderson,4
Hendersonville,1
Hephzibah,2
Hepler,50
Herington,221
HERLONG,1
Hermiston,1
Hermitage,1
Hernando,1
Herndon,119
Herriman,1
Herrington,1
Hesston,127
Hialeah,1
Hiawat,1
Hiawatha,101
Hichory,1
Hickory,1
Higginsville,1
High Point,1
Highland,181
Highland Park,1
Highlands Ranch,2
Hightstown,1
Highwood,1
Hill Afb,2
Hill AFB,1
Hill Cit,1
Hill City,444
Hilliard,1
Hillsboro,93
Hillsdale,6
Hillsville,1
Hilo,1
Hinesville,3
Hinton,1
Hobbs,1
Hoboken,4
Hoffman Estates,1
Hogoton,1
Hoisington,116
Hoisinton,1
Hoistington,1
Holcomb,552
HOLCOMB,1
Holden,2
Holdredge,1
Holdrege,1
HOLDREGE,1
Holland,1
Hollister,4
HoLLISTER,1
Holloman Afb,5
Holly,1
Holly Ridge,1
Hollywood,2
Holt,1
Holton,149
Holy Cross,1
Holyrood,151
Home,2
Homer Glen,1
Homestead,2
Homewood,1
Hominy,1
Hong Kong,1
Honolulu,15
Hood River,1
Hooker,1
Hookerton,1
Hope,141
HOPE,1
Hope Mills,1
Hopewell,1
Hopkins,1
Hopkinsville,2
Hopkinton,1
Hopland,1
Horace,15
Hordville,1
Horizon City,1
Hororn,1
Horton,80
Hot Springs,4
Hotchkiss,1
Houghton,1
Houma,1
houston,1
Houston,41
HOUSTON,1
Howard,219
Howell,1
Hoxie,1263
Hoyt,143
Huber Heights,2
Hubert,1
Huchinson,1
Hudson,34
Hugo,1
Hugoton,1203
Humboldr,1
Humboldt,75
Humbolt,1
Hume,1
Hunnewell,1
Hunter,45
Huntington,3
Huntingtown,2
Huntsville,3
Huntsvillle,1
Hurlburt Field,2
Huron,1
Hutchinson,737
HuTCHINSON,2
HUTCHINSON,2
Hutchinson Ks,2
Hutchison,1
Hyattsville,1
Hyde Park,3
Ichita,1
Idaho Falls,3
Immokalee,1
Imperial,1
Imperial Beach,2
Independce,1
Independence,401
Indian Head,1
Indianapolis,9
INDIANAPOLIS,2
Indianola,3
Ingalls,243
Ingalls Ks,1
Inglewood,2
Ingram,1
Inman,453
Inverness,1
Iola,491
IOLA,1
Iowa,2
Iowa City,14
Ireland,1
Irmo,4
Irons,1
IRONWOOD,1
Irvine,2
Irving,15
Isabel,91
Isle,1
Issaquah,1
Ithaca,7
Iuka,55
Ivins,1
Jackson,6
Jacksonville,49
JACKSONVILLE,2
Jacksonville Be,1
Jamaica,2
Jamaica Plain,3
Jamestown,69
Japan,1
JASPER,2
Jay,3
Jb Andrews,1
JB Andrews,4
Jb Mdl,1
JB MDL,2
Jbab,1
Jber,2
Jblm,2
JBLM,1
Jbphh,1
JBSA Ft. Sam Houston,1
Jbsa Lackland,2
Jean,1
Jefferson,2
Jefferson City,6
Jefferson Hills,1
Jeffersonville,1
Jenks,6
Jennings,138
Jersey City,3
Jetmore,239
Jetmroe,1
Jewell,129
Johns Island,1
Johnson,897
JOHNSON,3
Johnson City,9
Johnsonville,1
JOHNSTON,1
Johnstown,3
Joint Base Mdl,2
Joliet,1
Jonesboro,2
Jonesville,1
joplin,3
Joplin,89
JOPLIN,4
Joppa,1
Jordan,2
Junc City,1
Junct City,1
Junction,5
Junction City,487
JUNCTION CITY,1
Junction City Ks,1
Juncton City,1
Juniata,1
Junv City,1
Justin,1
Kailua,10
Kalaheo,1
Kalamazoo,4
Kaliua,1
Kalvesta,3
Kamas,1
KANAB,1
Kaneohe,4
Kaneohe Bay,1
Kanoehe,1
Kanopolis,164
Kanorado,54
Kansas,2
kansas city,4
Kansas city,4
Kansas City,1927
Kansas CIty,3
KANSAS CITY,12
Kansas City Kansas,1
Kansas Coty,1
Kapolei,6
Katy,6
Kaufman,1
Kaw City,1
Kcmo,1
Kearney,18
KEARNEY,2
Kechi,155
Keene,2
Keesler Afb,1
Keller,4
Kelly,1
Kemah,1
Kendall,99
Kenilworth,1
Kenmore,2
Kenner,1
Kennesaw,4
Kenosha,1
Kensington,117
Kent,4
Kerrville,1
Ketchum,2
Kew Gardens,1
Key Largo,1
Key West,1
Keyes,1
Ki,1
Kila,1
Kilauea,1
Kileen,1
Kilgore,1
Killeen,5
Kimberling City,4
Kimberling Cy,1
Kincaid,56
King of Prussia,1
kingman,1
Kingman,1081
KINGMAN,2
Kings Point,3
Kingsdown,5
Kingsland,2
KINGSPORT,1
Kingston,1
Kingwood,1
KINGWOOD,1
kinsley,1
Kinsley,59
KINSLEY,1
Kioiwa,1
Kiowa,640
KIOWA,8
Kirbyville,1
Kirkland,1
kirksville,1
Kirksville,11
Kirkwood,2
Kirwin,75
Kismet,178
Kissee Mills,1
Kissimmee,1
Kit Carson,1
Knightdale,1
Knob Noster,4
Knoxville,6
Kokomo,1
Kopperl,1
Krebs,1
Krems Austria,1
ks,1
La Crosse,39
La Cygne,249
La Grange Park,1
La Grangeville,1
La Habra,1
La Harpe,23
La Jolla,2
La Junta,1
La Mesa,1
La Mirada,1
La Motte,1
La Pine,1
La Plata,2
La Pointe,1
La Quinta,3
La Salle,3
la valle,1
La Vista,2
Lacey,4
Laconia,1
Lacross,1
LaCross,1
Lacrosse,8
LaCrosse,353
Lacygne,62
Ladson,3
Lady Lake,1
Lafayette,8
LAFAYETTE,1
Lagrange,1
LaGrange,1
Laharpe,3
LaJunta,1
Lake Andes,1
Lake Charles,1
Lake City,65
LAKE CITY,2
Lake Forest,1
Lake Forest Park,1
Lake Lotawana,2
Lake Oswego,2
Lake Quivira,2
Lake St Louis,2
LAKE ST LOUIS,1
Lake Winnebago,2
Lake Worth,2
Lake Worth Beach,1
Lakehills,1
Lakehurst,1
Lakeland,2
Lakeview,1
Lakeville,1
Lakew,1
Lakewood,31
Lakewood Ranch,1
LakeWOOD RCH,1
Lakim,1
lakin,1
Lakin,1588
LAKIN,15
Lakinield,1
Lamant,1
Lamar,5
LAMAR,1
Lamarque,1
Lamberton,1
Lamoni,2
lamont,1
Lamont,11
Lampasas,1
Lampe,2
Lancaster,123
Lancaster Ks,3
Landers,1
Landisburg,1
Landover,1
Lane,44
Lanett,1
Langdon,1
Langley,1
Langston,1
Lansing,218
"Lansing, Ks",1
Lantana,1
Laporte,1
Laquey,1
Laramie,5
Laredo,2
Largo,1
larned,1
Larned,153
Las Animas,1
Las Cruces,1
Las Cuces,1
Las Vegas,19
Lasalle,1
Latham,31
Latimer,1
Laughlin,1
Laurel,1
Laveen,1
Laverne,2
LaVista,2
Law,2
Lawerence,5
Lawernce,1
Lawre,1
lawrence,1
Lawrence,1609
LaWRENCE,1
LAWRENCE,3
Lawrence Township,1
"Lawrence, Ks",1
Lawrencville,1
Lawton,12
Layton,3
Le Claire,1
Le Mars,1
Le Roy,193
Leachville,1
Leadville,1
League City,3
Leander,1
Leavenwirth,1
Leavenworth,571
Leavenwoth,1
Leavewnorth,2
Leavonworth,1
Leavwnworth,1
Leawood,126
LEAWOOD,1
Lebanon,35
Lebo,269
LEBO,2
Leclaire,1
LeClaire,1
Lecompton,173
Ledyard,2
Lee's Summit,14
Lee Summit,7
Lees summit,1
Lees Summit,29
LeES SUMMIT,1
Leesburg,1
Leessummit,1
Leesville,3
Legue City,1
Lehi,1
Lehigh,58
Lehigh Acres,1
Leicester,1
Leland,2
Lemon Grove,1
Lemoore,2
Lemoore Nas,1
Lenexa,359
LENEXA,1
Lenora,181
LENORA,1
Lenox,1
Leon,212
Leona,1
Leonardville,131
Leonra,1
Leoti,519
Leroy,19
LeRoy,10
LEROY,2
Lesington,1
Levan,1
Levant,14
Lewis,123
LEWIS,1
Lewis McChord,1
Lewisham,1
Lewiston,1
Lewisville,3
Lexington,14
Lexington Park,1
Libe,1
Libeal,1
Libera,1
Liberal,1034
LIBERAL,2
Liberal Ks,2
Liberty,96
Libertyville,1
Librral,1
Liebenthal,11
"Liege, liege",1
Lilburn,2
Lillian,1
Lima,2
Limon,2
Linbdsborg,1
Lincokn,1
Lincoln,509
LINCOLN,5
Lincoln Park,1
Lincolnton,1
Lincolnville,98
Linden,1
Lindenhurst,1
Lindsborg,158
Linn,67
Linn Creek,2
Linn Valley,26
Linwood,176
Litchfield,2
Litchfield Park,1
Little Riv,1
Little River,238
Little Rock,5
Little Rock Afb,1
Littlefork,1
Littleton,10
LITTLETON,1
Livermore,1
Livingston,8
LIVINGSTON,1
Lk Nebagamon,1
Lockport,1
Locton,1
Locust Grove,1
Lodi,1
Logan,236
Logansport,1
Loganville,2
LOGANVILLE,2
Lohrville,1
Loma Linda,1
Lompoc,1
Lone jack,1
Lone Jack,2
Lone Tree,2
Long Beach,1
Long Island,26
Long Island Cit,1
Long Island City,1
Longford,53
Longmont,5
Longton,69
Longview,2
Lonoke,1
loraine,1
Lorena,3
Lorraine,4
Lorton,4
Los Alamos,1
Los Angeles,65
Lost Springs,23
Loudon,1
Louisa,1
Louisburg,643
Louisville,8
Lousiburg,2
loveland,1
Loveland,5
Lovington,1
Lowell,1
Lubbock,11
Lucas,234
Ludell,96
Ludowici,2
Luke Afb,2
Luray,139
Lutz,1
Lynchburg,8
Lyndhurst,1
Lyndon,280
Lynn,1
Lynn Haven,1
Lynnwood,2
Lyons,174
MaBLETON,1
Machias,1
Macksville,107
MacKsville,55
MacKsville Ks,1
Macomb,1
MacOmb,1
Madison,607
Magnolia,2
Mahaska,8
Mahattan,3
Mahnattan,1
Mahomet,1
Maitland,1
Maize,324
Makawao,2
Malden,1
Malibu,2
Malvern,1
Mamaroneck,1
Man,1
Manahattan,1
Manassas,1
Manchester,7
Manh,1
Manha,2
Manhatta,1
manhattan,3
Manhattan,2111
ManHATTAN,1
MAnhattan,1
MANHATTAN,6
Manhattan Ks,1
Manhatten,8
Manitoba,1
Manitou Springs,1
Mankato,64
MANKATO,1
Mannford,1
Manning,1
Manokotak,1
Manor,2
Mansfield,3
Manter,121
Maple Hill,201
Maple Park,1
Mapleton,30
Maplewood,1
Marana,2
Marathon Key,2
Marco Island,1
Margate,1
Maricopa,4
Marienthal,14
Marietta,2
Marion,109
MARION,2
Marlboro,1
Marlborough,1
Marlton,2
Marquette,268
Marqutte,1
Marrero,1
Marriottsville,2
Marshall,1
Marshalltown,1
Mary Esther,1
Maryland Heights,2
Marysville,122
Maryville,22
Mashpee,1
Massena,1
Matfield Green,7
Maumelle,1
Maya Vista,1
Mayetta,139
Mayfield,15
Maysville,1
MAYVIEW,1
mc cook,1
Mc Cracken,1
Mc Cune,15
Mc Donald,18
Mc Farland,12
Mc Lean,1
Mc Louth,256
McAs Cherry Poi,1
McCall,2
McCalla,1
McChord Afb,1
McChord AFB,1
McCleary,2
McCook,3
McCOOK,1
MCCOOK,1
McCool Jct,1
Mccracken,1
McCracken,56
Mccune,48
McCune,33
McDonald,164
Mcfarland,77
McFarland,30
McHenry,1
McKinney,6
McLean,1
Mclouth,15
McLouth,69
McPerson,1
Mcpherson,3
McPherson,253
Mead,2
Meade,1375
Meadville,1
Mebane,1
Medcine Ldg,1
Medford,5
Medical Lake,1
Medicine Ldg,1319
MEDICINE LDG,2
Medicine Lodge,62
MEDICINE LODGE,11
Medora,1
MEGARGEL,1
Melbourne,3
Melissa,1
Melvern,74
Memphis,21
Menifee,1
Menlo,10
Menlo Park,2
Mer,1
MERCEDES,1
Meri,1
Meriden,280
Meridian,1
Meridien,1
Merna,1
Merriam,30
Merrimack,1
Mesa,14
MESA,2
Mesquite,3
Metairie,3
Miami,21
MIAMI,4
Middle River,1
Middleboro,2
Middleburg,2
Middlebury,1
Middlefield,1
Middleton,4
Middletown,4
Midland,6
Midlothian,1
Midway Park,1
Midwest City,3
Milan,1
Milbridge,1
Miles City,1
Milfod,1
Milford,214
MIlford,1
Mililani,3
Milkwaukee,1
Mill Creek,1
Millersville,2
Millington,3
Millville,1
Milton,30
Miltonvale,69
Milwaukee,15
Mimbres,1
Minden,1
Minneapolis,134
Minneola,572
MINNEOLA,5
Minnepolis,1
Minnetonka,1
Minot,7
Minot Afb,2
Miramar Beach,4
Mission,159
MiSSION,1
MISSION,1
Mission Hills,8
Mission Viejo,1
Missoula,4
Missouri City,3
Moab,1
Moberly,1
Mobile,4
Mobridge,1
Modesto,1
Modoc,1
Moffat,1
Moline,109
Mongomery,1
Monroe,2
Monrovia,2
Monterey,5
Montery,1
Montevallo,2
Montevideo,1
Montezuma,422
Montgomery,2
Montverde,1
Monument,1
Moody Afb,1
Moore,9
Moran,71
Morehead,1
Morgan Hill,1
Morgantown,8
Morganville,59
Morland,111
Morrill,23
Morrilton,1
Morris,2
Morrison,2
Morrisville,2
Morrowville,43
Morton,1
Moscow,198
Moses Lake,1
Moss Bluff,1
Mound,1
Mound City,144
Mound Valley,87
Moundridge,351
MOUNDRIDGE,1
Mount Carmel,1
Mount E,1
Mount Holly,1
Mount Holly Springs,1
Mount Hope,204
Mount Hope Ks,1
Mount Pleasant,1
Mount Prospect,1
Mount Vernon,1
Mountain Home,2
Mountain View,2
Mountainair,2
Mountainhomeafb,1
Moville,1
Mt,1
Mt Carmel,1
Mt Hope,13
Mt. Hope,2
Mt. Prospect,1
Mucie,1
Mukwonago,1
Mul,1
Mulberry,67
Mulbery,1
Muleshoe,1
Mullett Lake,1
Mullinville,84
Mulvane,146
MULVANE,1
Munden,69
Murdo,1
Murdock,102
"Murdock,",6
Murfreesboro,2
Murleta Riverside,1
Murray,1
Murrieta,1
Muscotah,37
MUSKEGON,1
Muskogee,3
MuSKOGEE,1
Mustang,1
MUSTANG,1
Myrtle Creek,1
N Charleston,4
N Las Vegas,2
N Newton,2
N. Charleston,1
N. Montana Township,6
Nacogdoches,2
Napa,1
Naperville,5
Naples,6
Narka,52
Narvik,1
NAS JRB,1
Nashbille,1
Nashville,140
Natchitoches,1
Natick,1
National City,1
Natoma,73
Neal,34
Needham,1
Nekoma,3
Nellis AFB,1
Neodesha,152
Neosho,8
NEOSHO,2
Neosho Falls,2
Neosho Rapids,50
Ness City,183
Netawaka,6
Nevada,5
New Albany,1
New Almelo,12
New Bern,3
New Blaine,2
New Braunfels,2
New Cambria,21
New Carlisle,1
New Haven,10
New London,2
New Market,1
New Orleans,28
New Orleons,1
New Palestine,2
New Port Richey,1
New Smyrna,1
New Strawn,29
New Town,1
New Windsor,1
New York,105
New YORK,1
New York City,11
New York Mills,1
"New York, Ny",1
Newalla,1
Newark,3
Newberg,1
Newberry Springs,1
Newburgh,1
Newbury Park,1
Newcastle,1
Newhall,1
Newkirk,2
Newport,6
Newport Beach,3
NEWPORT BEACH,1
Newport News,7
Newton,213
Newton Center,1
Nibley,1
Niceville,1
Nicholasville,1
Nickerson,195
Nickerson Ks,33
"Nickerson, Kansas",1
Niles,1
Niotaze,62
Nixa,2
Noel,1
Nor,1
Nora Springs,1
Norcatur,145
NORCATUR,1
Norcross,1
NORCROSS,1
Norfold,1
Norfolk,24
NORFOLK,2
Normal,3
Norman,50
North Beach,2
North Bend,1
North Bethesda,1
North Bridgton,1
North Canton,1
North Charlesto,1
North Charleston,1
North Chesterfield,1
North Chicago,2
North Hampton,1
North Hollywood,5
North Jackson,1
North Kansas City,5
North Las Vegas,2
North MANCHESTR,1
North Montana Township,1
North Newton,245
North Oaks,1
North Platte,4
"North Platte, NE",2
North Richland,1
North Salt Lake,1
Northfield,7
Northglenn,1
NORTHGLENN,1
NorthPlatte,2
Northport,1
Northridge,1
Nortno,2
Norton,1208
NORTON,1
Nortonville,147
Norway,4
NORWAY,2
Norwich,269
Notre Dame,17
Nottingham,1
Nowata,3
NOWATA,1
NSB Silverdale,1
NSW Australia,1
O'Fallon,2
O Fallen,1
O Fallon,1
Oak Creek,1
Oak Grove,3
Oak GROVE,1
Oak Harbor,13
Oak Park,1
Oakdale,4
Oakland,2
Oakley,149
Oberlin,444
OBERLIN,2
Ocala,2
Occoquan,1
Ocean Side,1
Oceanside,18
OCEANSIDE,1
Odenton,1
Odessa,4
Ofallon,1
Offerle,7
Offutt A F B,1
Offutt Afb,4
Ogallah,1
Ogde,1
Ogden,825
Oilton,2
Oketo,25
Oklahoma,3
Oklahoma City,65
OKLAHOMA CITY,1
Olathe,623
OLATHE,1
Old Town,1
Olmitz,48
Olpe,190
Olsburg,121
Olsburg Kansas,1
Olympia,5
Olympia Fields,1
omaha,1
Omaha,90
OMAHA,2
Onaga,177
Oneida,1
Oneonta,1
OOLOGAH,1
Ooltewah,1
Opelika,1
Opo,1
Opolis,64
OPOLIS,1
Orange,3
Orange City,3
Ord,1
Orem,7
Orlando,15
Orleans,2
Orono,1
Oronogo,2
ORONOGO,1
Oroville,1
Osage,1
Osage Beach,2
Osage City,134
Osage Coty,2
Osawatomie,413
Osborne,92
Oshkosh,1
Oskaloosa,270
Oswego,68
Otis,168
OTIS,1
Ottawa,323
Oveido,1
Overaland Park,1
Overbrook,262
Overland,3
Overland Park,1098
OVERLAND PARK,1
"Overland Park, Ks",1
Overlandpark,1
Overlland Park,1
Overton,1
Oviedo,2
Owasso,7
OWASSO,1
Owensboro,2
Oxford,416
OXFORD,1
Oxnard,3
Ozark,5
Ozawkie,75
Pacific Grove,3
Pactrick Afb,1
Page,1
Pahoai,1
Pahrump,1
Palatine,1
Palco,145
PALCO,1
Palestine,1
Palm Beach Gardens,1
Palm Springs,1
Palmer,32
PALMER,1
Palmetto,2
Palmyra,1
Palo Alto,4
Palo Pinto,1
Palos Park,1
Pampa,1
Panama City,2
Paola,706
Papillion,10
Paradise,47
Paradise Valley,1
Parairie Village,1
Paraons,1
Paris,2
ParIS,1
Park,30
Park City,27
Park Hill,1
Park Hills,1
Park Ridge,1
Parker,64
Parker Dam,1
Parkerfield,1
Parkton,1
Parkville,15
Parlin,1
PARLIN,1
Parma,1
Parsons,273
Part,1
Partridge,85
Partridge Ks,3
Pasadena,4
Patterson,1
PATTONSBURG,1
Pauline,2
Pawhuska,1
Pawnee City,1
Pawnee Rock,113
Pawneerock,1
Paxico,116
PAXICO,1
Payson,2
Payton,1
Pea Ridge,1
Peabody,57
Peachtree Corners,1
Pearcy,1
Pearl City,5
Pearland,4
Pechtree city,1
Peck,86
Peculiar,7
Pella,1
Pemberton,1
Pembroke Pines,1
Penalosa,18
Pennsville,1
Penokee,45
Pensacol,1
Pensacola,11
Peoria,4
Peotone,1
Perkins,1
Perry,370
Perryton,1
Peru,58
Petal,1
Peyton,4
PEYTON,1
Pfeifer,7
Pflugerville,3
Phelps,1
Phenix City,3
Pheonix,2
Philadelphia,11
Phillipsburg,161
Phillipsburh,1
PHILPOT,2
Phoenix,33
PHOENIX,1
Picacho,1
Pickville,1
Piedmont,41
Pierce City,1
PIERCE CITY,1
Pierceville,7
Pierre,3
Pike Road,1
Pikesville,1
Pikeville,1
Pinceton,1
Pine Grove,2
Pinedale,1
Pinehurst,1
Pinellas Park,1
Pineville,1
Pingree Grove,1
Pinnacle,1
Pinon,1
Piqua,4
Piscataway,1
Pismo Beach,1
Pitsburg,1
Pittburg,1
Pittburgh,1
Pitts,2
Pittsburg,714
PITTSBURG,2
Pittsburg Ks,1
"Pittsburg,",2
Pittsburgh,7
Pittsfield,1
Plainfield,1
Plains,718
Plainview,1
Plainville,110
PLAINVILLE,1
Plano,6
Plaquemine,1
Plato,1
Platte,1
Platte City,13
Platteville,1
Plattsmouth,1
Pleasant Grove,1
Pleasant Hill,2
Pleasant View,1
Pleasant Vly,1
PLEASANT VLY,1
Pleasanton,297
Pleasonton,1
Plevna,6
Plymouth,1
Pocatello,1
Point Lookout,18
POINT LOOKOUT,1
Pomona,107
Ponca,1
Ponca City,5
Ponco City,1
Ponder,1
Pooler,4
Pope Army Airfield,1
Poquoson,1
Port Angeles,1
Port Aransas,3
Port Bolivar,1
Port Charlotte,2
Port Hueneme,3
Port Huron,1
Port Orange,2
Port Orchard,5
Port St Lucie,1
Porte Vedva Beach,1
Portis,61
Portland,23
Portsmouth,12
Post,1
Post Falls,1
Potomac,1
Potter,1
Pottstown,1
Potwin,158
POUGHKEEPSIE,1
Poulsbo,1
Poway,1
Powell,1
Powhattan,40
Prairie,1
Prairie Grove,1
Prairie View,30
PRAIRIE VIEW,1
Prairie Village,123
"Prairie Village, Ks",1
Prairie Vlg,1
Prairieville,2
Prarie Village,1
Pratt,251
Prescott,45
PRESCOTT VALLEY,1
Presque Isle,1
Prest,1
Preston,5
Pretty Praire,1
Pretty Prairie,212
Prewitt,1
Priarieville,1
Price,1
Prince George,1
Princeton,122
"Princeton, Ks",1
Prineville,1
Prospect,1
Prosper,2
Protection,386
PROTECTION,1
Providence,12
Provo,43
PROVO,1
Pryor,6
Pt pleasant,1
Pt Pleasant,1
Pueblo,7
Pumuna,1
Purcell,3
Purcellville,1
Purchase,2
Puyallup,1
Quantico,5
Quapaw,9
QUAPAW,2
Queen Creek,2
Queens,2
Quenemo,121
Quincy,6
Quinlan,1
Quinter,311
QUINTON,1
Racine,1
RACINE,1
Radcliff,1
Radium,6
Raeford,1
Rago,45
Rainier,2
Raleigh,5
Ramona,32
Rancho Cordova,3
Rancho Cucamonga,2
Randall,11
Randolph,52
Ransom,106
Ranto,1
Rantoul,79
Rapid City,5
RapidCity,1
Rawlins,1
Raymond,44
Raymondville,1
Raymore,9
Raynesford,1
Raytown,17
Reading,35
Red Oak,1
Red River,1
Redding,1
Redfield,36
Redlands,1
Redondo Beach,1
Redwood Falls,1
Reedley,1
Reeds Spring,1
Remus,1
Reno,4
Renton,4
Republic,85
Rexburg,15
Rexford,146
Richamond,1
Richardson,6
Richfield,98
Richlands,1
Richmond,148
Richmond Height,1
Richmond Hill,2
RICHMOND HILL,1
Richmons,1
Richond,1
Ridgecrest,1
Ridgedale,2
Ridgefield,2
Riley,131
Rio Hondo,1
Rio Rancho,4
Ripon,1
River Ridge,1
Riverbank,1
Riverside,8
Riverton,214
Riveton,1
Roach,1
Roanoke,1
Robbinsdale,1
Robbinsville,1
Robinson,92
Rochester,17
Rociada,2
Rock,6
Rock Island,1
ROckford,1
Rocklin,1
Rockport,1
Rockvale,1
Rockville,3
Rockwell,1
Roeland Park,24
Rogers,8
Roi-Namur,1
Rolla,398
Rome,1
Romeoville,3
Roosevelt,1
Rosalia,86
Roscommon,1
Rose Hill,348
Rose HIll,2
"Rose Hill, Ks",1
Rosehill,1
Rosemount,1
Roseville,4
Rosharon,2
Rossville,280
Round Rock,3
RoundRock,1
Roxbury,25
Roy,1
Royal Palmbeach,1
ROYALTON,1
Royse City,1
Rozel,78
Rumford,1
Rupert,2
Rusell,1
Rush Center,44
Rush Springs,1
Rushville,1
Russell,1888
RUSSELL,2
Russell Springs,1
"Russell,ks",1
Russelll,2
Rutland,1
S Coffeyville,4
S Hutchinson,9
Sabetha,91
Sablette,1
Saco,1
Sacramento,4
Saegertown,1
Safford,1
Saginaw,2
Saint Augustine,2
Saint Cloud,1
Saint Francis,114
Saint George,88
Saint John,13
Saint Joseph,13
SAINT JOSEPH,2
Saint Louis,27
Saint Louis Park,1
Saint Mary's,1
Saint Marys,53
Saint Paul,26
Saint Peters,1
Saint Petersburg,3
Saint Robert,4
Salado,1
Salem,10
Salida,1
Salina,589
SALINA,3
Salinas,4
Salt Lake City,17
SALT LAKE CITY,1
Sammamish,1
San Angelo,3
San Antonio,48
SAN ANTONIO,3
San Benito,1
San Bernardino,1
San Clemente,1
San Diego,69
San Fancisco,1
SAN FELIPE,1
San Francisco,14
San Jose,4
San Juan,1
San Luis Obispo,3
San Marcos,5
San Mateo,1
San Rafael,2
San Tan Valley,1
San Ysidro,2
Sandiego,1
Sandy,2
Sandy Springs,1
Sanford,8
SANFORD,2
Sanger,1
Santa Barbara,2
Santa Clara,4
Santa Clarita,3
Santa Cruz,4
Santa Fe,3
Santa Paula,1
Santa Rita,1
Santa Rosa,1
Santa Rosa Beach,1
Santana,1
Santee,1
Sapulpa,2
Saranac,1
Saranac Lake,1
Saranta,1
Sarasota,2
Saratoga Spring,1
Sarcoxie,1
Sargent,1
Sasakwa,1
Satana,1
Satanta,890
SATANTA,1
Satata,1
Satatna,3
Satellite Beach,1
Sault S Marie,1
Sault Ste Marie,2
Sautee Nacoochee,1
Savage,2
Savannah,16
Savonburg,3
Savoy,2
Sawyer,48
Scammon,117
Scandia,205
Schaumburg,1
Schertz,2
Schoenchen,69
Schuylkill Haven,1
Scott,1
Scott Afb,4
Scott AFB,1
Scott Air Force Base,1
Scott City,243
Scottsbluff,1
Scottsdale,7
Scottsville,1
Scranton,56
Scurry,1
Seabeck,1
Seabrook,1
Seaford,1
Seagoville,1
Seal Beach,1
Searcy,5
Seaside,1
Seattle,31
Sedalia,5
Sedan,94
Sedgwick,327
Seea,1
Seguin,1
Seiling,1
Selden,323
Select City,2
Semmes,1
Seneca,94
Seneca Ks,1
Sequim,1
Severn,2
Severy,167
Seward,9
SEWARD,1
Sewickley,1
Seymore,1
Shady Spring,1
Shakopee,1
Shanghai China,1
Shanwee,1
Sharon,251
SHARON,1
Sharon Spgs,11
Sharon Springs,342
Sharpsville,1
Shawnee,376
SHAWNEE,2
Shawnee Misison,1
Shawnee Mission,170
Shawnee Msn,3
Sheffield,1
Shelby TWp,1
Sheldon,1
Shell Knob,6
Sheppard Afb,3
Sheppard AFB,1
Sherburn,4
Sheridan,2
Sherman,2
SHERMAN,1
Sherman Oaks,5
Sherwood,1
Shiloh,1
Shiner,1
Shoreham,1
Shorewood,1
Shreveport,4
Shubuta,1
Sidney,1
Sierra Madre,1
Sierra Vista,2
Siloam Springs,21
Silver Lake,155
Silver Spring,2
Silverdale,1
Silverhill,1
Silverlake,2
SILVERTHORNE,1
Silverton,2
Simi Valley,1
Simpson,34
Sioux Center,4
Sioux City,2
Sioux Falls,8
SJAFB,1
Skiatook,3
Sloan Springs,1
Smith Center,58
SMITH CENTER,2
Smithville,2
Smolan,4
Smyrna,1
Sneads Ferry,7
Snell Knob,1
So. Euclid,1
Solana Beach,1
Soldier,15
Solebury,1
Solomon,182
Solon,3
Somerset,2
Somerville,7
Sour Lake,2
South Beach,1
South Bend,11
South Charleston,1
South Coffeyville,1
South Euclid,1
South Fork,3
South Hadley,3
South Haven,173
South Hutch,1
South Hutchinso,1
South Hutchinson,8
South Miami,1
South Orange,2
South Padre Island,2
South Royalton,1
Southern Pines,1
Southport,1
Southside,1
Spanaway,1
Spanish Fork,1
Spanish Fort,2
Sparks,1
Sparta,2
Spartanburg,2
Spartenburg,1
Spearville,307
Sperry,2
Spicer,1
Spicewood,2
Spingfield,1
Spivey,65
SPIVEY,1
Splendora,1
Spokane,6
Spring,7
Spring hill,1
Spring Hill,277
Spring Lake,5
Spring Valley,1
Springdale,6
Springerville,1
Springfield,64
SPRINGFIELD,2
St Augustine,1
St Augustine Beach,1
St Charles,1
St City,1
St Cloud,1
St Francis,567
St George,172
St Joesph,1
St John,114
St Joseph,4
St Louis,20
St marys,1
St Marys,185
St Paul,126
St Peters,1
St Thomas,1
St. Charles,2
St. Cloud,1
St. Francis,343
St. George,11
St. Helena,1
St. John,5
St. Joseph,5
St. Louis,33
ST. LOUIS,1
"St. Louis,",1
St. Marys,8
St. Paul,10
St.francis,1
St.george,2
St.john,1
St.marys,2
Stafford,103
Stafford Va,1
Stamford,3
Stanford,9
Stanley,6
Stanton,1
Stark,25
State College,4
State University,1
State Univrsity,1
Staten Island,2
Statesville,1
Steamboat Spr,1
Steamboat Springs,1
Stedman,1
Stephenville,1
Sterling,147
STERLING,1
Steubenville,1
Stevens Point,1
Still,1
Still Water,1
Stillwater,61
Stillwell,8
Stilwell,85
Stocktom,1
Stockton,107
Stone Mtn,1
Stone Mtn.,1
STONINGTON,1
Stony Brook,2
Stoughton,2
Stratton,2
Stromsburg,1
Strong City,169
STRONG CITY,1
Studio City,1
Studley,3
Stuttgart,5
Sublett,1
Sublette,1242
Subltte,2
Suffolk,6
Sugar Creek,1
Suglarland,1
Sulphur springs,1
Summerfield,51
Summers,1
Summerville,2
Sumter,2
Sun City,47
Sun City West,2
Sun Valley,1
SUNNYSIDE,1
Sunrise,1
Sunrise Beach,6
Superior,25
Surpai,1
Surprise,6
Sutton,1
Swannanoa,1
Swansea,2
Swarthmore,2
Sweeny,1
Sycamore,70
SYCAMORE,1
Sylvan Grove,160
Sylvester,2
Sylvia,102
Syracue,1
Syracuse,1157
SYRACUSE,1
Syracuse Ks,1
"Syracuse,",1
Syrocuse,1
T12TD4E,1
Tacoma,10
Tahelquah,1
Tahlequah,4
Talihina,1
Tallahassee,6
Talmage,46
Tamarac,2
Tampa,39
TANEYTOWN,1
Tarawa Terrace,1
Taylorsville,1
Taylorville,1
Tecumseh,48
Temecula,5
Temequla,1
Tempe,14
Temple,4
TEMPLE,1
Temple Terrace,1
Terre Haute,4
Terrell,2
Tescott,69
Thayer,97
Thayne,2
The Colony,3
The Villages,2
The Woodlands,1
Thornton,2
Thornwood,1
Timken,10
Tinley Park,1
Tipton,130
Tishomingo,1
Toccoa,2
Tokio,1
Toledo,1
Tom Bean,1
Tomah,1
Tomball,1
Toms River,1
Tonganoxie,500
Tongaxoxie,1
Tongienoxie,1
Tontitown,1
Tooele,1
top,1
Topeka,1315
TOPEKA,10
Topkea,3
Toronto,69
Towanda,406
Traverse City,1
Travis Afb,6
Travis AFB,1
Trenton,7
Tri,1
Triangle,1
Tribune,798
TRIBUNE,1
Trinity,1
Trout Lake,1
Troy,333
Tucker,1
Tucson,54
tulsa,1
Tulsa,49
TULSA,1
Tumwater,2
TUPELO,1
Turlock,1
Turon,169
Turpin,6
Tuscaloosa,14
Tuscon,1
Twenty Nine Pal,1
Twenty Nine Palms,1
Twentynin Plm,1
Twentynine Palms,1
Twin Falls,1
Twin lakes,1
Twinsburg,1
Tyler,1
TYLER,1
Tyngsboro,1
Tyro,121
Tyrone,2
Udall,78
UK,1
Ukiah,1
Ulysses,455
ULYSSES,2
Union,2
Union City,1
Uniontown,113
United Kingdom,1
Universal City,2
University City,3
University Park,1
Upland,1
Upper Marlboro,1
Upton,1
Urbana,8
Urbandale,2
Usaf Academy,7
USAF Academy,4
Usafa,1
USAFA,1
Utica,81
Vacaville,2
Vail,1
Valdosta,4
Valencia,1
VALLE DE ORO,1
Vallejo,1
Valley Center,132
Valley Falls,96
Valley Mills,2
Valley Park,1
Valley Village,2
Valparaiso,1
Van Buren,1
VAN BUREN,1
Van Nuys,2
vancouver,1
Vancouver,4
varna,1
Vashon,1
Vassar,40
Venice,2
Ventura,2
Vermilliom,1
Vermillion,18
VERMILLION,2
Vero Beach,2
Verona,1
Vestavia,1
Vichy,1
Victor,1
Victoria,352
VICTORIA,2
Victorville,1
Vidalia,1
Vienna,2
Viginia Beach,1
Villa Grove,1
Village Loch Loyd,1
Villanova,1
Vilonia,1
Vine Grove,2
Vineyard,1
Vinita,3
Viola,46
virgil,3
Virgil,77
Virginia Bch,1
Virginia Beach,37
Visalia,3
Vista,1
Vliets,1
Wa Keeney,51
Waco,25
WACO,1
Wadmalaw Island,1
Wahiawa,13
Waianae,1
WAIMEA,1
Waipahu,1
Wakarusa,17
Wakeeney,43
WaKeeney,1
"Wakeeney, Kansas",1
Wakeeny,1
Wakefield,241
WAKEFIELD,1
Walden,1
Waldo,26
Waldorf,4
Waldport,1
Waldron,2
Walker,3
Walla Walla,2
Wallace,5
Wallingford,1
Walls,1
Walnut,41
walsh,1
Walsh,2
Waltham,3
Walton,129
Wamego,659
Wamgeo,1
Wann,1
Warm Springs,1
Warner Ribons,1
Warner Robins,2
Warners,1
Warrens,1
Warrensburg,23
Warrenton,2
Warrenville,2
Warsaw,5
Washington,122
WASHINGTON,2
Washington Dc,2
Washington Grove,1
"Washington, D.c.",1
Wasilla,1
Wasington,1
Watauga,1
Waterford,1
Waterloo,1
Watertown,3
WATERTOWN,1
"Watertown, Ny",1
Waterville,207
Watford City,2
Wathena,528
Waukee,1
Waukegan,1
Waukesha,2
Waverly,172
WAVERLY,1
Waxahachie,3
Wayne,1
WAYNE,1
Waynesboro,1
Waynesville,1
Waynoka,1
Weatherby,1
Weatherby Lake,1
Weatherford,4
Weaverville,2
Webb City,15
Webber,8
WEBBER,1
Weir,202
Weiser,1
Welch,1
Welda,63
Wellesley,1
Wellesley Hills,1
Wellington,341
Wells,1
Wellsville,290
Wellsvlle,1
Wellville,1
Wenham,2
Wentzville,2
Wernersville,1
Weskan,32
Weslaco,3
West Fargo,1
West Fork,1
West Glacier,4
West Hartford,2
West Haven,2
West Hollywood,4
West Jordan,1
West Lafayette,24
West Melbourne,1
West Memphis,1
West Mineral,112
West New York,1
West Orange,1
West Palm Beach,1
West Plains,1
West point,1
West Point,11
West St. Paul,1
West Yellowstone,1
Westchester,2
westcliffe,1
Westcliffe,2
Westerville,2
Westfall,4
Westminster,6
Westmoreland,333
"Westmoreland, Ks",1
Weston,3
Westphalia,34
Westport,2
Westwood,11
Westwood Hills,2
Wetmoe,1
Wetmore,71
Wetumpka,2
Wharton,1
Wheat Ridge,3
Wheatland,1
Wheaton,8
Wheatridge,2
Wheeler,10
Wheeling,1
White City,439
White Cloud,58
White Hall,1
WHITE PINE,1
White Sands,1
White Springs,1
Whiteman Afb,1
Whiteman Air Force Base,2
Whitesboro,1
Whitewater,230
Whiting,49
Whitmore Lake,1
Whittier,1
Wichiat,1
Wichiita,1
wichita,2
Wichita,3415
WiCHITA,1
WICHITA,7
Wichita Falls,4
WICHITA FALLS,1
Wichita Ks.67220,1
"Wichita, Ks",1
"Wichita,ks",1
Wichta,2
Wildesood Crest,1
Wildwood,1
Wildwood Crest,1
Wilkes Barre,1
Willamsburg,1
Willard,3
Williams Bay,1
Williamsburg,162
WILLIAMSBURG,1
Willilamstown,1
Willington,1
Wilmington,9
Wilmont,1
Wilmore,78
Wilmot,1
Wilsey,146
Wilson,363
WILSON,1
Wilsonville,4
Winamac,1
Winchester,180
Windom,60
Windsor,2
WINDSOR,1
Windsor Heights,1
Winfield,278
Winfild,1
Wingate,1
Winnemucca,2
Winnetka,1
Winnsboro,1
Winona,151
Winston-Salem,3
Winston Salem,3
Winter Garden,6
Winter Haven,1
Winter Park,2
Winter Springs,1
Winton,1
Wood River,1
Woodbine,111
Woodbridge,8
WOODBRIDGE,1
WOODLAND,1
Woodland Hills,2
Woodrow,1
Woodside,3
Woodstock,2
Woodston,11
Woodward,2
Wooster,1
Worcester,1
"Worcester,",1
Worsaw,1
Worthington,1
Wright,88
Wyandanch,1
WYANDOTTE,1
Wymore,4
Wyncote,1
Wytheville,1
Xenia,1
Yachats,2
Yarnell,1
Yates Center,87
Ye,1
Yelm,1
Yoder,44
York,3
Yorktown,2
Ypsilanti,4
Yuba City,3
Yucca Valley,2
Yukon,12
Yuma,8
Zenda,68
Zephyrhills,1
Zion,1
Zionsville,1
Zurich,5
