text_mail_zip5,Count
,1866477
.,1
],1
`,1
0,1
0004,1
00152,1
0043,1
00803,1
00830,1
0085,1
00918,1
00961,1
01002,3
01003,1
01020,1
01022,1
01027,1
01063,1
01075,3
01267,1
01440,1
0157,1
01606,1
01609,1
01731,1
01748,1
01752,1
01760,1
01879,1
01901,1
01984,2
02035,1
02072,1
02109,1
02112,1
02113,1
02114,1
02115,5
02116,1
02118,1
02119,1
02120,4
02124,1
02125,2
02130,3
02134,4
02135,5
02136,1
02138,9
02139,10
02141,2
02143,3
02144,4
02155,3
02170,2
02210,1
02215,11
02302,1
02346,2
02360,1
02445,2
02451,2
02453,1
02457,2
02459,1
02467,5
02481,1
02492,1
02540,1
02649,1
02721,1
02809,1
02840,2
02841,1
02842,1
02864,1
02903,1
02905,1
02906,3
02908,1
02909,2
02912,4
02918,1
03052,1
03054,1
03103,1
03104,2
03246,1
03257,1
03263,1
03287,1
0342,1
03431,1
03435,1
03755,1
03801,1
03802,1
03841,1
04011,1
04057,1
04072,1
04276,1
04429,1
04461,1
04468,1
04473,1
0453,1
04654,1
04658,1
0466,1
04769,1
0487,1
05068,1
05401,1
05405,2
05661,1
05701,1
05733,1
05753,1
05770,1
06095,1
06106,1
06119,2
06248,1
06320,1
06339,1
06340,6
06370,2
06385,1
06405,1
06423,1
06457,2
06460,1
06492,1
06511,8
06512,1
06520,2
06783,1
06890,1
06901,1
07002,1
07030,4
07035,1
07040,1
07052,1
07071,1
07079,2
07093,1
07102,1
07302,1
07304,1
07306,1
07502,1
07626,1
07746,1
07762,1
07826,1
07832,1
07922,1
07931,1
07940,1
08007,1
08015,1
08016,1
08053,2
08060,2
08068,1
08070,1
08079,1
0821,1
08260,2
08302,1
08515,1
08520,1
08544,1
08618,1
08619,1
08641,5
08648,1
08709,1
08733,1
08753,1
08854,1
08859,1
08865,1
08873,2
08904,1
09009,4
09012,10
09015,1
09021,2
09034,1
09046,2
09075,1
09096,12
09098,1
09102,1
09112,5
09114,9
09123,3
09142,5
09173,1
09180,3
09182,1
09227,3
09250,2
09305,1
09309,2
09338,1
09363,1
09366,2
09392,1
09393,2
09459,3
09464,3
09469,1
09603,2
09606,3
09613,1
09618,1
09627,1
09630,3
09705,1
09722,1
09724,1
09751,1
09752,2
09761,1
09777,1
09803,2
09824,1
09898,2
10001,5
10002,9
10003,6
10009,11
10010,4
10011,3
10012,5
10013,1
10014,5
10016,4
10017,3
10018,2
10019,1
10021,3
10022,4
10023,2
10024,4
10025,7
10026,1
10027,7
10028,1
10029,2
10030,3
10031,3
10032,8
10033,1
10034,1
10036,2
10038,4
10040,1
10065,1
10075,1
10128,3
10305,1
10310,1
10453,1
10463,1
10543,1
10577,2
10594,1
10708,1
10940,1
10996,1
10997,11
11024,3
11101,2
11103,2
11109,1
11201,3
11205,1
11206,5
11207,3
11209,1
11211,3
11213,1
11215,6
11216,6
11217,1
11221,11
11222,4
11223,1
11225,4
11226,3
11229,1
11233,1
11237,5
11238,8
11375,1
11377,3
11385,1
11415,1
11429,1
11435,1
11439,3
11530,1
11548,1
11691,1
11720,1
11790,2
11798,1
11941,1
12020,1
12065,1
12094,1
12180,3
12208,1
1225,1
12345,1
12538,3
12540,1
12550,1
12553,1
12604,1
12983,1
13021,2
13039,1
13045,1
13126,2
13164,1
13206,1
13210,3
13601,3
13602,3
13603,9
13607,1
13616,1
13637,2
13642,1
13648,1
13662,1
13820,1
13904,1
14092,1
14532,1
14606,1
14611,1
14616,1
14619,2
14620,2
14623,2
14624,1
14627,2
14802,1
14850,5
14853,2
15005,1
15010,1
15025,1
15143,1
15217,2
15222,1
15238,1
15289,2
15905,1
16127,2
16335,1
16347,1
16433,1
16510,1
16546,2
16602,1
16609,1
16801,4
16933,1
17004,2
17015,1
17040,1
17046,1
17065,1
17102,1
17201,1
17311,2
17318,1
17402,1
17602,1
17752,1
17972,1
18018,1
18042,1
18103,2
18109,1
18444,1
18509,1
18626,1
18711,1
18963,1
19004,1
19013,1
19038,2
19081,2
19085,1
19095,1
19102,1
19103,1
19104,2
19122,1
19123,1
19130,1
19140,2
19145,1
19148,1
19320,1
19335,1
19355,1
19363,1
19406,1
19464,1
19565,1
19735,1
19801,1
19806,1
19808,1
19901,3
19904,1
19943,1
19947,2
19977,1
20001,7
20002,14
20003,8
20005,2
20007,6
20008,3
20009,12
20010,3
20011,3
20012,1
20015,1
20016,4
20017,4
20024,2
20037,1
20052,3
20057,8
20059,1
20115,1
20121,1
20132,1
20142,1
20147,1
20148,1
20151,1
20155,1
20171,1
20177,1
20189,7
20373,1
2049,1
20601,1
20603,3
20613,1
20616,1
20619,2
20639,2
20640,1
20646,2
20653,1
20708,1
20714,2
20720,1
20722,1
20740,5
20744,1
20755,6
20762,7
20763,1
20774,2
20782,2
20785,1
20814,2
20815,1
20850,3
20852,1
20854,1
20879,2
20880,1
20895,2
20910,2
21001,2
21005,2
21015,1
21035,1
21044,2
21045,1
21047,1
21060,1
21061,1
21085,1
21104,2
21108,2
21113,1
21114,2
21122,1
2114,1
21144,2
21157,1
21158,1
21201,1
21202,3
21205,1
21207,1
21209,1
21210,1
21211,2
21218,2
21220,1
21222,1
21224,2
21227,1
21228,1
21231,2
21236,1
21401,4
21403,1
21409,2
21412,11
21620,1
21701,1
21702,1
21704,1
21710,2
21727,1
21740,1
21770,1
21774,1
21787,1
21864,1
21869,2
22003,2
22015,2
22025,2
22030,3
22031,2
22032,1
22033,2
22041,2
22042,1
22044,1
22060,7
22079,5
22101,1
22102,1
22125,1
22134,5
22152,2
22153,2
22172,1
22191,6
22192,1
22193,2
22201,2
22202,3
22203,1
22207,4
22209,1
22302,2
22303,4
22304,4
22305,3
22306,1
22308,1
22309,2
22310,1
22312,1
22314,6
22315,2
22401,2
22406,1
22443,1
22448,1
22554,5
22555,1
22556,2
22630,4
22712,1
22718,2
22801,1
22802,5
22903,3
22904,2
22923,1
22963,1
23035,1
23061,2
23072,1
23093,1
23173,1
23185,8
23187,1
23188,2
23219,1
23221,1
23225,2
23230,1
23320,2
23322,4
23323,5
23324,1
23325,1
23434,5
23435,1
23451,2
23452,3
23453,2
23454,3
23455,6
23456,8
23457,1
23462,5
23464,8
23465,1
23502,2
23503,4
23505,4
23508,1
23509,2
23513,6
23518,3
23601,1
23602,5
23604,1
23605,1
23606,1
23661,2
23662,1
23665,6
23666,1
23668,1
23669,4
23692,1
23693,1
23696,1
23703,4
23704,3
23707,2
23708,2
23801,5
23836,1
23839,1
23860,1
23875,1
23936,4
24060,1
24202,1
24221,1
24343,1
24382,1
24416,5
24450,2
24501,1
24502,5
24504,1
24515,1
25303,1
25314,1
25550,2
25704,2
25880,1
25918,1
26033,1
26038,1
26501,2
26505,5
26508,1
27043,1
27101,3
27103,1
27106,2
27244,2
27268,1
27282,2
27302,1
27330,3
27332,6
27401,1
27408,1
27410,2
27413,1
27505,2
27506,1
27514,2
27516,1
27517,2
27518,1
27519,1
27526,1
27529,1
27530,1
27534,3
27545,1
27560,1
27565,1
27603,1
27606,2
27612,2
27701,2
27703,1
27705,3
27707,2
27713,2
27863,1
27893,1
27896,1
27926,1
27986,1
28017,1
28034,1
28092,1
28112,1
28138,1
28174,1
28203,1
28209,1
28210,1
28217,2
28223,1
28224,1
28226,1
28262,2
28277,1
28303,2
28304,1
28305,3
28306,2
28307,15
28308,1
28310,1
28311,3
28314,7
28315,3
28326,4
28339,1
28348,1
28370,1
28371,1
28374,1
28376,1
28387,1
28390,4
28391,1
28403,1
28406,1
28412,1
28425,1
28443,1
28445,1
28460,7
28461,1
28478,1
28532,2
28533,1
28538,1
28539,1
28540,13
28542,4
28543,4
28544,1
28545,1
28546,7
28547,3
28555,1
28562,3
28570,1
28574,1
28594,1
28601,2
28625,1
28675,1
28704,1
28771,1
28778,1
28787,2
28792,1
29010,1
29016,1
29037,1
29045,1
29061,1
29063,4
29150,1
29154,1
29201,4
29203,1
29205,1
29206,2
29207,1
29209,2
29212,1
29223,2
29229,1
29302,1
29303,1
29307,1
29340,1
29349,1
29401,3
29404,1
29412,2
29414,1
29418,4
29420,3
29440,1
29445,2
29449,1
29456,3
29457,1
29464,1
29485,1
29486,1
29487,1
29540,1
29607,2
29609,1
29611,1
29614,2
29631,1
29632,1
29651,1
29678,1
29801,1
29803,1
29842,1
29902,1
29904,1
29906,2
29907,1
29910,1
30004,1
30010,1
30014,1
30033,3
30043,1
30047,2
30052,4
30062,2
30071,1
30083,1
30084,1
30088,1
30092,1
30096,1
30102,1
30117,1
30126,1
30144,1
30152,3
30161,1
30188,1
30189,1
30236,1
30241,1
30269,1
30291,1
30303,1
30305,1
30306,2
30307,2
30308,2
30309,3
30312,2
30313,1
30314,2
30318,3
30322,3
30324,3
30327,2
30328,1
30329,1
30331,1
30332,1
30335,1
30338,1
30339,1
30341,1
30349,2
30358,1
30363,1
30474,1
30518,1
30519,2
30533,2
30571,1
30577,2
30601,1
30604,2
30605,1
30606,1
30609,1
30629,1
30639,1
30705,1
30809,6
30813,2
30815,2
30830,1
30905,1
30906,2
30907,1
30909,4
31008,1
31088,3
3122,1
31302,1
31313,3
31314,1
31315,3
31316,2
31322,4
31324,3
31401,5
31404,1
31405,3
31411,1
31415,3
31419,2
31548,2
31558,2
31605,3
31635,1
31637,1
31698,1
31699,1
31709,1
31791,2
31803,1
31804,1
31820,1
31824,1
31904,4
31905,9
31907,3
31909,1
31995,1
32043,4
32046,1
32055,1
32068,2
32080,1
32082,1
32085,1
32092,1
32095,1
32096,1
32114,1
32119,1
32124,1
32128,1
32129,1
32158,1
32162,2
32169,1
32202,1
32206,1
32211,1
32212,1
32216,1
32218,2
32221,2
32224,2
32225,3
32226,2
32246,1
32250,1
32256,1
32259,1
32301,1
32303,2
32304,1
32310,1
32317,1
32404,1
32405,1
32424,1
32444,1
32459,1
32503,3
32504,1
32506,2
32507,1
32508,3
32514,1
32526,1
32536,1
32542,1
32544,2
32547,1
32550,4
32563,2
32569,1
32570,2
32578,1
32601,2
32603,1
32606,1
32608,1
32612,1
32619,1
32703,1
32708,1
32712,1
32738,1
32751,1
32765,2
32766,1
32771,1
32789,1
32792,1
32801,1
32811,1
32817,2
32821,2
32825,2
32826,2
32827,1
32837,1
32839,2
32878,1
32901,1
32904,1
32925,1
32935,1
32936,1
32937,1
32966,1
32967,1
33009,1
33017,1
33024,1
33030,1
33032,1
33037,1
33040,1
33050,2
33063,1
33066,1
33071,1
33126,1
33127,1
33131,1
33132,1
33143,2
33145,1
33146,2
33156,1
33157,1
33165,1
33166,1
33192,1
33195,3
33242,1
33255,1
33313,1
33314,1
33315,2
33316,1
33321,2
33409,1
33411,1
33412,1
33431,2
33432,1
33437,1
33440,1
33460,1
33467,2
33483,1
33510,1
33513,1
33525,1
33534,1
33540,1
33559,1
33602,1
33606,3
33609,2
33611,1
33613,1
33615,1
33616,1
33617,3
33624,1
33707,1
33712,1
33716,2
33755,1
33765,1
33778,1
33780,1
33801,2
33823,1
33841,1
33881,1
33896,1
33897,1
33901,1
33905,1
33907,2
33913,1
33919,2
33922,1
33952,1
33953,1
33965,1
33967,2
33976,1
33990,1
34001,1
34009,1
34030,1
34067,1
34091,1
34105,1
34109,1
34110,1
34116,2
34120,1
34135,2
34142,3
34143,1
34145,1
34202,2
34212,3
34220,1
34221,1
34234,1
34243,1
34293,1
34442,1
34450,1
34474,1
34476,1
34606,1
34609,1
34654,1
34655,1
34736,1
34747,1
34756,1
34785,1
34787,6
34946,1
34947,1
34983,1
3500,1
35007,1
35020,1
35111,1
35115,2
35205,2
35209,1
35222,1
35226,1
35229,1
35401,9
35403,1
35404,2
35405,1
35475,1
35487,1
35504,2
35603,1
35749,1
35758,2
35805,1
35806,2
35896,1
36064,1
36093,2
36107,1
36111,1
36206,1
36265,2
36303,1
36310,1
36330,5
36345,1
36362,3
36527,2
36536,2
36545,1
36549,1
36575,1
36576,1
36606,1
36608,1
36618,1
36693,1
36744,1
36804,1
36830,4
36832,2
36849,1
36856,1
36863,1
36867,1
36869,1
36870,1
36874,2
37013,3
37040,2
37042,7
37043,3
37064,2
37076,1
37087,1
37128,1
37132,1
37146,1
37148,1
37171,1
37172,1
37174,1
37203,7
37204,1
37206,1
37208,2
37209,4
37210,7
37211,1
37212,8
37214,2
37215,3
37216,1
37217,1
37221,2
37228,2
37229,2
37235,8
37303,1
37311,1
37315,2
37320,2
37323,1
37357,1
37363,1
37367,1
37416,1
37419,1
37422,1
37556,1
37614,1
37617,1
37645,1
37664,1
37774,1
37838,1
37843,1
37857,1
37865,1
37890,1
37916,1
37920,1
37921,1
37923,2
37931,1
38004,1
38016,2
38053,3
38103,8
38104,3
38105,2
38112,1
38116,1
38119,1
38122,1
38125,1
38128,1
38134,1
38152,1
38184,1
38220,1
38305,2
38451,1
38467,1
38505,1
38555,1
38611,1
38655,9
38680,1
38802,1
38930,1
39058,1
39305,1
39360,1
39401,1
39465,1
39501,1
39503,1
39507,1
39520,1
39521,1
39531,2
39534,1
39540,1
39705,1
39756,1
40059,1
40121,3
40160,1
40175,2
4020,1
40205,1
40207,1
40217,1
40218,1
40228,1
40243,1
40280,2
40324,2
40351,1
40356,1
40503,2
40504,1
40508,3
40509,1
40515,1
40517,1
40526,2
41042,1
42025,1
42071,1
42101,3
42103,1
42223,5
42240,2
42262,1
42301,1
42303,1
42330,1
42339,1
42366,2
42718,1
42740,1
43016,1
43023,1
43065,1
43081,1
43082,1
43123,1
43201,5
43202,2
43210,4
43214,1
43219,1
43221,1
43228,1
43230,1
43232,1
4330,1
43302,1
43402,1
43615,1
43952,1
44017,1
44024,1
44035,1
44062,1
44087,1
44106,8
44112,1
44113,1
44115,1
44118,1
44121,2
44129,1
44223,1
44236,1
44240,2
44301,1
44305,1
44313,1
44320,1
44403,2
44451,1
44618,1
44691,1
44720,1
44805,1
44906,1
45052,1
45056,9
45068,1
45154,1
45177,2
45208,1
45211,1
45215,1
45219,1
45236,1
45249,1
45314,7
45324,1
45365,1
45385,1
45402,1
45424,3
45430,3
45433,1
45434,2
45459,1
45503,1
45701,1
45805,1
45832,1
45840,1
46032,1
46033,2
46038,2
46041,1
46052,1
46068,1
46077,1
46112,1
46113,1
46135,1
46142,1
46153,1
46163,1
46202,2
46208,2
46222,1
46227,1
46228,1
46241,1
46250,1
46254,1
46259,1
46383,1
46526,4
46530,1
46550,1
46552,1
46556,16
46614,1
46616,1
46617,6
46637,3
46703,1
46733,1
46750,1
46806,1
4681,1
46816,1
46835,2
46901,1
46947,1
46953,2
46962,1
46989,1
46991,1
46996,1
4700,1
47131,1
47203,1
47224,1
47302,1
47374,2
47401,5
47403,1
47404,4
47406,8
47408,4
47448,1
47710,1
47714,4
47715,1
47725,2
47802,3
47803,1
47904,4
47905,1
47906,20
47907,3
47909,3
48021,1
48047,1
48060,1
48066,1
48104,5
48105,2
48109,2
48121,1
48134,1
48166,1
48189,1
48197,2
48198,2
48302,1
48316,1
48640,2
48653,1
48801,1
48808,1
48823,6
48836,1
48843,1
48881,1
48888,1
48910,1
48915,1
48917,1
49006,1
49008,1
49009,2
49014,1
49022,1
49037,1
49120,1
49125,1
49201,1
49202,1
49302,1
49340,1
49401,1
49423,1
49442,1
49505,1
49506,2
49507,1
49525,2
49546,1
49644,1
49654,2
49686,1
49761,1
49783,3
49931,1
49938,1
50009,2
50010,8
50012,2
50013,2
50014,21
50023,2
50049,1
50061,1
50112,4
50125,1
50130,1
50131,1
50135,1
50140,2
50158,1
50219,1
50263,1
50309,1
50311,9
50312,1
50316,1
50322,1
50323,1
50324,1
50325,1
50458,1
50501,2
50613,4
50629,1
51023,1
51031,1
51039,1
51041,2
51104,1
51106,1
51250,4
51334,1
51351,2
51401,1
51453,1
51501,5
51503,3
51526,1
51534,2
51566,1
5157,1
51638,1
52001,3
52002,1
52054,1
52076,1
52101,1
52240,6
52241,3
52242,5
52245,1
52246,2
52302,1
52314,1
52333,3
52353,1
52402,2
52404,1
52536,1
52556,1
52722,2
52753,3
52755,1
52772,1
52803,2
52806,1
53024,1
53094,2
53111,1
53132,1
53149,1
53186,2
53191,1
53202,4
53203,1
53204,1
53211,1
53212,1
53217,1
53223,1
53233,7
53240,1
53402,1
53532,1
53538,1
53562,3
53589,1
53593,1
53597,1
53703,2
53704,1
53705,2
53706,2
53818,1
53941,1
54001,1
54115,1
54302,1
54311,1
54411,1
54481,1
54656,1
54660,1
54666,1
54701,1
54703,1
54720,1
54814,1
54849,1
54850,1
54902,1
54935,1
55011,1
55019,1
55044,1
55057,6
55068,1
55104,1
55105,4
55109,1
55112,1
55113,3
55114,1
55118,1
55124,1
55127,1
55128,2
55306,1
55331,1
55347,2
55364,1
55378,1
55379,1
55382,1
55401,1
55404,2
55405,4
55406,1
55414,6
55416,1
55422,1
55427,2
55431,1
55438,1
55440,2
55449,1
55454,1
55455,1
55805,1
55807,1
55901,4
55912,1
55987,2
56001,1
56152,1
56171,4
56185,1
56187,1
56267,1
56283,1
56288,1
56301,1
56303,1
56304,1
56342,1
56374,1
56442,1
56461,1
56567,1
56653,1
57006,2
57031,1
57042,2
57069,14
57104,3
57107,1
57108,1
57110,3
57356,1
57401,1
57402,1
57469,1
57501,3
57522,2
57559,1
57601,1
57625,1
57701,3
57702,4
58012,2
58078,1
58102,3
58104,2
58201,1
58202,2
58203,4
58204,4
58220,1
58258,1
58379,1
58405,1
58601,1
58642,1
58701,2
58703,4
58704,2
58705,1
58763,1
58854,2
59016,1
59047,1
59101,2
59105,1
59106,1
59301,1
59327,1
59337,2
59401,1
59403,1
59405,3
59469,1
59638,2
59715,2
59716,1
59718,2
59722,1
59739,1
59758,1
59771,1
59801,3
59808,1
59920,1
59925,1
59936,4
60010,1
60015,2
60025,2
60030,1
60031,1
60040,1
60041,1
60043,1
60046,1
60048,1
60050,1
60056,2
60064,2
60068,1
60074,1
60085,1
60088,6
60093,1
60099,2
60110,1
60115,1
60126,1
60130,1
60140,1
60151,1
60154,1
60169,1
60173,1
60187,5
60201,15
60202,1
60208,1
60219,1
60302,1
60426,1
60433,1
60440,1
60441,1
60446,3
60461,1
60464,1
60468,1
60477,1
60491,1
60502,1
60513,1
60526,1
60540,2
60544,1
60555,2
60561,1
60563,1
60564,1
60565,1
60601,5
60603,1
60604,1
60605,14
60606,1
60607,6
60608,4
60609,1
60610,10
60611,5
60613,9
60614,20
60615,4
60616,2
60620,1
60622,10
60625,6
60626,8
60630,1
60637,2
60638,1
60640,4
60642,4
60646,1
60647,10
60653,1
60654,7
60657,18
60660,16
60804,1
60805,1
60907,1
60966,1
61041,1
61081,1
61101,1
61111,1
61113,1
61201,1
61265,1
61301,1
61350,1
61356,1
61375,1
61401,5
61408,1
61455,2
61520,3
61550,1
61701,2
61761,3
61801,6
61802,2
61820,5
61853,1
61874,2
61920,1
61956,1
62002,1
62025,3
62035,1
62048,1
62093,1
62095,1
62208,1
62220,1
62221,4
62225,6
62226,2
62233,1
62246,1
62254,1
62269,2
62301,3
62305,1
62338,2
62349,1
62360,1
62521,1
62522,2
62526,1
62534,1
62568,1
62650,1
62704,1
62831,1
62863,1
62901,3
62902,2
62959,2
62975,1
62983,1
63005,2
63011,1
63017,4
63021,6
63031,2
63033,1
63034,4
63043,2
63044,2
63084,1
63088,1
63090,3
63101,1
63103,9
63104,4
63105,9
63108,12
63110,5
63112,12
63114,1
63115,1
63116,3
63117,3
63118,1
63119,2
63121,1
63122,3
63125,1
63129,1
63130,7
63131,1
63132,2
63139,1
63141,4
63144,1
63146,4
63156,1
63301,1
63303,1
63366,2
63367,4
63368,1
63376,2
63379,2
63383,1
63385,2
63389,1
6339,1
63401,3
63435,1
63501,12
63601,2
63621,1
63624,1
63645,1
63701,2
63703,1
63785,1
63801,1
64008,1
64012,28
64014,5
64015,8
64016,1
64024,1
64029,7
64030,14
64034,5
64037,1
64040,1
64048,1
64050,1
64051,3
64052,8
64053,4
64054,1
64055,13
64056,4
64057,4
64058,1
64060,1
64063,10
64064,10
64065,1
64068,11
64070,3
64071,1
64075,2
64076,1
64078,7
64079,14
64080,2
64081,8
64082,13
64083,9
64085,2
64086,13
64089,2
64093,23
64098,3
64101,6
64102,4
64105,38
64106,25
64108,55
64109,16
64110,43
64111,90
64112,53
64113,20
64114,80
64115,1
64116,22
64117,9
64118,31
64119,21
64120,7
64123,4
64124,7
64125,1
64126,2
64127,7
64128,8
64129,7
64130,17
64131,31
64132,16
64133,30
64134,20
64137,9
64138,15
64139,2
64141,11
64145,9
64146,4
64147,3
64148,8
64149,1
64150,5
64151,25
64152,25
64153,11
64154,11
64155,20
64156,2
64157,6
64158,2
64171,6
64188,1
64190,1
64204,1
64305,1
64429,2
64468,21
64484,1
64485,1
64497,1
64501,2
64502,2
64503,2
64504,1
64505,4
64506,6
64507,7
64567,1
64624,2
64650,1
64670,1
64673,1
64688,1
64701,3
64720,1
64722,1
64724,1
64730,1
64735,1
64742,7
64744,2
64746,1
64748,1
64752,1
64759,3
64762,1
64772,5
64801,46
64802,1
64803,3
64804,47
64832,3
64834,11
64836,6
64841,2
64850,10
64854,1
64855,3
64856,1
64857,1
64858,1
64862,1
64865,3
64870,15
6501,1
65011,1
65020,6
65037,4
65046,1
65048,1
65052,2
65065,2
65079,6
65101,3
65102,1
65109,1
65125,1
65176,1
65201,45
65202,2
65203,9
65215,3
65233,1
65251,2
65255,1
65256,1
65270,2
65301,3
65302,1
65305,3
65323,1
65324,1
65326,1
65332,1
65335,1
65336,4
65354,1
65355,5
65360,1
65401,10
65409,1
65473,14
65502,1
65534,1
65536,1
65552,1
65555,1
65560,1
65580,1
65584,4
65610,2
65611,2
65613,8
65615,1
65616,7
65619,1
65622,1
65625,2
65631,1
65641,1
65653,1
65658,1
65667,1
65672,4
65673,2
65679,1
65680,1
65681,2
65686,5
65704,1
65714,2
65721,5
65723,1
65726,18
65737,1
65738,1
65739,2
65747,7
65775,1
65781,2
65785,3
65787,1
65801,1
65802,13
65803,5
65804,7
65806,12
65807,18
65810,3
66001,1
66002,276
66006,460
66007,352
66008,31
66010,58
66012,185
66013,104
66014,12
66015,111
66016,12
66017,29
66018,204
66019,2
66020,129
66021,150
66023,106
66024,429
66025,255
66026,50
66027,45
66029,1
66030,168
66032,185
66033,181
66035,181
66036,7
66039,56
66040,335
66041,122
66042,43
66043,214
66044,613
66045,139
66046,343
66047,236
66048,577
66049,285
66050,173
66051,54
66052,179
66053,645
66054,340
66056,145
66058,37
66060,147
66061,180
66062,236
66063,150
66064,414
66066,270
66067,324
66070,76
66071,705
66072,58
66073,367
66075,299
66076,106
66078,119
66079,80
66080,141
66083,276
66085,104
66086,505
66087,327
66088,97
66090,527
66091,63
66092,292
66093,34
66094,58
66095,152
66097,180
66101,38
66102,86
66103,122
66104,231
66105,8
66106,112
66109,117
66110,66
66111,86
66112,247
66113,727
66117,80
66120,1
66122,1
66201,81
66202,80
66203,140
66204,124
66205,74
66206,40
66207,118
66208,131
66209,79
66210,83
66211,33
66212,134
66213,115
66214,62
66215,109
66216,74
66217,30
66218,27
66219,78
66220,33
66221,73
66222,34
66223,125
66224,30
66225,141
66226,39
66227,23
66273,1
66278,1
66282,105
66283,108
66285,121
66286,78
66298,1
66301,1
66313,1
66395,1
66401,300
66402,161
66403,84
66404,27
66406,18
66407,78
66408,83
66409,65
66411,51
66412,22
66413,77
66414,237
66415,126
66416,48
66417,6
66418,21
66419,50
66420,24
66422,101
66423,170
66424,92
66425,62
66427,35
66428,50
66429,54
66430,1
66431,93
66432,27
66434,102
66436,151
66438,2
66439,81
66440,142
66441,503
66442,141
66449,131
66451,280
66472,1
66501,118
66502,1441
66503,322
66505,195
66506,178
66507,201
66508,121
66509,140
66510,74
66512,285
66514,212
66515,22
66516,7
66517,821
66518,25
66520,122
66521,179
66522,1
66523,135
66524,262
66526,117
66527,40
66528,121
66531,131
66532,93
66533,279
66534,91
66535,269
66536,248
66537,56
66538,92
66539,156
66540,14
66541,50
66542,49
66543,40
66544,8
66546,19
66547,658
66548,207
66549,336
66550,73
66551,1
66552,47
66554,52
66601,120
66602,2
66603,16
66604,208
66605,133
66606,32
66607,14
66608,130
66609,30
66610,38
66611,69
66612,30
66614,238
66614-,1
66615,17
66616,11
66617,37
66618,55
66619,33
66621,33
66630,1
66638,1
66655,1
66656,2
66667,42
66675,45
66701,486
66710,87
66711,23
66712,382
66713,352
66714,12
66716,77
66717,65
66720,435
66724,127
66725,244
66726,1
66728,35
66732,8
66733,89
66734,2
66735,32
66736,145
66738,10
66739,263
66740,74
66741,6
66742,145
66743,147
66746,50
66748,78
66749,492
66751,26
66753,95
66754,30
66755,70
66756,68
66757,152
66758,2
66759,1
66760,66
66761,4
66762,725
66763,136
66765,1
66767,40
66769,35
66770,211
66771,153
66772,3
66773,115
66775,25
66776,97
66777,69
66779,113
66780,41
66781,203
66782,110
66783,87
66801,1245
66802,2
66804,1
6681,1
66826,1
66830,16
66833,139
66834,199
66835,187
66838,73
66839,255
66840,79
66842,78
66843,20
66845,265
66846,1355
66848,1
66849,213
66850,29
66851,19
66852,98
66853,204
66854,76
66855,11
66856,269
66857,222
66858,98
66859,23
66860,591
66861,104
66862,7
66863,35
66864,50
66865,189
66866,57
66868,35
66869,172
66870,81
66871,169
66872,437
66873,146
66901,183
66907,1
66930,40
66932,1
66933,29
66934,1
66935,493
66936,27
66937,53
66938,45
66939,186
66940,108
66941,28
66942,15
66943,43
66944,22
66945,91
66948,65
66949,128
66951,115
66952,25
66953,67
66955,9
66956,64
66958,43
66959,69
66960,52
66961,3
66962,30
66963,11
66964,83
66966,205
66967,61
66968,40
66970,9
67001,238
67002,608
67003,329
67004,157
67005,293
67008,62
67009,126
67010,503
67012,1
67013,413
67014,1
67016,280
67017,362
67018,12
67019,84
67020,275
67021,1
67022,60
67023,18
67024,190
67025,551
67026,193
67027,1
67028,22
67029,590
67030,264
67031,277
67032,1
67035,309
67036,34
67037,287
67038,121
67039,288
67041,110
67042,600
67045,514
67047,193
67049,13
67050,229
67051,42
67052,453
67053,315
67054,40
67055,2
67056,71
67057,138
67058,112
67059,170
67060,154
67061,82
67062,128
67063,92
67065,90
67066,55
67067,155
67068,1084
67070,645
67071,65
67072,30
67073,57
67074,213
67101,322
67103,15
67104,1398
67105,1
67106,28
67107,353
67108,221
67109,84
67110,148
67111,108
67112,87
67113,1
67114,215
67116,1
67117,247
67118,268
67119,397
67120,87
67121,5
67122,41
67123,158
67124,253
67127,387
67128,19
6713,1
67131,6
67132,85
67133,348
67134,46
67135,326
67137,173
67138,252
67140,173
67142,92
67143,46
67144,404
67146,78
67147,135
67149,46
67150,1
67151,129
67152,344
67154,228
67155,78
67156,276
67159,69
67176,1
67186,1
67201,250
67202,141
67203,133
67204,130
67205,96
67206,123
67207,118
67208,401
67209,88
67210,23
67211,83
67212,137
67213,148
67214,87
67215,16
67216,240
67217,157
67218,87
67219,57
67220,69
67221,1
67222,1
67223,4
67226,144
67227,2
67228,3
67230,47
67232,1
67235,49
6725,1
67260,2
67270,2
67275,90
67277,223
67278,331
67301,361
67330,327
67332,13
67333,125
67334,34
67335,83
67336,239
67337,333
67340,218
67341,30
67342,162
67344,98
67345,63
67346,57
67347,61
67349,219
67351,85
67352,68
67353,108
67354,87
67355,62
67356,64
67357,274
67360,58
67361,95
67363,71
67364,121
6737,1
67401,283
67402,313
67409,1
67410,243
67416,161
67417,24
67418,41
67420,195
67422,152
67423,101
67425,89
67427,78
67428,306
67430,116
67431,420
67432,127
67436,158
67437,32
67438,32
67439,137
67441,220
67442,28
67443,262
67444,80
67445,115
67446,76
67447,55
67448,167
67449,238
67450,150
67451,142
67452,45
67454,163
67455,398
67456,160
67457,239
67458,53
67459,4
67460,256
67464,269
67466,69
67467,120
67468,59
67470,21
67473,92
67474,61
67475,30
67476,23
67478,34
67480,181
67481,160
67482,47
67483,26
67484,72
67485,129
67487,242
67489,3
67490,361
67491,60
67492,110
67501,155
67502,150
67503,1
67504,437
67505,19
67510,37
67511,93
67512,58
67513,33
67514,126
67515,1
67516,75
67518,13
67519,34
67520,100
67521,21
67522,464
67523,45
67524,196
67525,315
67526,99
67529,60
67530,407
67537,1
67543,253
67544,120
67545,34
67546,453
67547,60
67548,401
67550,159
67552,124
67553,11
67554,174
67556,57
67557,163
67559,3
67560,183
67561,230
67563,7
67564,48
67565,169
67566,89
67567,115
67568,7
67569,1
67570,212
67571,1
67572,106
67573,44
67574,78
67575,54
67576,134
67578,95
67579,144
67581,102
67583,174
67584,81
67585,44
67601,842
67607,1
67621,103
67622,244
67623,18
67625,101
67626,109
67627,42
67628,7
67629,86
67631,55
67632,81
67634,167
67635,91
67636,7
67637,83
67638,37
67639,2
67640,286
67642,445
67643,137
67644,75
67645,201
67646,229
67647,26
67648,235
67649,137
67650,112
67651,74
67652,8
67653,145
67654,1213
67655,1
67656,3
67657,146
67658,46
67659,45
67660,7
67661,167
67663,119
67664,32
67665,1900
67667,70
67669,104
67671,350
67672,97
67673,23
67674,3
67675,11
67680,1
6770,1
67701,427
67725,1
67730,605
67731,396
67732,237
67733,18
67734,23
67735,300
67736,73
67737,188
67738,232
67739,119
67740,1266
67741,54
67743,15
67744,95
67745,182
67747,1
67748,148
67749,446
67751,31
67752,311
67753,156
67756,1035
67757,321
67758,353
67759,1
6776,1
67761,5
67762,32
67764,150
67801,738
67802,1
6783,1
67830,1
67831,709
67834,474
67835,1526
67836,71
67837,221
67838,479
67839,800
67840,72
67841,112
67842,88
67843,11
67844,410
67845,1
67846,1335
67847,1
67849,60
67850,106
67851,552
67853,244
67854,242
67855,907
67857,99
67859,178
67860,1600
67861,519
67862,121
67863,15
67864,1374
67865,577
67866,1
67867,423
67868,7
67869,715
67870,899
67871,244
67876,307
67877,1246
67878,1155
67879,814
67880,458
67882,88
67901,335
67905,710
67910,1
67939,1
67946,1
67950,1499
67951,1205
67952,193
67953,98
67954,385
67964,1
68005,5
68007,1
68008,1
6801,1
68022,2
68025,2
68028,1
68046,6
68048,1
68069,1
68102,6
68104,5
68105,11
68106,7
68107,3
68108,3
68111,2
68112,1
68113,5
68117,1
68123,16
68124,1
68127,1
68128,4
68131,16
68132,2
68133,4
68134,1
68135,3
68136,1
68137,3
68144,2
68147,1
68154,6
68164,5
68178,12
68182,2
68301,1
68307,1
68325,8
68327,9
68333,1
68339,1
68340,1
68345,1
68352,2
68355,2
68371,2
68378,1
68381,1
68401,1
68420,1
68421,1
68434,8
68450,1
6846,1
68466,4
68467,2
68501,1
68502,3
68503,8
68504,10
68505,3
68506,10
68507,1
68508,46
68510,3
68512,3
68516,5
68520,2
68521,12
68522,1
68524,1
68526,1
68528,5
68588,2
68620,1
68646,1
68666,1
68701,5
68740,1
68769,1
68777,2
68787,1
68801,1
68803,2
68818,1
68844,1
68845,15
68846,1
68847,3
68850,1
68856,1
68862,1
68863,1
68874,1
68885,1
68901,7
68902,1
68920,5
68922,1
68924,1
68926,1
68930,1
68935,1
68939,6
68943,9
68949,3
68955,1
68959,1
68966,2
68977,2
68978,31
68979,1
69001,6
69020,1
69021,4
69022,4
69024,1
69025,1
69026,14
69033,1
69034,2
69036,5
69043,2
69044,7
69046,1
69101,8
69130,1
69138,2
69169,1
69210,1
69337,2
69341,1
69358,1
69363,1
6966,1
70001,1
70003,2
70043,1
70053,1
70062,1
70072,1
70115,6
70117,1
70118,16
70119,2
70121,1
70122,2
70123,1
70130,1
70131,1
70360,1
70403,1
70420,1
705,1
70503,1
70510,1
70526,1
70572,1
70601,1
70611,1
70647,2
70710,1
70764,1
70769,3
70803,1
70808,1
71037,1
71104,1
71106,1
71112,1
71115,2
71226,1
71245,1
71295,1
71343,1
71446,3
71457,1
71459,3
71602,1
71770,1
71909,2
71913,2
71964,1
72012,1
72015,1
72019,1
72023,2
72032,1
72033,1
72058,2
72076,4
72086,1
72099,1
72110,1
72113,1
72120,1
72149,5
72173,1
72204,2
72205,1
72207,1
72211,1
72301,1
72315,3
72404,1
72438,1
72467,2
72601,1
72615,1
72619,1
72638,1
72642,1
72654,1
72701,115
72703,15
72704,17
72712,6
72713,2
72715,5
72718,3
72732,1
72745,1
72751,1
72753,1
72756,5
72758,3
72761,21
72762,4
72764,2
72768,1
72769,1
72774,1
72830,1
72837,1
72851,2
72855,1
72901,1
72903,1
72908,1
72916,1
72921,1
72926,1
72947,1
72956,1
72958,1
73003,4
73007,1
73008,3
73010,1
73012,4
73013,8
73014,1
73018,1
73019,1
73020,2
73034,5
73036,1
73044,5
73045,1
73047,1
73050,1
73061,1
73064,2
73065,1
73069,5
73071,15
73072,29
73077,2
73080,2
73082,1
73093,2
73096,3
73099,12
73101,1
73103,3
73104,1
73105,1
73106,9
73107,4
73108,1
73110,3
73111,3
73112,2
73114,3
73116,1
73118,1
73120,4
73122,1
73127,8
73128,2
73129,1
73130,1
73131,1
73132,3
73134,1
73135,4
73142,3
73145,1
73147,1
73150,1
73159,1
73160,9
73162,1
73170,5
73401,1
73449,2
73460,1
73501,2
73503,3
73505,7
73507,3
73521,3
73533,1
73538,2
73541,1
73567,1
73644,1
73663,1
73701,1
73702,1
73703,7
73705,2
73717,7
73719,1
73728,1
73758,1
73759,1
73801,2
73848,2
73860,1
73932,1
73938,1
73939,5
73942,4
73945,1
73947,1
73950,6
73951,2
74002,1
74003,2
74005,1
74006,9
74008,4
74010,2
74011,2
74012,4
74014,1
74016,2
74017,3
74019,1
7402,1
74020,1
74022,1
74027,2
74029,2
74033,1
74035,1
74037,6
74044,1
74048,4
74052,2
74053,1
74055,8
74056,1
74059,1
74061,1
74066,1
74070,3
74072,5
74073,2
74074,29
74075,20
74077,9
74078,1
74083,1
74103,1
74104,17
74105,4
74106,1
74107,1
74112,1
74114,1
74120,1
74126,1
74127,1
74129,1
74132,1
74133,3
74136,7
74137,2
74170,3
74171,3
74301,2
74310,1
74326,1
74331,4
74339,1
74340,6
74343,2
74344,9
74345,1
74346,3
74349,2
74352,1
74354,11
74355,1
74361,4
74362,2
74363,11
74369,1
74370,1
74403,4
74432,1
74445,1
74451,1
74464,5
74536,1
74554,1
74556,1
74561,1
74571,1
74601,3
74602,3
74604,1
74631,1
74641,1
74643,2
74647,2
74701,1
74723,1
74730,1
74743,1
74801,3
74804,8
74820,1
74829,1
74856,1
74857,1
74867,1
75002,1
75004,1
75010,3
75013,1
75016,1
75019,2
75021,1
75023,2
75025,2
75028,1
75033,1
75035,3
75038,1
75039,2
75040,2
75042,1
75044,1
75051,1
75052,3
75053,1
75056,3
75061,1
75062,8
75063,2
75067,3
75070,3
75071,2
75072,1
75075,2
75078,2
75080,1
75081,1
75082,2
75085,1
75089,1
75090,3
75104,2
75110,1
75126,2
75137,1
75142,1
75146,1
75150,1
75158,1
75159,1
75160,2
75165,3
75181,2
75189,1
75201,6
75204,15
75205,6
75206,6
75207,1
75208,1
75209,1
75211,2
75219,4
75224,3
75225,2
75226,1
75228,1
75234,1
75236,1
75238,1
75240,1
75241,1
75243,3
75247,1
75252,2
75275,2
75287,3
75374,1
75402,1
75407,2
75409,1
75428,1
75440,1
75441,1
75454,1
75460,2
75474,1
75491,1
75503,1
75602,2
75663,1
75701,1
75704,1
75754,2
75755,4
75803,1
75833,2
75965,2
76001,1
76002,1
76006,1
76008,1
76010,1
76014,2
76017,1
76018,1
76020,2
76021,1
76025,1
76036,1
76039,1
76048,2
76049,1
76052,1
76065,1
76071,1
76087,1
76102,3
76104,1
76107,1
76109,21
76110,10
76116,3
76120,1
76127,1
76129,12
76131,2
76133,1
76135,1
76137,1
76148,1
76155,2
76179,6
76180,1
76201,5
76203,4
76205,1
76207,1
76209,1
76210,1
76226,1
76227,1
76234,1
76244,1
76247,1
76248,3
76259,1
76262,1
76266,1
76273,1
76302,1
76306,1
76307,1
76310,2
76311,4
76370,1
76426,1
76484,1
76502,2
76503,1
76504,2
76513,4
76541,1
76542,3
76543,1
76544,10
76548,6
76549,1
76550,1
76571,1
76572,1
76634,1
76652,1
76655,3
76689,2
76706,19
76714,1
76798,7
76832,1
76904,3
76908,1
76951,1
77002,2
77005,5
77006,3
77007,2
77015,1
77019,1
77025,1
77027,1
77030,2
77035,1
77043,5
77047,1
77056,2
77059,2
77062,1
77069,1
77073,1
77074,1
77075,1
77080,1
77084,1
77089,1
77095,1
77096,1
77098,1
77203,1
77210,1
77227,1
77288,1
77305,1
77339,2
77355,2
77372,1
77377,1
77379,1
77380,5
77382,1
77389,1
77399,8
77407,1
77422,2
77433,3
77445,1
77449,1
77459,2
77473,1
77479,1
77480,1
77488,1
77489,1
77493,3
77494,2
77505,1
77515,1
77520,1
77539,3
77550,1
77554,1
77565,1
77568,1
77573,4
77575,1
77581,2
77583,2
77584,2
77586,1
77619,1
77650,1
77659,2
77705,1
77801,2
77802,1
77807,2
77834,1
77840,7
77841,1
77845,4
77901,1
77904,1
77984,1
78002,1
78006,1
78022,1
78025,1
78028,1
78041,2
78063,1
78101,1
78108,2
78109,1
78130,2
78148,2
78154,2
78155,1
78201,3
78208,2
78209,1
78212,4
78213,2
78216,2
78228,1
78229,2
78233,2
78234,2
78236,2
78239,2
78240,3
78242,1
78245,8
78249,7
78250,1
78251,1
78252,1
78253,1
78258,2
78259,3
78260,1
78358,4
78373,3
78382,1
78413,4
78414,1
78418,2
78460,1
78516,3
78520,1
78521,2
78541,2
78544,1
78552,1
78570,1
78572,3
78574,2
78583,1
78586,1
78596,3
78597,2
78602,1
78620,5
78628,1
78633,1
78641,1
78653,2
78660,3
78664,1
78665,1
78666,4
78667,1
78669,2
78680,2
78701,1
78704,3
78705,7
78721,1
78722,1
78723,1
78727,1
78729,1
78731,1
78735,1
78739,1
78741,4
78745,3
78750,2
78751,3
78753,1
78756,1
78758,2
78759,3
78840,5
79007,1
79010,1
79013,1
79015,3
79016,3
79025,1
79027,1
79065,1
79070,1
79110,1
79119,1
79257,2
79347,1
79356,1
79401,1
79406,2
79407,1
79413,2
79414,1
79416,2
79424,2
79601,2
79605,1
79606,1
79607,1
79699,3
79705,1
79707,2
79739,1
79762,2
79902,1
79904,3
79906,4
79912,1
79916,1
79924,3
79925,1
79928,1
79930,1
799304,1
79932,2
79934,5
79936,3
79938,2
80003,2
80010,3
80011,5
80014,2
80015,2
80016,2
80017,2
80019,1
80020,1
80021,3
80023,1
80026,1
80027,1
80031,1
80033,3
80034,2
80044,1
80047,1
80107,5
80108,3
80109,1
80110,1
80111,4
80112,3
80113,1
80120,3
80121,1
80122,2
80124,1
80125,1
80126,3
80127,2
80128,3
80129,1
80132,1
80134,4
80135,1
80138,2
80202,5
80203,1
80204,4
80205,1
80206,2
80210,17
80211,5
80212,3
80216,3
80218,2
80220,2
80221,6
80222,2
80223,2
80224,1
80226,17
80227,4
80228,4
80231,1
80232,2
80233,2
80234,4
80237,3
80238,3
80239,1
80246,4
80247,3
80249,2
80260,2
80301,2
80302,9
80303,3
80305,1
80310,2
80401,10
80403,1
80421,1
80424,1
80435,1
80436,5
80437,1
80439,2
80442,1
80446,3
80447,3
80461,1
80467,1
80480,1
80487,1
80488,1
80498,1
80501,3
80503,1
80504,3
80513,1
80517,1
80521,18
80524,6
80525,6
80526,7
80528,1
80534,2
80537,1
80538,5
80550,1
80601,4
80602,1
80610,1
80631,8
80634,6
80645,3
80701,1
80721,1
80723,2
80751,1
80757,1
80802,2
80807,2
80814,1
80817,5
80819,1
80825,1
80828,2
80829,1
80831,6
80840,4
80841,9
80860,1
80882,1
80902,6
80903,1
80905,4
80906,4
80907,5
80908,2
80910,2
80911,7
80913,2
80915,2
80916,4
80917,1
80918,4
80919,3
80920,5
80921,4
80922,4
80923,5
80924,3
80925,1
80935,1
81001,3
81004,4
81029,1
81036,1
81047,1
81050,2
81052,3
81054,1
81090,3
81107,1
81133,1
81143,1
81154,3
81212,1
81224,1
81230,2
81231,1
81235,1
81239,1
81244,1
81251,1
81252,3
81301,2
81419,1
81501,1
81503,1
81504,1
81507,1
81520,1
81620,2
81621,2
81623,2
81631,4
81632,1
81657,1
82001,4
82003,2
82055,2
82070,4
82072,1
82201,1
82221,1
82301,1
82609,1
82716,1
82717,1
82730,1
82801,2
82834,1
82932,1
82941,1
83001,1
83127,2
83201,1
83203,1
83236,1
83301,1
83350,2
83353,1
83401,1
83402,1
83404,1
83440,14
83460,1
83638,2
83647,1
83648,1
83672,1
83703,1
83704,1
83714,1
83816,2
83835,1
83843,2
83854,1
84005,1
84010,1
84015,1
84020,3
84036,1
84040,1
84041,2
84043,1
84045,1
84054,1
84056,3
84057,2
84058,3
84059,1
84060,1
84065,2
84067,1
84070,1
84074,1
84081,1
84094,1
84096,1
84097,2
84101,3
84102,1
84103,3
84106,2
84107,1
84109,1
84111,2
84112,2
84116,1
84121,2
84129,1
84144,1
84302,2
84321,8
84401,2
84404,2
84412,1
84414,1
84501,1
84532,1
84601,5
84602,6
84604,8
84606,24
84634,1
84639,1
84651,2
84660,1
84664,1
84720,3
84738,1
84741,1
84790,2
85004,5
85006,1
85013,1
85016,2
85017,8
85020,2
85021,1
85024,2
85032,3
85037,1
85042,2
85046,1
85048,1
85050,1
85054,1
85070,1
85085,1
85119,2
85120,5
85122,4
85123,1
85132,3
85135,1
85138,3
85140,1
85142,2
85201,1
85202,1
85204,1
85206,3
85209,5
85212,2
85213,3
85218,1
85224,3
85241,1
85250,1
85251,1
85253,1
85255,2
85257,3
85260,1
85281,9
85282,4
85286,2
85288,2
85295,3
85297,1
85302,1
85305,1
85308,6
85309,2
85310,2
85323,1
85326,5
85331,1
85335,2
85339,1
85340,2
85351,1
85362,1
85364,1
85365,2
85367,5
85374,3
85375,1
85376,1
85377,1
85379,1
85382,1
85383,2
85385,1
85388,3
85392,1
85545,1
85546,1
85602,1
85613,2
85614,3
85622,1
85635,1
85650,1
85653,1
85658,1
85704,2
85705,5
85707,1
85708,1
85710,2
85715,2
85716,1
85718,1
85719,28
85721,1
85730,2
85734,1
85739,1
85745,4
85750,2
85755,1
85926,1
85935,1
85936,1
85938,1
86001,2
86022,1
86040,1
86047,1
86301,2
86305,2
86315,1
86322,1
86326,1
86327,1
86441,1
86442,1
86503,1
86504,1
87013,1
87036,2
87045,1
87106,3
87107,3
87108,1
87109,1
87110,2
87111,6
87114,1
87116,4
87122,1
87123,2
87124,4
87198,1
87301,1
87505,1
87506,1
87507,1
87514,2
87529,1
87544,1
87558,1
87742,2
87831,1
87860,1
87931,2
88001,1
88002,1
8804,1
88049,1
88101,6
88220,2
88221,1
88240,1
88260,1
88301,1
88310,3
88330,5
88344,1
89002,1
89005,1
89019,1
89020,1
89028,1
89031,1
89036,1
89048,1
89052,1
89086,2
89101,1
89107,1
89110,1
89115,3
89117,1
89119,1
89121,1
89123,2
89128,1
89129,1
89130,1
89131,1
89139,2
89149,1
89183,1
89191,1
89272,1
89406,3
89408,1
89436,1
89445,2
89447,1
89502,1
89503,2
89523,1
89801,1
89803,1
90007,16
90012,3
90015,2
90017,1
90018,1
90019,1
90024,8
90025,2
90026,2
90027,4
90028,2
90034,3
90035,1
90036,2
90038,1
90039,1
90041,1
90045,4
90046,5
90047,1
90064,1
90066,1
90068,4
90069,1
90089,1
90094,1
9012,1
90249,1
90250,2
90263,2
90277,1
90291,1
90305,2
90605,1
90630,1
90631,1
90639,2
90704,1
90740,1
90744,1
90745,1
90807,1
91006,1
91010,1
91016,1
91024,1
91101,1
91106,1
9114,1
91301,1
91320,1
91321,4
91325,1
91355,1
91367,2
91384,1
91401,1
91402,1
91403,3
91405,1
91411,1
91423,2
91506,1
91601,2
91604,1
91605,1
91606,2
91607,2
91711,4
91724,1
91730,2
91745,1
91767,1
91801,2
91901,2
91902,1
91905,1
91910,1
91911,3
91913,1
91915,2
91932,2
91942,1
91945,1
91950,1
91977,1
92008,6
92009,1
92019,1
92025,1
92026,2
92028,5
92029,1
92037,1
92054,3
92055,3
92056,1
92057,1
92058,15
92065,1
92071,1
92074,1
92075,1
92081,1
92101,3
92102,1
92103,1
92104,2
92105,1
92106,2
92107,3
92108,3
92109,5
92110,7
92111,5
92113,1
92115,5
92116,1
92118,5
92119,1
92120,1
92122,4
92123,2
92124,9
92126,3
92128,2
92129,1
92136,1
92140,2
92143,2
92145,3
92154,1
92232,1
92240,2
92243,2
92253,3
92264,1
92267,1
92277,4
92284,2
92310,7
92311,1
92335,1
92354,1
92365,1
92373,1
92392,1
92404,1
92485,1
92504,2
92506,1
92563,2
92585,1
92587,1
92591,1
92592,5
92617,1
92620,1
92629,2
92630,1
92656,2
92658,3
92660,1
92673,1
92685,1
92692,1
92803,1
92804,2
92821,1
92867,2
92868,1
93003,2
93035,3
93041,2
93043,1
93060,1
93065,1
93107,1
93111,1
93117,1
93219,2
93230,4
93245,3
93291,3
93308,1
93311,1
93312,1
93314,1
93401,1
93405,2
93422,1
93437,1
93448,1
93514,1
93523,3
93535,1
93536,1
93555,1
93611,1
93619,3
93654,1
93705,1
93728,1
93906,3
93908,1
93924,1
93940,3
93944,3
93950,3
93955,1
94002,1
94025,2
94040,1
94043,1
94103,3
94109,2
94110,2
94115,1
94118,1
94122,1
94123,1
94127,3
94129,1
94304,1
94305,8
94306,2
94309,1
94401,1
94501,2
94535,8
94545,1
94550,1
94558,1
94560,1
94574,1
94590,1
94608,1
94611,1
94612,1
94704,3
94708,1
94709,1
94901,1
94903,1
95037,1
95050,3
95053,1
95060,1
95064,1
95065,2
95111,1
95113,1
95123,1
95129,1
95222,2
95236,1
95242,1
95315,1
95355,1
95366,1
95367,1
95368,1
95380,1
95409,1
95426,1
95449,1
95482,1
95502,1
95616,4
95618,1
95620,1
95624,1
95648,1
95665,2
95670,3
95677,1
95687,1
95688,1
95695,1
95747,1
95814,1
95817,1
95826,1
95833,1
95991,2
95993,1
96003,1
96027,1
96113,1
96204,2
96218,4
96251,5
96260,1
96264,1
96271,2
96273,3
96297,1
96310,1
96338,2
96349,4
96367,2
96373,1
96375,1
96376,1
96377,1
96379,1
96517,1
96557,1
96603,2
96662,2
96701,1
96706,1
96707,6
96712,1
96720,1
96734,11
96741,1
96744,4
96754,1
96768,2
96778,1
96782,5
96786,13
96789,2
96792,1
96796,1
96797,1
96813,1
96814,1
96815,1
96816,2
96818,8
96819,1
96822,1
96860,1
96861,1
96863,2
96915,1
97015,2
97030,2
97031,1
97035,2
97070,2
97086,2
97116,2
97132,1
97146,1
97201,2
97202,1
97203,3
97205,2
97206,1
97214,4
97215,1
97217,1
97219,1
97220,1
97229,1
97236,1
97239,2
97266,1
97304,2
97305,1
97317,2
97330,1
97365,1
97366,1
97394,1
97401,5
97402,1
97403,1
97405,2
97408,1
97457,1
97471,1
97477,1
97478,1
97498,2
97502,1
97504,1
97530,1
97701,2
97739,1
97754,1
97756,1
97761,1
97813,1
97828,1
97838,1
98003,1
98004,1
98006,2
98010,1
98012,2
98023,2
98026,1
98027,1
98028,2
98032,2
98033,1
98036,1
98055,1
98056,2
98057,1
98070,1
98074,1
98087,1
98093,1
98103,3
98105,11
98106,2
98107,2
98109,1
98115,2
98121,1
98122,3
98125,1
98126,1
98133,1
98146,1
98155,1
98195,1
98196,1
98201,1
98203,2
98204,1
98207,1
98208,2
98221,4
98225,2
98229,1
98248,1
98252,1
98270,2
98277,10
98278,2
98310,1
98312,4
98315,1
98327,2
98338,3
98363,1
98366,3
98367,2
98370,1
98372,1
98380,1
98382,1
98383,1
98387,1
98401,1
98409,1
98416,1
98433,7
98438,1
98439,3
98445,2
98466,1
98496,1
98498,4
98499,2
98501,3
98502,1
98503,1
98505,1
98507,1
98509,1
98513,1
98516,2
98557,2
98576,2
98595,1
98597,1
98619,1
98642,2
98650,1
98682,1
98683,1
98684,2
98686,1
98837,1
98844,1
98944,1
98962,1
99001,1
99011,1
99022,1
99149,1
99159,1
99201,1
99207,3
99208,1
99209,1
99324,1
99348,1
99362,1
99504,1
99505,1
99506,1
99507,1
99508,1
99515,1
99520,1
99602,1
99628,1
99645,3
99687,1
99701,1
99703,4
99708,1
C,1
k,1
l,1
SL42HS,1
T2l2k,1
