precinct_text_name,Count
01,4
0101,17
0102,1267
0103,289
0104,135
0105,1111
0106,2483
0107,2036
0108,1383
0109,1580
0110,1895
0111,476
0112,1803
0113,1735
0114,1676
0116,2164
0117,1774
0118,2012
0119,1668
0120,1666
0121,1271
0122,2824
0123,400
0126,374
0127,41
0128,1438
0129,571
0130,1119
0133,57
0135,436
0136,913
0137,1562
0138,1961
02,1569
0205,873
0206,636
0207,3152
0208,623
0209,1770
0210,2293
0211,903
0214,1867
0215,3003
0216,1553
0217,1919
0218,3438
0221,1149
0222,1347
0223,1781
0224,3415
0225,3831
0226,2316
0227,1511
0228,2643
0230,157
0233,894
0235,572
0236,1127
0238,334
0239,99
0240,382
0241,182
0242,337
0243,79
0246,296
0247,525
0248,50
0249,1603
0250,730
0251,690
0252,850
0257,1
03,4
0301,994
0302,2090
0303,1071
0304,857
0305,469
0306,2307
0307,1589
0308,1832
0309,168
0310,2017
0312,919
0313,2430
0314,2104
0315,1821
0316,1222
0317,22
0318,254
0319,566
0320,661
0321,98
0324,920
0325,1172
0326,183
0328,146
0330,1594
0331,386
0332,872
0333,1236
0334,823
0335,649
0336,264
0339,1952
04,1468
0401,1108
0402,834
0403,1025
0404,2674
0405,1601
0406,1740
0407,201
0408,1729
0409,957
0410,2293
0411,1
0412,3760
0413,2438
0414,1125
0416,1194
0417,1319
0418,1836
0419,1284
0420,1666
0422,1204
0423,1688
0424,873
0425,2645
0426,220
0429,998
0431,147
0433,763
0434,2
0437,1058
0444,148
0445,732
0446,287
0447,318
0448,124
0449,691
05,1759
0503,2398
0504,1627
0506,2063
0507,1890
0508,1658
0509,1627
0510,1954
0512,4189
0513,1891
0514,2421
0515,2005
0516,1261
0517,1294
0518,1564
0519,1805
0522,1571
0523,1500
0524,2352
0525,1836
0526,2065
0527,2052
0528,2
0530,1970
0531,2842
0534,241
0539,2013
0541,3
0544,257
0545,959
0549,23
0550,71
0551,10
06,980
0601,2732
0602,2410
0603,668
0604,2223
0605,836
0606,741
0607,2044
0608,1891
0609,2573
0610,1727
0611,1232
0612,2224
0613,1801
0614,1231
0615,3181
0616,1422
0617,1058
0618,715
0619,1824
0621,666
0622,2132
0623,2322
0624,218
0626,20
0627,129
0629,146
0630,5
0632,843
0633,819
0634,311
07,1941
08,669
09,2644
1 Pct 1 Ward,904
1 Pct 2 Ward,817
1 Pct 3 Ward,1050
1 Pct 4 Ward,658
1 Pct 5 Ward,927
1 Pct 6 Ward,1009
1 Pct 7 Ward,495
10,1691
11,985
12,100
13,298
14,985
15,1492
16,1388
17,2483
18,226
19,1364
1st Ward Exclave Colonial,15
1st Ward Exclave Halls,22
2 Pct 2 Ward H40,478
2 Pct 2 Ward H41,146
2 Pct 5 Ward,689
2 Pct 6 Ward H38,352
2 Pct 6 Ward H40,476
2 Pct 7 Ward,2572
20,1803
21,373
22,507
23,1352
24,1893
25,1278
26,412
27,169
28,19
29,203
3 Pct 2 Ward,996
3 Pct 5 Ward,1273
3 Pct 6 Ward,821
3 Pct 7 Ward H38,1357
3 Pct 7 Ward H40,1916
30,1661
31,34
4 Pct 5 Ward,803
4 Pct 6 Ward H38,442
4 Pct 6 Ward H41,1022
5 Pct 6 Ward,1326
AB City  W1 USD435,749
AB City W2 USD435,1146
AB City W3 USD435,700
AB City W4 P1 USD435,901
AB City W4 P2 USD435,1116
Abbyville 72,55
AC 1A,2018
AC 1AAX,1
AC 1ABX,30
AC 2A,1261
AC 2AAX,2
AC 3A,1473
AC 4A,1332
Achilles,29
Adams Township,135
Adrian,117
Aetna Township Prct1,6
AF01,1208
Agra City,180
Alamota Twp,37
Albano 051,32
Albion 33,136
Albion Twp,34
Albion Twp / Narka,101
Aldersgate - Mission,373
Alexander-Belle Prairie Twsp.,39
Alexander City,31
Allen,97
Allen Township,22
Allodium Township,29
Almena1 - Prec 1,360
Alta  A1,174
Alton City,80
Altoona City,177
AN01,624
Andover W1,6032
Andover W2,3470
Andover W3,957
Andover W3 77,180
Andover W3 88,825
Andover W3 Exc C,166
Andover W4,292
Anthony City,1419
Anthony Lake,47
Anthony Power Plant,2
Apache - Soldier,722
Appanoose Twp,217
Appleton,612
Arcade,62
Arcadia,215
Argonia City,317
Arion,72
Arlington 34,81
Arlington City 73,280
Ash Creek,45
Ash Valley Twp,37
Asherville Township,69
Ashland Twp,127
AT01,25
AT02,108
AT03,794
AT04,3
AT05,297
AT06,115
AT07,5
AT08,88
AT12,65
AT13,4
AT16,2
AT22,143
Athelstane,81
Athens Township,49
Athol City,29
Atlanta Twp,110
Attica City,361
Atwood,13
Atwood City,959
Aubry Twp 0-01,172
Aubry Twp 0-02,1280
Aubry Twp 0-03,610
Aubry Twp 0-04,1660
Aubry Twp 0-05,24
Aubry Twp 0-06,158
Aubry Twp 0-08,92
Aubry Twp 0-09,14
Augusta City W1,1725
Augusta City W2,1241
Augusta City W3,1837
Augusta City W4,1674
Augusta Twp - 14,300
Augusta Twp - 32,722
Augusta Twp 32 A,11
Augusta Twp 32 B,3
Augustine Twp.,16
Aurora / Aurora City,78
Avilla Twp.,45
Avon Twnshp,232
Avon Twp.,126
BA01,2320
BA02,1806
BA03,3134
BA04,4
Bachelor Twp,178
Baker,1637
Bala Twp,477
Balderson Twp,60
Banner,443
Banner Township,50
Banner Twsp.,62
Barnard City,50
Barnes City,84
Barnes Precinct,36
Barrett Twp,80
Basehor City North,3338
Basehor City South,2766
Basehor Twp/Fair,1584
Bassett City,21
Battle Creek Township,21
Battle Hill Twp,85
Bazaar,75
Bazine,261
Bear Creek T/S,23
Beaver,177
Beaver Township,76
Beaver Twp,276
Bell 35,45
Bell Twp,7
Belle Plaine City,1024
Belle Plaine Twnshp H 79,1137
Belle Plaine Twnshp H 82,9
Belle Plaine Twnshp H79 Part A,1
Belle Plaine Twnshp H82 Pt A,1
Belleville-Chautauqua,165
Belleville-Peru,185
Belleville City 1st Ward,489
Belleville City 2nd Ward,521
Belleville City 3rd Ward,372
Belleville Twp,167
Belmont,72
Beloit City 1,1151
Beloit City 2,1282
Beloit Township,150
Belpre City,50
Belpre Twp,67
Belvidere,23
Belvue,268
Bendena Country Precinct,194
Benedict City,40
Benkelman Twp,28
Benn City,396
Benn Twp,462
Bennett,158
Benton,194
Benton 2,177
Benton City 75,662
Benton City 75 C,1
Benton City 85,92
Benton Twp 75,910
Benton Twp 85,296
Bern City,127
Berwick Township,284
Bethany Twp,56
Beulah,222
Beverly City,70
Big Bend Twp / Republic,120
Big Bow,124
Big Creek,369
Big Creek Twp CC1,66
Big Creek Twp CC4,50
Big Springs 58,315
Big Timber Twsp.,37
Bigelow Twp,24
Bird City,482
Bison City,128
Black Wolf,80
Blaine,240
Blaine Township,34
Blaine Twp,94
Blair Precinct,175
Blakely Township,87
Bloom,101
Bloom Twp,112
Bloomfield Township,63
Bloomington Twp,402
Blue Hill Township,24
Blue Rapids City Twp,75
Blue Rapids City Twp/BR,619
Blue Rapids Twp,62
Blue Twp H51,3399
Blue Twp H61,649
Blue Valley - Olsburg,278
Bluff City,34
Bluff Twnshp,46
BM TWP Precinct Bm00001,344
BN01,377
Bogue City,109
Boling/High Prairie H38,1085
Boling/High Prairie H40,382
Boling/High Prairie H41,288
Boling/High Prairie H42,76
Bolton East H12,207
Bolton West,814
Bonaville Twp,61
Bonner Springs City,5
Bow Creek,25
Br. Grove Twp,31
Brantford Precinct,63
Brazilton,56
Brewster / W Hale,256
Bronson City,192
Brownscreek Township,43
Bruno Twp North - 77,922
Bruno Twp North - 77 B,94
Bruno Twp North - 77 C,45
Bruno Twp North - 99,304
Bruno Twp South - 77,435
Bruno Twp South - 88,5
Bryant Township,56
BS01-01,1234
BS02-01,1225
BS03-01,1401
BS04-01,1412
Buckeye,846
Buckeye 1,34
Buckeye Twp,76
Bucklin City,497
Bucklin Twp,63
Buffalo,69
Buffalo - Auburn,692
Buffalo City,135
Buffalo Township,56
Buffalo Twp,311
Buhler 74,944
Bunker Hill City,88
Burdett City,164
Burlington City,1639
Burlington Twp.,312
"Burlington Ward 2, CC Hts.",77
"Burlington Ward 2, Exclave 2",7
Burns,140
Burr Oak City,112
Burr Oak Precinct,113
Burr Oak Township,52
Burrton,497
Burrton A6,126
Byron 052,45
C Eudora 54,1297
CA/10,154
CaC W1,290
CaC W1 ExA,2
CaC W1 ExC,2
CaC W2,283
CaC W3,338
CaC W4,345
CaC W4 ExA,1
Caldwell Twnshp,101
Caldwell Ward 1,238
Caldwell Ward 2,447
Calhoun Twp,35
Calvin Township,42
Caneyville,56
Canren,52
Canton,72
Canton City,402
Canton Twp,143
Canville H2,141
Canville Part A H7,290
Canville Part B H7,5
Capaldo,395
Capioma Township,118
Carlton City USD473,35
Carlyle Twp,237
Carneiro,45
Carr Creek Township,16
Cassoday/Sycamore Twp,222
Castle Twp,50
Castleton 36,231
Catlin,116
Catlin/Peabody East,2
Catlin/Peabody West,6
Cawker Township,355
CE TWP Precinct Ce00002,345
Cedar,811
Cedar City,22
Cedar Point,12
Cedar Township,61
Cedar TWP,130
Cedron Township,25
Center,993
Center 1,664
Center 1 TWP,152
Center 1A TWP,47
Center 2,659
Center 2A,150
Center 37,171
Center III Township,51
Center IV Township,82
Center Township,244
Center Twp,832
Center TWP,345
Center Twp CC5,116
Center Twsp.,55
Center1 - Prec 1,445
Center2 - Prec 1,94
Centerville,377
Central Mission - Mission,777
Central Pauline - Topeka,153
Centralia-Home,275
Centralia-Illinois,49
Centre,382
Centropolis North Twp,375
Centropolis South Twp,380
CH01,1475
Chanute P1 W2,590
Chanute P1 W3,1226
Chanute P1 W3 Exclave,1
Chanute P1 W4,678
Chanute P2 W2,596
Chanute P2 W3,518
Chanute P2 W4 H7,454
Chanute P2 W4 Part A H2,7
Chanute P2 W4 Part B H2,1
Chanute P3 W3 Exclave,4
Chanute P3 W3 H2,178
Chanute P3 W3 H7,899
Chanute P3 W4 Exclave C,5
Chanute P3 W4 H2,46
Chanute P3 W4 H7,448
Chanute Ward 1,189
Chapman,76
Chapman City USD473,1004
Chapman Twp,36
Charleston Precinct,48
ChC W1,732
ChC W2,551
Cheever,108
Chelsea Twp,208
Cherokee,367
Cherokee-Sheridan,241
Chetopa City,729
Chetopa H13,473
Chetopa H2,1
Chetopa H9,141
Chetopa TWP,107
Cheyenne - Tecumseh,751
Cheyenne Twp,315
Chicopee,422
Chikaskia,27
Chikaskia Twnshp,42
Cimarron,46
Cimarron City 1,259
Cimarron City 2,1162
Cimarron TWP,70
Cimarron Twp 1,169
Cimarron Twp 2,83
Circleville City,106
City of Auburn - Auburn,788
City of Jetmore - North,234
City of Jetmore - NW/SW Center,114
City of Jetmore - South,247
Clarence Twp,96
Clark,91
Clay Center City W1,790
Clay Center City W2,849
Clay Center City W3,701
Clay Center City W4,613
Clay Center Twp,307
Clay North 38,739
Clay North Enclave,4
Clay South H102-1,142
Clay South H102A,6
Clay South H104,480
Clay South H114,200
Clay Twp,62
Clear Creek,285
Clear Creek 053,19
Clear Creek Township,74
Clear Creek Twp,100
Clear Fork Twp,34
Cleveland 054,43
Cleveland Run Twp,37
Cleveland Twp,94
Clifford Twp,126
Clifton,150
Clifton City,188
Clifton Precinct,67
Clifton TWP,84
Climax City,49
Clinton 51,593
Clyde City / Elk,529
CO01,971
CoC P1,954
CoC P1 ExF,8
CoC P2,770
CoC P3,821
CoC P4,841
CoC P5,969
CoC P6,686
Colby City,3603
Coldwater City,476
Coldwater Twp.,134
Coleman Precinct,41
Colfax,85
Colfax TWP,284
Collyer City,64
Collyer Township,141
Colony City,285
Colorado Township,86
Columbia,40
Comanche Twp,318
Concord Twp,256
Concordia Wd1,466
Concordia Wd2 Pct1,556
Concordia Wd2 Pct2,613
Concordia Wd3,942
Concordia Wd4,409
Conkling Twp,14
Conway Springs (Conway Twnshp),520
Conway Sprngs (Springdale),233
Conway Twnshp H79,178
Conway Twshp H116,64
Coolidge,72
Copeland City,143
Copeland Twp,79
Cora Township,23
Corinth Twp,44
Corning City,154
Cottage Grove Twp,165
Cottage Hill Twp,99
Cottonwood,96
Council Grove - Ward 1,435
Council Grove - Ward 2,389
Council Grove - Ward 3,659
Courtland Twp / Courtland,278
Covert Twp,8
Coyville City,33
Crawford,331
Creek Twnshp,139
Creswell E. H12,429
Creswell E. H80,533
Creswell West,435
Crooked Creek TWP,64
Crowe,196
Crystal,37
Crystal Plains Township,19
Cullen - Williamsport,766
Culver City,75
Culver Twp,80
Cunn-Dresden,173
Cunn-Rural,118
Custer Township,68
Cutler Twp,499
Dale,110
Danville City,24
Darlington B5,340
Darlington B5 North,89
Dayton,29
DB101,1306
DB102,2
DB103,1085
DB104,1330
DB106,6
DB107,1
DB109,451
DB201,965
DB202,2060
DB203,1672
DB301,37
DB302,145
DB303,1072
DB304,197
DB305,13
DB306,275
DB307,463
DB308,1273
DB309,88
DB310,983
DB312,2
DB401,57
DB402,861
DB403,1540
DB404,774
DB405,8
DB406,118
DB407,31
DB408,1414
DC Pct 001 H115 A,922
DC Pct 001 H119 B,896
DC Pct 002 H119 B,1174
DC Pct 003 H119 B,1554
DC Pct 004 H115 A,55
DC Pct 004 H119 B,2095
DC Pct 005,2622
DC Pct 006 H115 A,1566
DC Pct 006 H119 B,1192
DC Pct 007 H119 A,400
DC Pct 007 H119 B,51
DC Pct 009 H119 A,38
DC Pct 009 H119 B,98
DC Pct 012,5
De Soto 0-01,1658
De Soto 0-02,1049
De Soto 0-03,1322
De Soto 0-06,228
De Soto 0-07,306
De Soto 0-08,2
Deer Creek,66
Deer Creek - Topeka,35
Deer Creek Twp,87
Deerfield,444
Deerhead Township Prct2,11
Delaware 1,917
Delaware Township,1324
Delhi Twp,19
Delia City,97
Delmore Twp,116
Delphos City,210
Denison City,103
Denton City Precinct,98
Denton Country Precinct,108
Dexter,260
Diamond,127
Dighton City,700
Dighton Twp,160
Dixon Twnshp,128
DL03,1
DL04,2
DL10,5
Dodge Twp-3 H115 A,20
Dodge Twp-3 H119 B,50
Dodge Twp H115,355
Dodge Twp H119,72
Dodge TWP N H119,27
Dodge TWP W H119,1
Dor 110 Township,19
Dor 237 Township,2
Dor 392 Township,3
Dorrance City,106
Douglas,1284
Douglas 057,90
Douglass City/Twp,1301
Douglass Twp 32,123
Dover - Dover,572
Downs City,603
Downs Twnshp H79,79
Downs Twnshp H80,41
Doyle,43
Dresden,59
Driftwood,62
Drywood Township,319
Duck Creek TWP,37
Durham City,55
Durham Park Township,73
Durham Twp,12
DW01-01,39
E Cooper 055,35
E Hibbard Twp,66
E Sawlog,32
E St John 003,324
E Wakarusa 65 C1 S2 H42,34
E Wakarusa 65 C1 S2 H46,3
E Wakarusa 65 C2 S2 H42,19
E Wakarusa 65 C2 S3 H10,4
E Wakarusa 65 C2 S3 H42,32
E. Center,84
E. Sibley,67
E.Meredith,38
EA01,472
Eagle,99
Eagle Township Prct 3,21
East Branch,130
East Cottonwood Falls,215
East Ellsworth 1-18,446
East Ellsworth 2-19,397
East Elm Twp,143
East Erie Twp,426
East Fairview,719
East Falls,93
East Hale Twp,87
East Hess Twp,115
East Illinois,16
East Lincoln 107,25
East Lincoln 64,148
East Marion Township,335
East Middle Creek Twp,951
East Morgan Twp,206
East Ogallah Township,51
East Peck - Tecumseh,445
East Rossville - Rossville,699
East Sarcoxie Township,665
East Second,470
East Silver Lake - Silver Lake,845
East Soldier - Soldier,796
East Strong,98
East Strong City,250
East Third,939
East Union Township,1294
East Valley Twp H6,318
East Valley Twp Part A H9,17
East Valley Twp Part B H9,1
East Washington Twp,128
East Wichita - Soldier,1076
Easton City,130
Easton/Easton,726
EB01,654
EBC 111,803
ED01-01,2704
ED02-01,403
ED02-02,9
Eden,54
Eden Twnshp H79,293
Eden Twshp H116,27
Edgerton 0-01,1169
Edgerton 0-02,2
Edgerton 0-05,6
Edgerton 0-06,2
Edgerton 0-08,4
Edgerton 0-09,3
Effingham City,344
EG/11,566
El Dorado Twp East,136
El Dorado Twp West,400
El Dorado Twp West B,2
El Dorado W1,2656
El Dorado W2,3692
El Dorado W3,705
El Dorado W4,1712
El Dorado W4 A,35
Elbing City/Fairmount Twp,371
Elk Creek Twp / Agenda,84
Elk Falls City,95
Elk Falls Township,64
Elkader Twp.,6
Elkhart,1401
Elkhorn Township,109
Ellis City,1538
Ellsworth Twp,130
EllsworthTwp/Kanopolis,43
Elm Creek Twp,119
Elm Mills Township Prct4,87
Elmdale,26
Elmont - Soldier,1101
Elsmore City,44
Elwood City Precinct,712
Elwood Country Precinct,19
Elwood Township Prct5,132
Emma A3,381
Emmett,284
Empire Buckeye West,32
Empire Twp,220
Empire Venango East,116
Enc A - North Independence,2
Englewood,92
Ensign City,124
Enterprise 40,99
Enterprise City USD473,511
Enterprise Twp H115,422
Enterprise Twp H119,48
ER01,79
Erving Township,30
Esbon City,80
Esbon Township,41
Eureka,68
Eureka Township,12
Eureka Twp,418
Evan,443
Everest City,196
Exeter,60
Fairfield Twp CC1,26
Fairplay,85
Fairview 058,52
Fairview City,171
Fairview H79,182
Fairview Twp,690
Fairview Twp / Munden,90
Fairview Twp CC3,60
Fairway 1-01,506
Fairway 1-02,366
Fairway 2-01,350
Fairway 2-02,464
Fairway 3-01,495
Fairway 3-02,464
Fairway 4-01,234
Fairway 4-02,243
Fairway 4-03,173
Fairway 4-04,247
Fall River City,131
Fall River Twp,107
Fall River TWP,194
Falls Twnshp,121
Fancy Crk Twp,77
Fargo Township 1,98
Fargo Township 2,66
Fargo Township 3,23
Fargo Township 4,342
Farmer Twp,262
Farmington 059,270
Farmington Precinct,115
Farmington Twp,41
Five Creeks,93
Flora,75
Florence 1st,129
Florence 2nd,148
Fontana City (Osg Twp),123
Foote Twp,55
Forbes - Williamsport,99
Ford City,131
Ford Twp,98
Formoso City,53
Forrester,67
Fort Riley Pecinct B H68,757
Fort Riley Precinct A H65,582
Fort Riley Precinct B H65,457
Fort Scott 1st Ward,966
Fort Scott 2nd Ward,915
Fort Scott 3rd Ward,399
Fort Scott 4th Ward,801
Fort Scott 5th Ward,825
Fort Scott 6th Ward,2078
Fort Scott 7th Ward,1054
Fountain Twp,85
Fowler City,408
Fowler TWP,99
Fox - Soldier,828
Fragrant Hill,227
Franklin,888
Franklin East,337
Franklin Precinct,59
Franklin Township,317
Franklin Twp,1215
Fredonia Ward 1,313
Fredonia Ward 2,111
Fredonia Ward 3,142
Fredonia Ward 4,593
Freedom,133
FREEDOM D1,238
FREEDOM D5,6
Freedom Twp,123
FRIEND 122,97
Frontenac 1st Ward,772
Frontenac 2nd Ward,1008
Frontenac 3rd Ward,432
Frontenac 4th Ward,376
Ft. Leav,1710
Fulton City,118
FV/13,133
GA01,1583
Gaeland,33
Gaillardia - Mission,843
Gale,190
Galesburg,171
Galt Twp,60
Galva City,551
Garden  A2,200
Gardner 0-01,2407
Gardner 0-02,12
Gardner 0-03,1570
Gardner 0-04,1310
Gardner 0-06,2428
Gardner 0-07,33
Gardner 0-08,791
Gardner 0-09,2352
Gardner 0-10,1428
Gardner 0-13,1469
Gardner 0-14,1039
Gardner 0-17,3
Gardner 0-19,350
Gardner 0-20,859
Gardner 0-22,132
Gardner 0-23,2
Gardner 0-25,5
Gardner 0-26,3
Gardner 0-27,2
Gardner Twp 0-01,540
Gardner Twp 0-02,182
Gardner Twp 0-03,261
Gardner Twp 0-04,2
Gardner Twp 0-05,5
Gardner Twp 0-07,2
Gardner Twp 0-08,6
Gardner Twp 0-11,33
Gardner Twp 0-13,1
Gardner Twp 0-14,4
Gardner Twp 0-16,12
Gardner Twp 0-17,3
Gardner Twp 0-18,5
Gardner Twp 0-19,271
Gardner Twp 0-20,2
Gardner Twp 0-21,32
Gardner Twp 0-22,98
Gardner Twp 0-24,2
Gardner Twp 0-25,29
Garfield,588
Garfield 237 Township,7
Garfield 392 Township,24
Garfield City,93
Garfield Twp,93
Garfield Twsp.,92
Garnett City Prec. 1,848
Garnett City Prec. 2,718
Garnett City Prec. 3,650
Garnett City Prec. 4,202
Gas City,346
Gaylord City,69
"GBC-P1,W1",631
"GBC-P1,W2",983
"GBC-P1,W3",712
"GBC-P1,W4",748
"GBC-P2,W1",924
"GBC-P2,W2",882
"GBC-P2,W3",797
"GBC-P2,W4",639
"GBC-P3,W1",656
"GBC-P3,W2",887
"GBC-P3,W3",854
"GBC-P3,W4",312
GD01,534
Gem / Lacey Twp,112
Geneva Twp,103
German Township,23
Gettysburg Township,58
Geuda Springs City,79
Gill,101
Gilman Township,120
Girard 1st Ward,204
Girard 2nd Ward,621
Girard 3rd Ward,439
Girard 4th Ward,609
Glade City,52
Glasco City / Solomon,342
Glen Elder Township,343
Glencoe Twp,143
Glenwood,35
Glenwood S5,472
Glenwood S9,1671
GN01,1132
GN09,2
GN10,2
GN13,2
GO01,59
GO02,141
GO04,176
GO05,1742
GO06,2101
GO08,4
GO11,1
Goessel,377
Goff City,70
Golden Belt Township,33
Gore Twnshp H 79,337
Gore Twnshp H 82,168
Gore Twp H82-32,237
Gorham City,244
Goshen,44
Gove,148
GR01,148
Graham Township,41
Grainfield,253
Granada Township,72
Grandview Plaza Precinct,856
Grandview Twp East H115 B,6
Grandview Twp H115,277
Grandview Twp Ward 2 H115 A,30
Grandview Twp Ward 2 H119 C,49
Granite,21
Grant,1597
Grant / Jamestown City,215
Grant 41,705
Grant 55 H42,80
Grant 55 H45,227
Grant Precinct,29
Grant Township,159
Grant Twp,1190
Grant Twp CC1,148
Grasshopper,281
Great Bend Twp A,978
Great Bend Twp B,146
Greeley City,201
Green,92
Green Garden Twp/Lorraine,49
Green Twp,160
Greene Twnshp,58
Greenfield Township,74
Greenleaf City,158
Greenleaf Precinct,58
Greenwood,28
Greenwood Twp,342
Grenola City,127
Gridley City,215
Grinnell,266
Grove - Grove,560
Grove 42,41
Groveland Twp,121
Guelph Twnshp,114
Guilford TWP,66
Guittard Twp,98
Guittard Twp/Beattie,136
GY01,2211
GY02,318
GY03,69
GY04,108
GY07,245
GY08,109
Gypsum Creek Twp,123
H.C.C. #1,135
H.C.C. #2,623
H.C.C. #3,220
HA/16,257
HA11,1306
HA15,3
HA17,460
HA21,1226
HA24,92
HA25,38
HA27,466
HA31,1428
HA33,125
HA35,164
HA41,1178
HA42,564
Haddam City,59
Haddam Precinct,40
Hallet,32
Halstead 1-1,561
Halstead 1-2,851
Halstead A7,228
Hamilton City,179
Hamlin City,26
"Hamlin Twp, Hamlin",101
"Hamlin Twp, Reserve",68
Hampden Twp.,117
Hampton-Fairview Twsp.,72
Hancock Twp,15
Hanover City,424
Hanover Precinct,165
Hanover Township,31
Happy Township,39
Harlan Township,59
Harmon Twnshp,209
Harmony,64
Harper City,856
Harper Twp,114
Harrison,52
Harrison-Goff,55
Harrison-Kelly,79
Harrison Township,16
Harrison Twp,504
Hartland Twp,81
Harvey,72
Harvey 110 Township,7
Harvey 237 Township,54
Haven City 75,879
Haven H101,231
Haven H114,80
Haviland,368
Haviland A TWP,53
Haviland TWP,101
Hawkeye Twp,21
Hayes,313
Hayes 060,119
Hayes 1,17
Hayes 44,49
Hayes Township,20
Hayes Twp,570
Hays W1 P1,678
Hays W1 P2,826
Hays W2 P1,879
Hays W2 P2,704
Hays W2 P3,555
Hays W2 P4,626
Hays W2 P5,533
Hays W3 P1,587
Hays W3 P2,914
Hays W3 P3,935
Hays W3 P4,2199
Hays W4 P1,739
Hays W4 P2,1024
Hays W4 P3,741
Hays W4 P4,1349
Hays W4 P5,1168
Hazelton Township Prct6,88
HE 110,298
HE 111,991
Hendricks,75
Henry Twp,15
Hepler,79
Herington W1,584
Herington W2,604
Herington W4,378
Herkimer Twp,160
Herl,126
Herndon City,116
Hesston 1-1,1333
Hesston 1-2,1198
Hiawatha - Ward 1,342
Hiawatha - Ward 2,930
Hiawatha - Ward 3,771
Hiawatha - Ward 4,156
Hiawatha Twp,450
Hickory Twp,70
Highland,112
Highland A4,262
Highland City Precinct,435
Highland Country Precinct,272
Highland Precinct,17
Highland Township,71
Highland Twp,71
Highland1 - Prec 1,297
Highland2 - Prec 1,81
Highland3 - Prec 1,82
Highpoint,27
Hill City Township #71,8
Hill City Township #72,58
Hill City Township #73,44
Hillsboro 1st,826
Hillsboro 2nd,896
HO/18,254
Hois- Ward 4,448
Hois - Ward 1,504
Hois - Ward 2,482
Hois - Ward 3,428
HOLCOMB 122,1729
Holland,57
Hollenberg City,9
Holmwood Township,22
Home Township,104
Homestead,37
Homewood Twp,450
Hoosier,108
Hope,79
Hope City,237
Horace City,57
Horton - Ward 1,445
Horton - Ward 2,361
Horton - Ward 3,252
Houston 237 Township,33
Howard City,438
Howard Township,129
Hoyt City,404
HUFFMAN 122,723
Hugoton 1,513
Hugoton 2,830
Hugoton 3,901
Humboldt City,1294
Humboldt Twp,219
Hunnewell City,48
Huntsville 45,93
Huron,125
Huron City,46
Hutchinson 1 H102,566
Hutchinson 1 H102A,36
Hutchinson 10,1050
Hutchinson 11,1048
Hutchinson 12,695
Hutchinson 13 H102,474
Hutchinson 13 H104,327
Hutchinson 14,756
Hutchinson 15,693
Hutchinson 16,1038
Hutchinson 17,848
Hutchinson 18,487
Hutchinson 19,585
Hutchinson 2,607
Hutchinson 20,837
Hutchinson 21,1611
Hutchinson 22-H104,1076
Hutchinson 23 Exclave,260
Hutchinson 23 H104,1301
Hutchinson 24,864
Hutchinson 25,895
Hutchinson 26,419
Hutchinson 26 Exclave H102,134
Hutchinson 27,614
Hutchinson 28,1305
Hutchinson 28 Exclave,581
Hutchinson 29,612
Hutchinson 3,371
Hutchinson 30,462
Hutchinson 31,723
Hutchinson 32,207
Hutchinson 33,256
Hutchinson 34,133
Hutchinson 34 Exclave,1
Hutchinson 35,348
Hutchinson 4,1184
Hutchinson 5,877
Hutchinson 6,713
Hutchinson 7,837
Hutchinson 8,392
Hutchinson 9,1024
Ichabod Washburn - Mission,13
IL01,1543
Illinois Township,167
Illinois Twnshp,124
Illinois Twsp.,36
InC W1,857
InC W2 P1,244
InC W2 P2,227
InC W3 P1,735
InC W3 P1 ExA,1
InC W3 P2,33
InC W4 P1,924
InC W5,963
InC W6 P1,1031
InC W6 P2,518
InC W6 P3,234
Independence Precinct,79
Independence Twp,17
Independent Twp,555
Indian Creek Twp,101
Indian Hills - Mission,651
Indiana Township,82
Indianola - Soldier,741
Ingalls City,189
Ingalls Twp,161
Inman City,922
Iola City,3641
Ionia Township,51
Iowa Township,20
Iroquois - Soldier,970
Irving Twp,227
Isbel Twp,62
Itasca Township,212
Ivanhoe,87
J BARKER 122-A,781
J BARKER 122-C,2
J BARKER 123-A,24
J BARKER 123-B,8
J BARKER 123-F,8
J BARKER 123-G,4
J BARKER 123-H,4
Jackson Township,129
Jackson Twnshp H79,23
Jackson Twnshp H80,84
Jackson Twp,756
Janesville Twp,159
Jaqua Twp,9
Jefferson,820
Jefferson  (Jefferson),331
Jefferson Township,841
Jefferson Twp,88
Jerome,83
Jewell City,278
Johnson,39
Jones,8
KALVESTA 122,94
Kanopolis City,335
Kanorado City,90
Kanwaka 56 C1 H45,98
Kanwaka 56 S19 H47,23
Kanwaka 56 S3 H47,1164
Kapioma,188
Kaw - Tecumseh,732
Kaw Township,1043
KC01-01,288
KC01-02,368
KC01-03,237
KC01-05,35
KC02-01,491
KC02-02,330
KC02-03,89
KC02-04,487
KC02-05,641
KC02-06,25
KC03-01,931
KC03-02,950
KC03-03,174
KC03-04,655
KC03-05,53
KC04-01,844
KC04-02,383
KC04-03,602
KC04-04,1017
KC05-01,991
KC05-02,482
KC05-03,464
KC05-04,543
KC05-05,522
KC06-01,626
KC06-02,266
KC07-01,563
KC07-02,461
KC07-03,599
KC07-04,953
KC07-05,212
KC07-06,1129
KC07-07,493
KC07-08,955
KC07-09,1206
KC07-10,612
KC07-11,15
KC08-01,913
KC08-02,850
KC08-03,1182
KC08-04,1122
KC09-01,174
KC09-02,881
KC09-03,1712
KC09-04,203
KC09-05,86
KC09-06,1035
KC09-07,905
KC09-08,479
KC09-09,358
KC09-10,861
KC09-11,136
KC09-12,948
KC09-13,662
KC09-14,826
KC09-15,4
KC09-16,2331
KC09-17,9
KC09-18,182
KC09-19,39
KC09-21,65
KC09-22,134
KC09-23,77
KC09-24,40
KC09-25,1097
KC10-01,889
KC10-02,862
KC10-03,66
KC10-04,613
KC10-05,1003
KC10-06,345
KC10-07,239
KC11-01,937
KC11-02,869
KC11-03,1050
KC11-04,976
KC11-05,1143
KC11-06,758
KC11-07,624
KC11-08,1016
KC11-09,490
KC11-10,700
KC11-11,858
KC11-12,279
KC11-13,162
KC11-14,233
KC11-15,329
KC11-16,98
KC11-17,17
KC12-01,923
KC12-02,707
KC12-03,1009
KC12-04,1009
KC12-05,499
KC12-06,924
KC12-07,946
KC12-08,610
KC12-09,127
KC12-10,185
KC12-11,368
KC12-12,397
KC12-13,685
KC12-14,317
KC12-15,80
KC12-16,320
KC13-01,1053
KC13-02,858
KC13-03,464
KC13-04,446
KC13-05,144
KC13-06,207
KC13-07,542
KC13-08,658
KC13-09,882
KC13-10,86
KC13-11,672
KC13-12,619
KC13-13,275
KC14-01,922
KC14-02,459
KC14-03,414
KC14-04,796
KC14-05,755
KC14-06,958
KC14-07,1174
KC14-08,889
KC14-09,524
KC14-10,1841
KC14-11,898
KC14-12,1877
KC14-13,1268
KC14-14,2030
KC14-15,888
KC14-16,472
KC14-17,918
KE01,2
KE02,12
KE03,1282
KE04,53
KE07,16
KE08,5
KE10,6
KE17,1
KE19,9
KE21,17
KE26,7
Kendall T/S,60
Kendall Twp,52
Kensington City,339
Kentucky Township,1258
Key West Twp.,198
Keystone Twp,75
Keysville Twp,25
Kickapoo/Kickapoo H41,1449
Kickapoo/Kickapoo H42,89
Kill Creek Twp,3
Kilmer - Soldier,216
Kimeo Precinct,31
Kincaid City,100
King City Twp,372
Kingery Twp,59
Kingman Twp,89
Kingman Ward 1,570
Kingman Ward 2,850
Kingman Ward 3,328
Kingman Ward 4,452
Kingston - Williamsport,195
Kinsley City Ward 1,453
Kinsley City Ward 2,411
Kinsley Twp,79
Kiowa - Tecumseh,978
Kiowa East Townshp Prct7,392
Kiowa West Townshp Prct8,250
Kiro - Menoken,731
Kirwin,43
Kirwin City,112
Kismet City,220
LaCrosse-Brookdale Twsp. #1,43
LaCrosse-Brookdale Twsp. #2,37
LaCrosse City #1,518
LaCrosse City #2,325
Ladore,278
Lafayette,31
LaHarpe City,309
Lake B2,111
Lake City Township Prct9,56
Lake Quivira 0-01,908
Lake Twp,53
Lakin B3,195
Lakin City,1201
Lakin Twp,202
Lakin Twp A,1553
Lakin Twp B,58
Lamont T/S,51
Lancaster,247
Lancaster City,197
Lane 110 Township,25
Lane 237 Township,30
Lane City,164
Lane Twp,27
Langdon 46,61
Langdon City 76,37
Langley,58
Lansing Ward 1,1625
Lansing Ward 2,2080
Lansing Ward 3,1795
Lansing Ward 4,1860
Larned City Ward 1 C1,459
Larned City Ward 1 C4,47
Larned City Ward 2 C1,635
Larned City Ward 2 C4,61
Larned City Ward 3,697
Larned City Ward 4 C1,7
Larned City Ward 4 C4,400
Larned Twp C01,118
Larned Twp C04 Part A,48
Larned Twp C04 Part B,23
Larrabee,27
Latham/Union,100
Lawrence 01,736
Lawrence 02,748
Lawrence 03,1002
Lawrence 04,866
Lawrence 05,909
Lawrence 06,1042
Lawrence 07,504
Lawrence 08,744
Lawrence 09,679
Lawrence 10,366
Lawrence 11,864
Lawrence 12,1463
Lawrence 13,1085
Lawrence 14 H10,1605
Lawrence 14 H44,476
Lawrence 15,1289
Lawrence 16,1044
Lawrence 17,1437
Lawrence 18,1796
Lawrence 19,1328
Lawrence 20,1740
Lawrence 21,567
Lawrence 22,1305
Lawrence 23,656
Lawrence 24,875
Lawrence 25 H10,58
Lawrence 25 H46,625
Lawrence 26 H10,678
Lawrence 26 H46,196
Lawrence 27,870
Lawrence 28,792
Lawrence 29,855
Lawrence 30,734
Lawrence 31,1104
Lawrence 32 C1 S2,1226
Lawrence 33,835
Lawrence 34,702
Lawrence 35 H10,667
Lawrence 35 H46,494
Lawrence 36,1220
Lawrence 37,1305
Lawrence 38 H10,1657
Lawrence 38 H42,435
Lawrence 39,1055
Lawrence 40,948
Lawrence 41 H46,1754
Lawrence 42 S19 H45,512
Lawrence 42 S2 H46,427
Lawrence 43,2343
Lawrence 44 H44,438
Lawrence 44 H45,725
Lawrence 45,1858
Lawrence 46 H44,1205
Lawrence 46 H45,1068
Lawrence 47,663
Lawrence 48,1401
Lawrence 49 H45,1773
Lawrence 49 H47,276
Lawrence 71,1937
Lawrence 74,3001
Lawrence 76,185
Lawrence 77,697
Lawrence Twp,19
LB/19,289
Leawood 1-01,850
Leawood 1-02,1332
Leawood 1-03,1152
Leawood 1-04,1140
Leawood 1-05,826
Leawood 1-06,284
Leawood 1-07,1096
Leawood 2-01,973
Leawood 2-02,1496
Leawood 2-03,1251
Leawood 2-04,1291
Leawood 2-05,742
Leawood 2-06,765
Leawood 2-07,673
Leawood 3-01,1170
Leawood 3-02,1238
Leawood 3-03,820
Leawood 3-04,467
Leawood 3-05,2257
Leawood 3-06,1895
Leawood 3-07,225
Leawood 4-01,367
Leawood 4-02,935
Leawood 4-03,797
Leawood 4-04,1217
Leawood 4-05,1154
Leawood 4-06,1050
Leawood 4-07,2117
Lebanon City I,153
Lebo City,627
Lecompton 57 C1 H45,99
Lecompton 57 C2 H45,646
Lecompton 57 C2 H47,206
Lees Twp.,9
Lehigh City,97
Lehigh Township,116
Lenexa 1-01,2013
Lenexa 1-02,1373
Lenexa 1-03,1554
Lenexa 1-04,1252
Lenexa 1-05,1371
Lenexa 1-06,618
Lenexa 1-07,1312
Lenexa 1-08,1011
Lenexa 1-09,1657
Lenexa 2-01,1544
Lenexa 2-02,1099
Lenexa 2-03,1765
Lenexa 2-04,2225
Lenexa 2-05,1793
Lenexa 2-06,703
Lenexa 2-07,1624
Lenexa 2-09,31
Lenexa 2-10,659
Lenexa 2-11,1309
Lenexa 3-01,1306
Lenexa 3-02,2100
Lenexa 3-03,1449
Lenexa 3-04,950
Lenexa 3-05,1281
Lenexa 3-06,476
Lenexa 3-07,1087
Lenexa 3-08,1075
Lenexa 3-09,1081
Lenexa 3-10,419
Lenexa 4-01,889
Lenexa 4-02,1048
Lenexa 4-03,1077
Lenexa 4-04,761
Lenexa 4-05,589
Lenexa 4-06,4
Lenexa 4-07,904
Lenexa 4-08,782
Lenexa 4-09,972
Lenexa 4-10,486
Lenexa 4-11,1138
Lenexa 4-12,871
Lenexa 4-13,236
Leon/Little Walnut,681
Leona City Precinct,19
Leona Country Precinct,39
LeRoy City,368
LeRoy Twp.,74
Lewis,6
Lewis City,216
Lexington,30
Lexington Twp 0-01,19
Lexington Twp 0-02,1
Lexington Twp 0-03,3
Lexington Twp 0-04,1
Lexington Twp 0-06,15
Lexington Twp 0-09,204
Lexington Twp 0-10,1082
LI/21,292
LI01,410
Liberal Township 1,159
Liberal Township 2,70
Liberal Township 3,81
Liberal Township 4,81
Liberal Township 5,61
Liberty,926
Liberty T/S,27
Liberty Township,220
Liberty Twp,347
Liberty Twp Precinct Lb00003,715
Liberty Twp.,171
Liebenthal City,75
Limestone Township,37
Lincoln,1812
Lincoln-Arcadia,110
Lincoln 061,65
Lincoln 237 Township,2
Lincoln 272 Township,40
Lincoln 47,346
Lincoln City,777
Lincoln Precinct,29
Lincoln Township,62
Lincoln Twp,1938
Lincoln Twp CC1,85
Lincoln Twp.,280
Lincolnville,120
Lindsborg City Ward 1,579
Lindsborg City Ward 2,598
Lindsborg City Ward 3,600
Lindsborg City Ward 4,611
Linn City,183
Linn Precinct,103
Linwood City,283
Linwood/Sherman H38,1852
Linwood/Sherman H42,208
Little Blue Precinct,47
Little Caney,250
Little Muddy Creek - Soldier,451
Little River 48,406
Little Valley Twp,300
Llanos Township,30
Loda 49,75
Logan,229
Logan City,391
Logan Precinct,83
Logan Township,305
Logan Twp,831
Logan TWP,84
Logansport Twp.,3
London Twnshp,568
Lone Elm City,15
Lone Elm Twp,171
Lone Star,904
Lone Star Twsp.,56
Lone Tree - Wheaton,177
Lone Tree Twp,168
Long Island,68
Long Island City,119
Longford,73
Longton City,180
Longton Township,61
Lorraine City,82
Lost Springs City,31
Lost Springs Township,82
Louisburg City 1,827
Louisburg City 2,944
Louisburg City 3,1003
Louisburg City 4 - MC,57
Louisburg City 4 - Wea,832
Louisville,801
Lowe Precinct,47
Lucas City,221
Ludell,78
Lulu Township,57
Luray City,114
Luray Twp CC2,37
Luray Twp CC3,6
Lyon,69
Lyon H70,176
Lyon Township,225
Lyons 1st Ward,535
Lyons 2nd Ward,563
Lyons 3rd Ward,545
Lyons 4th Ward,600
MACK 122-A,575
MACK 122-B,62
MACK 122-C,5
Macon A8,274
Macon A8 East-72,62
Madison City,474
Madison Township,83
Madison Twp,252
Madison Twp B,24
Madison Twp H64,823
Madison Twp/Ft Riley B H68,258
Madison Twp/Ft. Riley,1031
Madison Twp/Ft. Riley A H68,602
Mahaska City,38
Manchester City,56
Manhattan City,6
Manhattan City w1/p1,1289
Manhattan City W10/P1,367
Manhattan City W11/P1,1448
Manhattan City W11/P3,225
Manhattan City w12/p1,78
Manhattan City w13/p1,3
Manhattan City w2/p1,1545
Manhattan City w2/p2,563
Manhattan City w2/p3,667
Manhattan City w2/p4,839
Manhattan City w2/p5,1379
Manhattan City w2/p6,305
Manhattan City w2/p7,18
Manhattan City w3/p1,239
Manhattan City w3/p2,1054
Manhattan City w3/p3,1345
Manhattan City w4/p2,344
Manhattan City w4/p3,778
Manhattan City w4/p4,1817
Manhattan City w4/p5,1085
Manhattan City W4/P5 Exclave,19
Manhattan City W4/P6,942
Manhattan City W4/P7,94
Manhattan City w5/p10,2447
Manhattan City w5/p11,2025
Manhattan City w5/p2,1196
Manhattan City w5/p3,1407
Manhattan City w5/p5,738
Manhattan City w5/p6,1100
Manhattan City w5/p7,540
Manhattan City w5/p8,695
Manhattan City w5/p9,1904
Manhattan City w6/p1,106
Manhattan City W8/P1,569
Manhattan City W8/P2,5
Manhattan City W8/P3,1412
Manhattan City W9/P1,192
Manhattan City W9/P2,129
Manhattan City W9/P3,75
Manhattan Twp 1-H64,398
Manhattan Twp 2,405
Manhattan Twp 3-H67,143
Manhattan Twp 3-H68,6
Manhattan Twp 4-H51,7
Manhattan Twp 4-H61,263
Manhattan Twp 4-H64,359
Manhattan Twp 4-H66,1
Mankato City,615
Manter,143
Maple,611
Mapleton City,79
Marion 59,673
Marion North,715
Marion Precinct,171
Marion South,658
Marion Township,310
MARMATON D2,413
MARMATON D4,127
Marmaton Twp,206
Marquette City,422
Marquette Twp,107
Martin 110 Township,9
Martin 237 Township,10
Marysville City Ward 1,671
Marysville City Ward 2,605
Marysville City Ward 3,478
Marysville City Ward 4,601
Marysville Twp,216
Matfield,49
Matfield Green,43
Mayday Twp,56
Mayetta City,199
Mayfield City,70
Mcadoo Township Prct10,18
McAllaster Twp.,25
McCamish Twp 0-01,108
McCamish Twp 0-02,292
McCamish Twp 0-04,2
McCamish Twp 0-06,134
McCamish Twp 0-07,276
McCracken City,113
McCune,285
Mcdonald City,113
McPherson City Ward 1,4489
McPherson City Ward 2,1417
McPherson City Ward 3,947
McPherson City Ward 4,2055
McPherson Township,21
McPherson Twp,425
Meade Center TWP,243
Meade City,1318
Meadowlark - Auburn,920
Med Lodge Five Prct15,44
Med Lodge Four Prct14,171
Med Lodge One Prct11,434
Med Lodge Three Prct13,270
Med Lodge Two Prct12,368
Medford 50,120
Medora 51,1291
Medway T/S,31
Menlo,51
Menno,247
Meridian Twp,178
Merriam 1-01,579
Merriam 1-02,514
Merriam 1-03,201
Merriam 1-04,530
Merriam 2-01,258
Merriam 2-02,2
Merriam 2-03,677
Merriam 2-04,1011
Merriam 3-01,1233
Merriam 3-02,1042
Merriam 4-01,1341
Merriam 4-02,501
Merriam 4-03,628
Mertilla TWP,78
Messhoss Creek - Menoken,580
MH01,544
MH02,6
MH04,2
MI01,1589
MI03,4
MI05,2
MI07,35
MI08,36
MI09,336
MI12,2
MI14,149
MI18,3
MI20,3
MI22,2
MI26,23
Miami 52,49
Miami Twp H6,189
Miami Twp H9,268
Michigan Twp,60
Milan City,34
Milford City,276
Milford Township,947
Mill Creek - Onaga,695
Mill Creek Precinct,58
Millbrook Township,85
Millcreek Township,410
Milton,59
Milton Twp - 75,283
Miltonvale City / Starr,327
Mingona Township Prct16,63
Mirage,33
Mission,609
Mission 1-01,657
Mission 1-02,1061
Mission 2-01,1131
Mission 2-02,1097
Mission 3-01,1270
Mission 3-02,532
Mission 4-01,697
Mission 4-02,783
Mission 4-03,250
Mission 4-04,311
Mission Hills 0-01,722
Mission Hills 0-02,918
Mission Hills 0-03,589
Mission Hills 0-04,943
Mission Twp,393
Mission Woods 0-01,162
Mitchell Township,262
Mitchell Twp,89
MO01,484
MO03,4
Moline City,243
Monroe Twp,269
Montana Township,46
Montara - Williamsport,693
Montezuma City,415
Montezuma Twp,193
Monument Twp.,98
Moore,40
Moore Township Prct17,47
Moran City,300
Morganville,138
Morlan Township,46
Morland City,97
Morrill City,136
Morrill Twp,177
Morris Twnshp,20
Morrowville City,79
Morton Twp,117
Moscow,369
Mound,100
Mound City Precinct Mc00006,1084
Mound Twp,265
Mound Twp H5,140
Mound Twp H9,403
Moundridge City,1167
MP/28,955
Mpls City I,412
Mpls City II,313
Mpls City III,495
Mt. Ayr Twp,23
Mt. Pleasant,698
MT/23,110
Mulberry,62
Mulberry 1st Ward,126
Mulberry 2nd Ward,155
Mullinville,125
Mullinville TWP,129
Mulvane City,519
Mulvane City Exclave A H82,2
Mulvane City Exclave B H79,8
Murdock Twp,311
Murdock Twp A,7
Murray Twp,157
Murray Twp/Axtell,316
Muscotah City,112
MV/26,507
MV01,947
MV02,2690
MV05,3
MV06,148
MV07,1
MV14,1
N Brown Twp,44
N Center,49
N Central Monmouth - Monmouth,376
N Dudley,68
N Eudora 52 City,654
N Eudora 52 Twp,90
N Lincoln Twp Precinct Ln00004,1747
N Lockport,79
N Marysville Twp ENC H26 S23,6
N Marysville Twp ENC H5 S23,8
N Marysville Twp H5 S23,132
N Marysville Twp H5 S37,339
N Marysville Twp H6 S23,155
N Marysville Twp H6 S37,261
N Marysville Twp Prt B H6 S37,1
N Paola Twp E1 Part 1,12
N Paola Twp E2 Part 2,75
N Paola W Twp,389
N Potosi Twp Precinct Po00008,754
N Seward 067,110
N Stafford  001,347
N Wakarusa 64 S19 H45,264
N Wakarusa 64 S2 H46,1
N. Marena,184
N.Lawrence,49
Nashville,50
Natoma City,216
Natoma Twp,14
NBC 110,233
NBC 111,388
NE Baldwin 61 H43,287
NE Baldwin 61 H5,1403
NE/30,116
Nelson,94
Nemaha Township,101
Neodesha TWP,331
Neodesha Ward 1,308
Neodesha Ward 2,246
Neodesha Ward 3,229
Neodesha Ward 4,505
Neosho Twp.,87
Netawaka,135
Netawaka City,120
Neuchatel Township,83
Nevada,284
New Albany City,27
New Gottland Twp,418
New Strawn City,326
Newark TWP,160
Newbern,289
Newton 1-1,737
Newton 1-2,615
Newton 1-3,451
Newton 2-1,697
Newton 2-2,1597
Newton 3-1,617
Newton 3-2,1018
Newton 3-3,892
Newton 3-4,2090
Newton 4-1,788
Newton 4-2,1310
Newton 4-3,999
Newton 4-4,428
Newton A9 AB-72,209
Newton A9 AB-74,39
Newton A9 CG-72,68
NF City,79
NF Twp,29
NF Twp/Piqua,167
NI01,380
NI02,1987
Nickerson 69,281
Nickerson 70,164
Nickerson 71,204
Nicodemus Township,38
Ninnescah,848
Ninnescah 53,174
NO/33,502
Noble,435
Noble 2,35
Noble Twp,76
Noble Twp/Vermillion,84
North Arma,709
North Center,580
North East Liberty,1
North Elsmore Twp,96
North Fifth,1128
North Homestead Twp,88
North Iola Twp,196
North Mission - Mission,187
North Newton,1371
North Randall Twp,53
North Roscoe,30
North Sedan,489
North Striaght Creek,25
North Tecumseh - Tecumseh,646
North Tioga,344
North Twp,41
North Wea Twp,541
Northeast Monmouth - Monmouth,776
Northwest Monmouth - Monmouth,527
Norton City1 - Prec 1,627
Norton City2 - Prec 2,677
Norton City3 - Prec 2,664
Norton Township,619
Norway Twp,105
Norwich,319
NW Baldwin 60,1335
Oak Hill,21
Oak Township I,55
Oak Valley Township,76
Oakland,78
Oakley,182
Oakley City,1314
Oakley Twp.,140
Odee TWP,26
Odessa Township,18
Odessa Twp,37
Offerle City,132
OG/37,513
Ogallah Township,120
Ogden Twp,1270
OH01,1021
Ohio,152
Ohio 062,62
Ohio Twp,404
Oketo Twp,104
Oketo Twp/Oketo,48
Olathe 1-01,1440
Olathe 1-02,1146
Olathe 1-03,758
Olathe 1-04,1474
Olathe 1-05,1168
Olathe 1-06,1824
Olathe 1-08,2117
Olathe 1-09,1299
Olathe 1-11,1140
Olathe 1-13,976
Olathe 1-14,1059
Olathe 1-15,613
Olathe 1-16,1664
Olathe 1-17,530
Olathe 1-18,1759
Olathe 1-19,657
Olathe 1-20,359
Olathe 1-21,1653
Olathe 1-22,2567
Olathe 1-25,370
Olathe 1-26,12
Olathe 1-27,566
Olathe 1-28,3
Olathe 2-01,708
Olathe 2-02,1171
Olathe 2-03,1034
Olathe 2-04,632
Olathe 2-05,2037
Olathe 2-06,2133
Olathe 2-07,1964
Olathe 2-08,1635
Olathe 2-09,1083
Olathe 2-10,2529
Olathe 2-11,2486
Olathe 2-12,1370
Olathe 2-13,1031
Olathe 2-14,976
Olathe 2-15,1457
Olathe 2-16,1066
Olathe 2-19,12
Olathe 2-21,586
Olathe 2-22,2479
Olathe 2-23,1371
Olathe 2-24,560
Olathe 3-01,751
Olathe 3-02,331
Olathe 3-03,734
Olathe 3-04,1348
Olathe 3-05,1619
Olathe 3-06,872
Olathe 3-07,883
Olathe 3-08,563
Olathe 3-09,753
Olathe 3-10,1355
Olathe 3-11,1530
Olathe 3-12,1
Olathe 3-13,1340
Olathe 3-15,1162
Olathe 3-16,1314
Olathe 3-17,1602
Olathe 3-18,1525
Olathe 3-19,832
Olathe 3-20,1013
Olathe 3-21,1606
Olathe 3-22,1142
Olathe 3-23,1208
Olathe 3-24,664
Olathe 3-25,1247
Olathe 4-01,1788
Olathe 4-02,1803
Olathe 4-03,1876
Olathe 4-04,1158
Olathe 4-05,1514
Olathe 4-06,1237
Olathe 4-07,1238
Olathe 4-08,1186
Olathe 4-09,1681
Olathe 4-10,1095
Olathe 4-11,886
Olathe 4-12,2000
Olathe 4-13,924
Olathe 4-14,1745
Olathe 4-15,173
Olathe 4-16,1358
Olathe 4-17,1315
Olathe Twp 0-01,507
Olathe Twp 0-03,87
Olathe Twp 0-04,6
Olathe Twp 0-05,24
Olathe Twp 0-08,1
Olathe Twp 0-10,16
Olathe Twp 0-11,9
Olathe Twp 0-13,9
Olathe Twp 0-14,5
Olathe Twp 0-16,35
Olathe Twp 0-19,11
Olathe Twp 0-20,1
Olathe Twp 0-21,19
Olathe Twp 0-24,2
Olathe Twp 0-25,1
Olathe Twp 0-26,6
Olathe Twp 0-32,46
Omnia,180
Oneida City,33
Only First,528
Only Fourth,772
Opolis,291
Orange Township,43
Orange Twp,30
Orlando Twp,48
OS/39,212
Osage-McCune,301
Osage Township,295
Osage Twp,517
Osawatomie City 1 H6,528
Osawatomie City 2 H5,637
Osawatomie City 3 H5,686
Osawatomie City 3 H5 EXC B,5
Osawatomie City 4 H5,40
Osawatomie City 4 H6,568
Osawatomie Twp H5,473
Osawatomie Twp H9,96
Osawatomie Twp Part A H6,1
Osborne Twnshp,116
Osborne Ward 1,321
Osborne Ward 2,380
Osborne Ward 3,220
Oskaloosa Township,1520
Oswego City,1104
Otis City,210
Ottawa City Prct 1,898
Ottawa City Prct 2,1058
Ottawa City Prct 3,647
Ottawa City Prct 4,1847
Ottawa City Prct 6,678
Ottawa City Prct 7,1911
Ottawa City Prct 8,1780
Ottawa Twp,685
Otter,31
Otter Creek Twp,120
Ottumwa Twp.,237
Overland Park 1-01,1174
Overland Park 1-02,1395
Overland Park 1-03,1088
Overland Park 1-04,400
Overland Park 1-05,441
Overland Park 1-06,1221
Overland Park 1-07,1387
Overland Park 1-08,1296
Overland Park 1-09,690
Overland Park 1-10,1516
Overland Park 1-11,534
Overland Park 1-12,1475
Overland Park 1-13,924
Overland Park 1-14,1144
Overland Park 1-15,528
Overland Park 1-16,983
Overland Park 1-17,599
Overland Park 1-18,841
Overland Park 1-19,969
Overland Park 1-20,567
Overland Park 1-21,356
Overland Park 1-22,350
Overland Park 1-23,821
Overland Park 1-24,264
Overland Park 1-25,707
Overland Park 1-26,219
Overland Park 1-27,1211
Overland Park 2-01,862
Overland Park 2-02,971
Overland Park 2-03,775
Overland Park 2-04,1147
Overland Park 2-05,786
Overland Park 2-06,941
Overland Park 2-07,694
Overland Park 2-08,723
Overland Park 2-09,950
Overland Park 2-10,1926
Overland Park 2-11,465
Overland Park 2-12,739
Overland Park 2-13,768
Overland Park 2-14,700
Overland Park 2-15,1162
Overland Park 2-16,777
Overland Park 2-17,1048
Overland Park 2-18,1608
Overland Park 2-19,704
Overland Park 2-20,621
Overland Park 2-21,700
Overland Park 2-22,904
Overland Park 2-23,815
Overland Park 2-24,826
Overland Park 2-25,676
Overland Park 2-26,852
Overland Park 2-27,533
Overland Park 2-28,569
Overland Park 2-29,972
Overland Park 2-30,1080
Overland Park 2-31,842
Overland Park 2-32,910
Overland Park 3-01,1458
Overland Park 3-02,1146
Overland Park 3-03,658
Overland Park 3-04,1098
Overland Park 3-05,1200
Overland Park 3-06,1673
Overland Park 3-07,1215
Overland Park 3-08,1364
Overland Park 3-09,1330
Overland Park 3-10,691
Overland Park 3-11,1087
Overland Park 3-12,939
Overland Park 3-13,1891
Overland Park 3-14,1411
Overland Park 3-15,864
Overland Park 3-17,1553
Overland Park 3-18,1884
Overland Park 3-19,1304
Overland Park 3-20,1141
Overland Park 3-21,1047
Overland Park 3-22,646
Overland Park 4-01,1388
Overland Park 4-02,1180
Overland Park 4-03,1879
Overland Park 4-04,1547
Overland Park 4-05,1231
Overland Park 4-06,976
Overland Park 4-07,871
Overland Park 4-08,1480
Overland Park 4-09,953
Overland Park 4-10,761
Overland Park 4-11,1439
Overland Park 4-12,1761
Overland Park 4-13,1049
Overland Park 4-14,657
Overland Park 4-15,751
Overland Park 4-16,2180
Overland Park 4-17,1739
Overland Park 4-19,1444
Overland Park 4-20,551
Overland Park 4-21,835
Overland Park 5-01,1299
Overland Park 5-02,1132
Overland Park 5-03,1240
Overland Park 5-04,1604
Overland Park 5-05,2233
Overland Park 5-06,1406
Overland Park 5-07,1562
Overland Park 5-08,2155
Overland Park 5-09,1533
Overland Park 5-10,1099
Overland Park 5-11,1559
Overland Park 5-12,599
Overland Park 5-13,1197
Overland Park 5-14,104
Overland Park 5-15,1845
Overland Park 5-16,827
Overland Park 5-17,530
Overland Park 5-18,1178
Overland Park 5-19,417
Overland Park 6-01,1420
Overland Park 6-02,109
Overland Park 6-03,1188
Overland Park 6-04,1470
Overland Park 6-05,1668
Overland Park 6-06,437
Overland Park 6-07,442
Overland Park 6-08,1431
Overland Park 6-09,810
Overland Park 6-10,370
Overland Park 6-11,1383
Overland Park 6-12,568
Overland Park 6-13,1571
Overland Park 6-14,1384
Overland Park 6-15,1802
Overland Park 6-16,842
Overland Park 6-17,259
Overland Park 6-18,1559
Overland Park 6-19,956
Overland Park 6-20,707
Overland Park 6-21,814
Overland Park 6-22,1481
Overland Park 6-23,2084
Overland Twp,62
Oxford City,715
Oxford Twnshp,159
Oxford Twp 0-01,1
Oxford Twp 0-02,767
Oxford Twp 0-04,755
Oxford Twp 0-05,31
Oxford Twp 0-09,45
Oxford Twp 0-10,2
Oxford Twp 0-11,186
Ozark Twp,134
Ozawkie Township,1254
PA01,209
PA02,270
PA05,2199
PA06,90
PA09,5
PA10,2
PA11,2
PA12,2
PA14,2104
PA15,425
PA16,19
PA17,1
Padonia Twp,142
Painterhood Township,35
Palacky,43
Palestine Twnshp,131
Palmer City,92
Paola City 1,1001
Paola City 2,957
Paola City 3,878
Paola City 4,1292
Paradise City,25
Paradise Twp CC2,82
Paris Twp Precinct Pa00007,459
Parkview,462
Parsons,6254
Partridge City 77,148
Pauline - Topeka,266
Paw Paw Township,97
Pawnee - Tecumseh,771
Pawnee Rock,238
Pawnee Township,308
Pawnee Twp,58
Paxton Twp.,21
Payne,173
PC11,215
PC13,530
PC16,2
PC17,1
PC18,467
PC19,182
PC21,1162
PC23,375
PC31,1132
PC32,280
PC41,683
PC43,499
PC44,100
PC45,305
Peabody City East,260
Peabody City West,373
Peabody Township East,65
Peabody Township West,87
Peck - Tecumseh,442
Penalosa,14
Penn Twp,90
Peoria Twp,564
Perry Twp,74
Peters,82
Phillipsburg,200
PIERCEVILLE 122,293
Pioneer,47
Pioneer Township,24
Pioneer Twp,56
Pioneer Twsp.,39
Pittsburg 1p - 1w,926
Pittsburg 1p - 2w,504
Pittsburg 1p - 3w,659
Pittsburg 1p - 4w,336
Pittsburg 2p - 1w,1264
Pittsburg 2p - 2w,555
Pittsburg 2p - 3w,757
Pittsburg 2p - 4w,674
Pittsburg 3p - 1w,2453
Pittsburg 3p - 2w,694
Pittsburg 3p - 4w,946
Pittsburg 4p - 2w,527
Pittsburg 4p - 4w,648
Pittsburg 5p - 2w,988
Pittsburg 5p - 4w,1165
Pittsburg 6p - 4w,179
Pittsburg Township,204
PL Valley,647
Plains City,768
Plainview,19
Pleasant 110 Township,8
Pleasant 237 Township,19
Pleasant B1,364
Pleasant Grove Twp,39
Pleasant Township,83
Pleasant Twp - 77,1835
Pleasant Twp - 77 A,5
Pleasant Twp - 88,122
Pleasant Twp N 77,10
Pleasant Twp.,194
PLEASANT VALLEY 122,106
Pleasant Valley TWP,157
Pleasantdale Twsp.,24
Plevna 54,102
Plevna City 78,64
Plt. Grove Twp,122
Plt. Ridge Twp,36
Plt. Valley Twp,56
Plum,76
Plum Creek Township,104
PLYMELL 122,255
Plymouth Twp CC5,78
Pomona City,576
Pomona Twp,170
Ponca - Tecumseh,429
Portis City,74
Pottawatomie,541
Pottawatomie - Soldier,818
Pottawatomie Twp,314
Pottawatomie Twp.,136
Potwin/Plum Grove,413
Powell Twp.,23
Powhattan City,46
Powhattan Twp,478
Prairie Township,49
Prairie TWP,80
Prairie View,54
Prairie View City,97
Prairie Village 1-01,1438
Prairie Village 1-02,512
Prairie Village 1-03,1099
Prairie Village 2-01,1413
Prairie Village 2-02,696
Prairie Village 2-03,1064
Prairie Village 3-01,823
Prairie Village 3-02,1390
Prairie Village 3-03,849
Prairie Village 4-01,1083
Prairie Village 4-02,814
Prairie Village 4-03,1190
Prairie Village 4-04,416
Prairie Village 5-01,923
Prairie Village 5-02,1125
Prairie Village 5-03,1687
Prairie Village 6-01,890
Prairie Village 6-02,1369
Prairie Village 6-03,856
Precinct 004 CC3,347
Precinct 005 CC1,271
Precinct 006 CC2,150
Precinct 01,725
Precinct 02,625
Precinct 03,844
Precinct 04,1263
Precinct 05,940
Precinct 06,897
Precinct 07,1092
Precinct 08,1095
Precinct 09,1106
Precinct 10,659
Precinct 10no,192
Precinct 10so,484
Precinct 11,611
Precinct 1101,496
Precinct 1102,370
Precinct 12,532
Precinct 13,807
Precinct 14,789
Precinct 15,383
Precinct 16,684
Precinct 17,700
Precinct 18,569
Precinct 19,1021
Precinct 1l101,357
Precinct 1l201,451
Precinct 20,791
Precinct 20no,488
Precinct 20so,486
Precinct 21,349
Precinct 22,177
Precinct 2201,143
Precinct 23,183
Precinct 24,994
Precinct 25,692
Precinct 26,312
Precinct 27,146
Precinct 28,463
Precinct 29,116
Precinct 29D,3
Precinct 30,732
Precinct 30no,574
Precinct 30so,219
Precinct 31,427
Precinct 32,522
Precinct 33,467
Precinct 34,15
Precinct 35,97
Precinct 36,445
Precinct 37,60
Precinct 4A,4
Precinct 4B,10
Precinct 4C,7
Precinct 61,584
Precinct 62,448
Precinct 63,588
Precinct 64,465
Precinct 6A,2
Precinct A100001,302
Precinct Ad3,11
Precinct Ag,113
Precinct AL,21
Precinct Al00001,606
Precinct Ar,90
Precinct AT,17
Precinct Av00001,289
Precinct Ba,153
Precinct BA,12
Precinct BE,49
Precinct Bg01no,524
Precinct Bg02so,118
Precinct Bl4,32
Precinct Bo5,25
Precinct CC,2
Precinct CE,39
Precinct CO,18
Precinct CU,25
Precinct DC,30
Precinct Dr,167
Precinct DR,47
Precinct El,703
Precinct Es00001,323
Precinct Es9,37
Precinct F100001,76
Precinct FI,30
Precinct Fx H54,379
Precinct Fx H76,111
Precinct G100001,110
Precinct GA,28
Precinct GR,12
Precinct Gr  H54,32
Precinct Gr H76,203
Precinct HA,18
Precinct Hv00001,142
Precinct JC,60
Precinct JE,25
Precinct Jt0mv H76,321
Precinct Jt0vas,593
Precinct JtOmva H54,77
Precinct K100001,205
Precinct Ke101,67
Precinct Ke102,70
Precinct LB,37
Precinct Le102,74
Precinct Le202,95
Precinct Le302,269
Precinct Li,124
Precinct LN,14
Precinct LO,24
Precinct Lo6,74
Precinct LY,14
Precinct M100001,421
Precinct M200001,184
Precinct M300001,446
Precinct Me,270
Precinct Mf00001,202
Precinct Mh00001,459
Precinct N100001,58
Precinct N100002,411
Precinct NC,108
Precinct OB,67
Precinct OC00001,509
Precinct OC00002,644
Precinct Ol,155
Precinct OL,44
Precinct P100001,277
Precinct Pa7,82
Precinct Pd8,44
Precinct PL,18
Precinct PR,30
Precinct Px00002,145
Precinct R100001,36
Precinct Rg0no,435
Precinct Rg0so,424
Precinct RO,11
Precinct SA,27
Precinct Sc,364
Precinct SH,18
Precinct Sh201,58
Precinct Soc,125
Precinct Spd,66
Precinct SU,22
Precinct Su H54,28
Precinct Su H76,170
Precinct Une,22
Precinct Vaf,81
Precinct Vb0no,278
Precinct Vb0so,137
Precinct W100001,459
Precinct W200001,68
Precinct W300001,122
Precinct Wsa,46
Pretty Prairie Ward 1,460
Pretty Prairie Ward 2,3
Princeton City,197
Prospect Twp,895
Protection City #116,293
Protection Twp. #116,87
Protection Twp. #116-,37
Putnam 063,18
Putnam Twp,239
PY01,1163
QC01-01,32
Quincy Twp,101
Ramona,67
Randall City,46
Rantoul City,124
Raymond,584
Raymond Twp,109
Red Vermillion Township,85
Redfield City,88
Reeder Twp,211
Reilly Township,79
Reno North 55,1162
Reno South 56,200
Reno/Reno,1260
Republican,130
"Reserve City, Hamlin",54
Rexford City,152
RI/44,112
RI/Cen/46,48
RI/SE/45,34
RI01,37
RI03,380
RI06,172
RI07,949
RI13,9
RI14,43
RI15,502
Rich Twp,199
Richfield City,31
Richfield East,50
Richfield West,51
Richland,190
Richland 065,31
Richland B6,296
Richland T/S,14
Richland Township,28
Richland Twp,1560
Richland Twp / Cuba,156
Richland Twp A,2
Richland Twp H6,111
Richland Twp/Summerfield,54
Richlnd Twp H5,1592
Richmond City,295
Richmond Township,424
Richmond Twp,269
Ridge,118
Rinehart,173
Risley,172
River Twp,45
RIVERSIDE 122,920
Rk Creek,170
RO01,677
RO02,22
RO03,455
RO04,16
Robinson City,132
Robinson Twp,147
Rocewood,185
Rochester,52
Rochester - Soldier,709
Rock Creek,449
Rock Creek Township,2505
Rock Creek Twp,262
Rock Creek Twp.,271
Rock Twp,90
Rockville Twp,118
Roeland Park 1-01,840
Roeland Park 1-02,471
Roeland Park 2-01,634
Roeland Park 2-02,773
Roeland Park 3-01,461
Roeland Park 3-02,442
Roeland Park 3-03,386
Roeland Park 4-01,389
Roeland Park 4-02,535
Roeland Park 4-03,572
Rolla,86
Rolla City,252
Rosalia Twp,448
Roscoe 57,81
Rose Creek Twp / Munden,82
Rose Hill City,2775
Rose Hill City-Rockwood Falls,52
Rose Hill City-Sienna,331
Rose Valley 066,36
Ross Twp,73
Round Mound Twp,24
Round Springs Township,16
Rovohl Twp,129
Royal Twp,209
Rozel City,84
Rural,76
Rural Township,610
Rush Center City,106
Rushville,23
Russell City Ward 1 CC3,450
Russell City Ward 1 CC5,240
Russell City Ward 2 CC2,642
Russell CIty Ward 2 CC4,114
Russell City Ward 3 CC3,164
Russell City Ward 3 CC4,424
Russell City Ward 3 CC5,135
Russell City Ward 4 CC1,502
Russell City Ward 4 CC5,180
Russell Springs City,18
Russell Springs Twp.,25
Russell Twp CC2,25
Russell Twp CC3,12
Russell Twp CC4,20
Russell Twp CC5,25
Ryan Twnshp,61
S Baldwin 62,1397
S Brown Twp,57
S Eudora 53 City,737
S Eudora 53 TwpB,1017
S Lincoln Precinct Ln00005,415
S Lockport,81
S Marysville Twp H6 D4,985
S Marysville Twp H6 D5,146
S Paola Twp East Part 2,151
S Paola West Twp,251
S Potosi Twp Precinct Po00009,692
S Salem Twp,74
S Seward 068,41
S Sharps Creek Twp,64
S St John 010,184
S Stafford 002,331
S Wakarusa 69,895
S. Marena,103
S.Lawrence,51
SA01,1569
SA02,777
SA03,56
SA04,35
SA05,387
Sabetha City - Ward 1,454
Sabetha City - Ward 2,504
Sabetha City - Ward 3,439
Sabetha City - Ward 4,326
"Sabetha City, Morrill Twp",5
Sac - Soldier,816
Salem,226
Salem Twp,211
Salt Creek,84
Salt Creek 58,262
Salt Creek Township,40
Salt Springs Twp,200
Sand Creek TWP,27
Santa Fe Twp,124
Satanta 1,156
Satanta 2H124,648
Savonburg City,58
Sawmill Twp,15
SBC 110,455
Scandia Twp / Scandia,312
Scott City Ward 1,507
Scott City Ward 2,737
Scott City Ward 3,639
Scott City Ward 4,860
SCOTT D1,155
SCOTT D2,51
SCOTT D3,734
SCOTT D4,549
SCOTT D5,513
Scott Township,25
Scott Twp,201
Scott Twp Precinct Sc00010,648
SE Center,31
SE01,116
SE02,5
Sedgwick,936
Sedgwick B4,136
Sedgwick B4 East-72,96
Seneca City - Ward 1,352
Seneca City - Ward 2,554
Seneca City - Ward 3,632
Seventy-six Twnshp,208
Severance City Precinct,59
Severance Country Precinct,112
Severy City,163
Seward Township 1,48
Seward Township 2,54
Seward Township 3,25
SH01,833
Shannon,994
Shannon Twp,202
Sharon Township Prct20,232
Shawnee 1-01,1240
Shawnee 1-02,854
Shawnee 1-03,926
Shawnee 1-04,773
Shawnee 1-05,1592
Shawnee 1-06,1208
Shawnee 1-07,1513
Shawnee 1-08,2226
Shawnee 1-09,372
Shawnee 1-10,437
Shawnee 1-11,1166
Shawnee 1-12,8
Shawnee 1-13,863
Shawnee 2-01,792
Shawnee 2-02,1129
Shawnee 2-03,1325
Shawnee 2-04,1351
Shawnee 2-05,698
Shawnee 2-06,811
Shawnee 2-07,882
Shawnee 2-08,772
Shawnee 2-09,713
Shawnee 2-10,699
Shawnee 2-11,870
Shawnee 2-12,550
Shawnee 2-13,496
Shawnee 3-01,975
Shawnee 3-02,1075
Shawnee 3-03,1540
Shawnee 3-04,1513
Shawnee 3-05,139
Shawnee 3-06,1489
Shawnee 3-07,2135
Shawnee 3-08,1351
Shawnee 3-09,1578
Shawnee 3-10,961
Shawnee 3-11,1884
Shawnee 3-12,652
Shawnee 4-01,1391
Shawnee 4-02,892
Shawnee 4-03,812
Shawnee 4-04,825
Shawnee 4-05,1616
Shawnee 4-06,1109
Shawnee 4-07,1462
Shawnee 4-08,524
Shawnee 4-09,1948
Shawnee 4-11,952
Shawnee 4-12,281
Shawnee 4-13,258
Shawnee 4-14,233
Shell Rock Twp,118
Sheridan,230
Sheridan-Cherokee City,81
Sheridan Precinct,68
Sheridan Twp,77
Sheridan Twp Precinct Sh00011,364
Sherman,657
Sherman - Soldier,710
Sherman Precinct,107
Sherman Twp,607
Shermanville Township,24
Sherwood - Mission,552
Shiley Twp,19
Shiloh,212
Shirley,103
Silv Creek,404
Silverdale,269
Sinclair Township,43
Sioux - Soldier,625
Sitka,39
Smelter,457
Smith Center City I,457
Smith Center City II,503
Smith Center City III,266
Smoky Hill Twp,234
Smoky Hill Twp Precinct 2,8
Smoky Hill Twp Precinct 3,146
Smoky Hill Twp Precinct 4,112
Smoky Hill Twp Precinct 5 H65,236
Smoky Hill Twp Precinct 5 H68,37
Smoky Hill Twp Precinct 6 H68,53
Smoky Township,45
Sodville Twp,72
Soldier,199
Soldier City,70
Solomon,71
Solomon City,739
Solomon Rapids Township,55
Solomon Township,33
Solomon1 - Prec 1,87
Solomon2 - Prec 1,36
South Arma,701
South Bend Twp,430
South Center,319
South Collyer Township,19
South Elsmore Twp,58
South Fifth,666
South Haven City,218
South Haven Twnshp,123
South Homestead Twp,266
South Hutch #1,548
South Hutch #2,785
South Hutch #3,490
South Iola Twp,412
South Mission - Mission,511
South Monmouth - Monmouth,954
South Ogallah Township,68
South Roscoe,47
South Sedan,370
South Sherwood - Mission,569
South Tecumseh - Tecumseh,575
South Tioga East,199
South Tioga West Enclave B,10
South Tioga West Enclave C,1
South Tioga West Enclave H2,16
South Tioga West Enclave H7,2
South Tioga West H7,83
South Tioga West Part A H2,20
South WaKeeney Township,54
South Wea Twp,1197
South Wea Twp ENC A,27
Southside Twp,115
Sp Creek,41
Spearville City,584
Spearville Twp,291
Speed City,29
Spivey,50
Spring Creek Twp,134
Spring Creek Twp.,88
Spring Hill 0-01,2003
Spring Hill 0-03,909
Spring Hill 0-05,481
Spring Hill 0-06,4
Spring Hill 0-08,389
Spring Hill 0-09,1132
Spring Hill City EXC B H6,178
Spring Hill City H26,2266
Spring Hill Twp 0-01,427
Spring Hill Twp 0-02,4
Spring Hill Twp 0-03,125
Spring Hill Twp 0-04,21
Spring Hill Twp 0-05,23
Spring Hill Twp 0-07,407
Spring Hill Twp 0-08,2
Spring Hill Twp 0-09,1
Spring Hill Twp 0-10,625
Spring Hill Twp 0-11,2
Spring Hill Twp 0-12,5
Spring Twp,1202
Spring Valley Twp,177
Springdale Twnshp,262
Springdale/Alex,682
St Bridget Twp,71
St Bridget Twp/Summerfield,57
St Clere Twp,45
St Creek,93
St Francis,1382
St George H51,2402
St George H61,935
St Marys City,1906
St Marys Twp,831
Stanton,757
Stanton Twp,35
Stanton Twp H5 D3,195
Stanton Twp H5 D5,447
Stanton Twp H6,55
Stanton Twp Precinct St00012,141
Star Twp.,120
Stateline Township,42
Sterling,77
Sterling East Ward,929
Sterling Twp,146
Sterling West Ward,590
Stinson Creek - Tecumseh,257
Stranger/Stranger H38,801
Stranger/Stranger H42,528
Strawberry Precinct,83
Sublette 1,707
Sublette 3H122,5
Sublette 3H124,383
Sugar Creek Twp H6,246
Sugar Creek Twp H9,203
Summers Twp,132
Summit,151
Sumner,32
Sumner 59,473
Sumner Twnshp,79
Sumner Twp,39
Sun City Township Prct21,41
Sunflower - Mission,1162
Superior Twp,229
Swan Township,22
Swede Crk Twp,118
Sycamore Twp A,4
Sycamore Twp B,4
Sylvan Grove City,193
Sylvia 60,49
Sylvia City 80,136
Syracuse 1,257
Syracuse 2,174
Syracuse 3,236
Syracuse 4,106
Syracuse 5,276
Talleyrand TWP,96
Taloga,86
Tampa,75
Ten Mile Twp D4,1158
Ten Mile Twp D5,88
Tescott City,170
The Highlands 83,332
THEONI 122,90
Thomas,43
Tilden Twp,51
Timberhill Township,112
Timken City,38
Tisdale,246
Toledo,248
Tonganoxie NO,2938
Tonganoxie Rural,2207
Tonganoxie SO,1383
Toronto City,183
Toronto Twp,200
Towanda,21
Towanda City/Towanda Twp,1992
Towanda Twp A,2
Towanda Twp C,2
Township #1,123
Township #10,117
Township #11-1,377
Township #11-2,1138
Township #12,115
Township #2,298
Township #3-1,67
Township #3-2,811
Township #4,26
Township #5,50
Township #6,67
Township #7,146
Township #8,219
Township #9,29
Township Eight,131
Township Five,428
Township Four,149
Township Nine,244
"Township One, Pct 1",234
"Township One, Pct 2",157
Township Seven,168
Township Six,80
Township Three,294
Township Two,539
Trenton Twp,59
Tribune City,543
Tribune Township,245
Trivoli,33
Troy 61,95
Troy City Precinct,649
Troy Country Precinct,504
Turkey Creek Township,76
Turkey Creek Twp,209
Turkey Creek Twp Prct22,11
Turon City 81,219
Twin Grove Twp,202
TWP - Cambria H71,317
TWP - Dayton H71,93
TWP - Elm Creek H107,457
TWP - Elm Creek H71,307
TWP - Eureka H69,470
TWP - Falun H69,192
TWP - Glendale H107,74
TWP - Greeley 2 H71,17
TWP - Greeley 3 H71,5
TWP - Greeley 4 H71,4
TWP - Greeley H71,611
TWP - Gypsum H69,131
TWP - Liberty H69,131
TWP - Ohio H107,222
TWP - Ohio H69,67
TWP - Pleasant Valley H107,271
TWP - Smoky Hill H107,149
TWP - Smoky Hill H69,36
TWP - Smoky Hill H69 Enclave,2
TWP - Smoky Hill H69 Enclave B,2
TWP - Smoky Hill H71 Exclave,4
TWP - Smoky View H69,669
TWP - Smolan H69,562
TWP - Solomon H71,262
TWP - Spring Creek H107,75
TWP - Spring Creek H69,203
TWP - Walnut H69,428
TWP - Washington H107 (307),5
TWP - Washington H69 (307),82
TWP - Washington H69 (400),27
Twp 1,208
Twp 10,36
Twp 10 Coats City,61
Twp 11 H114,93
Twp 11 H116,58
Twp 11 Sawyer City,66
Twp 12 H114 NE,37
Twp 12 H114 SE,343
Twp 12 H116 NW,65
Twp 12 H116 SW,260
Twp 2,57
Twp 3 East,104
Twp 3 West,118
Twp 4,109
Twp 5 East,212
Twp 5 West,91
Twp 6,263
Twp 6 East,145
Twp 6 Preston City,65
Twp 6 West,68
Twp 7 H114,47
Twp 7 H116,33
Twp 7 Iuka City,99
Twp 8,66
Twp 8 Byers City,28
Twp 9-2,66
Twp 9-3,73
Twp 9 Cullison City,56
Twp Caney P1,446
Twp Caney P2,511
Twp Cherokee P1,197
Twp Cherokee P2,100
Twp Cherry,384
Twp Cherry EnB,1
Twp Drum Creek P1,74
Twp Drum Creek P2,310
Twp Fawn Creek P1,355
Twp Fawn Creek P2,736
Twp Fawn Creek P3,385
Twp Independence P1,1226
Twp Independence P2,193
Twp Independence P3,243
Twp Independence P4,75
Twp Liberty P1,95
Twp Liberty P2,280
Twp Louisburg P1,344
Twp Louisburg P2,45
Twp Parker P1,211
Twp Parker P2,620
Twp Parker P2 EnC,3
Twp Parker P3,10
Twp Rutland P1,243
Twp Rutland P2,17
Twp Sycamore,637
Twp West Cherry,229
UN01,816
UN02,558
Union,316
Union 071,16
Union Center Township,63
Union Precinct,15
Union Township,42
Union Twp,919
Union Twsp.,40
Uniontown City,208
Urban Hills - Soldier,17
VA01,827
Valley,189
Valley 110 Township,42
Valley 110 Township (Old 324),2
Valley 237 Township,2
Valley Center Twp,24
Valley H101,4
Valley H114,594
Valley Township,32
Valley Township Prct23,98
Valley Twp,328
Valley Twp Precinct Va00013,92
Valley Twp/Holyrood,284
Valverde Twnshp H80,86
Vaquero - Mission,453
VC11,1210
VC21,1156
VC31,1171
VC32,82
VC33,9
VC41,1230
VC42,337
VC44,11
Verbena - Mission,113
Verdigris TWP,113
Vermillion Twp/East,76
Vermillion Twp/East/Frankfort,261
Vermillion Twp/West,66
Vermillion Twp/West/Frankfort,264
Vernon,316
Vesper Township,67
VI01,377
Vicksburg Township,21
Victor Twp,12
Victoria Twp,240
Vienna Twp,75
Vining,26
Vining City,4
Vinita,189
Vinland 63 H117,560
Vinland 63 H43,129
Vinland 63 H5,315
Virgil City,44
Voltaire Township,141
Voorhees,121
VTD 000010 - Baxter Springs W1,618
VTD 000010 - Harrison Twp,47
VTD 000020 - Baxter Springs W2,652
VTD 000020 - Sharon Springs P1,253
VTD 000020 - SS Twp P3,34
VTD 000030 - Baxter Springs W3,1114
VTD 000030 - Sharon Springs P2,327
VTD 000030 - SS Twp P4,119
VTD 000040 - Wallace City,38
VTD 000040 - Wallace Twp,88
VTD 00004A - Baxter Springs W4,832
VTD 000050 - Cherokee,278
VTD 000050 - Weskan Twp,254
VTD 000060 - Columbus W1,381
VTD 000070 - Columbus W2,512
VTD 000080 - Columbus W3,449
VTD 000090 - Columbus W4,463
VTD 00010A - Columbus W5,392
VTD 000110 - Crawford,495
VTD 000120 - Galena W1,594
VTD 00013A - Galena W2,514
VTD 000140 - Galena W3,701
VTD 00015A - Galena W4,430
VTD 000170 - Garden / Lowell,1722
VTD 00018A - Garden / St Mines,558
VTD 000190 - Lola,233
VTD 000200 - Lowell,551
VTD 000210 - Lyon / Lyon,278
VTD 000220 - Mineral,149
VTD 000230 - Neosho / Faulkner,75
VTD 000240 - Neosho / Melrose,115
VTD 000250 - Pleasant View,445
VTD 000270 - Ross / Belleview,138
VTD 000280 - Ross / Roseland,185
VTD 000290 - Ross / W Mineral,183
VTD 00030A - Salamanca,422
VTD 000310 - Scammon W1,81
VTD 000320 - Scammon W2,107
VTD 000330 - Scammon W3,108
VTD 000340 - Shawnee,398
VTD 000350 - Sheridan,161
VTD 000360 - Sp Vly / Neutral,510
VTD 00037A - Sp Vly / Sp Vly,390
VTD 180010 - Weir City,443
W BU 110,360
W Cooper 056,51
W Eudora 50 City,1660
W Eudora 50 Twp,71
W FR 110,304
W Hibbard Twp,28
W Sawlog,26
W St John 004,300
W Wakarusa 66 H117,390
W Wakarusa 66 H44,3
W Wakarusa 66 H47,297
W. Center,77
W. Sibley,66
W.Meredith,9
WA/48,536
WA01,89
WA02,365
WA03,13
WA05,1
WA08,2
WA09,3
WA10,41
WA11,2
WA13,4
Wakarusa - Williamsport,738
WaKeeney City Central,407
WaKeeney City East,432
WaKeeney City West,443
WaKeeney Township,250
Wakefield,667
Waldo City,29
Waldo Twp CC2,32
Waldo Twp CC3,11
Waldron City,6
Walker Twp,290
Walnut,972
Walnut-Albert Twp,158
Walnut-Hepler,46
Walnut-Olmitz Twp,124
Walnut 63,82
Walnut Creek Township,34
Walnut Enclave,5
Walnut Grove,266
Walnut Township,175
Walnut Twp,390
Walnut Twp 12,254
Walnut Twp 77,326
Walnut/Stranger H38,612
Walnut/Stranger H42,424
Walton,153
Walton A5,227
Walton Twnshp,121
Wamego City H51,3450
Wamego Twp H51,434
Wamego Twp H61W,238
WARD 01 122-B,4
WARD 01 122-E,264
WARD 01 123-B,392
WARD 02 122,1123
WARD 02 123,16
WARD 03 123,1019
WARD 04 123,510
WARD 05 123,892
WARD 06 122-A,283
WARD 06 122-B,5
WARD 06 122-C,538
WARD 06 123-F,1005
WARD 07 123,683
WARD 08 123-F,1466
WARD 09 123,794
Ward 1,2830
Ward 1 Exclave City Lake,2
Ward 1 Precicnt 1,1033
Ward 1 Precinct 1,514
Ward 1 Precinct 2,1771
Ward 1 Precinct 2 H65,313
Ward 1 Precinct 2 H68,96
Ward 1 Precinct 3 H65,298
Ward 1 Precinct 3 H68,277
Ward 1 Precinct 4,991
Ward 1 Precinct 5 H65,199
Ward 1 Precinct 5 H68,411
Ward 1 Precinct 6 H65,490
Ward 1 Precinct 6 H68,423
Ward 1 Precinct 7 H65,370
Ward 1 Precinct 7 H68,694
Ward 1 Precint 3,1082
WARD 10 123,591
WARD 11 123,831
WARD 12 123,721
WARD 13 123,691
WARD 14 123-A,322
WARD 14 123-B,594
WARD 15 123-A,631
WARD 15 123-B,643
WARD 16 123,1057
Ward 2,3815
Ward 2 Precinct 1 H65,124
Ward 2 Precinct 1 H68,96
Ward 2 Precinct 2,537
Ward 2 Precinct 3,126
Ward 2 Precinct 4,78
Ward 2 Precinct 5,520
Ward 2 Precinct 6,378
Ward 2 Precinct 7,961
Ward 2 Precinct 8,301
Ward 3,4380
Ward 3 Exclave Industrial Park,7
Ward 3 Precinct 1 H65,162
Ward 3 Precinct 1 H68,176
Ward 3 Precinct 2,756
Ward 3 Precinct 3,928
Ward 3 Precinct 4,467
Ward 4,606
Ward 4-1 H114 Comm 1,395
Ward 4-2 H114 Comm 2,394
Ward 4 Precinct 1,577
Ward 4 Precinct 2 H65,337
Ward 4 Precinct 2 H68,49
Ward 4 Precinct 3,857
Ward 4 Precinct 4,875
Ward 5,593
Ward 5 College H114,38
Ward 5 H116,712
Ward 6 Precinct 1,1552
Ward 6 Precinct 2,1266
Ward Four,827
Ward I,700
Ward II,567
Ward III,536
Ward III/Comm1,4
Ward One,783
Ward Pct 0101,466
Ward Pct 0102,508
Ward Pct 0103,426
Ward Pct 0104,588
Ward Pct 0105,881
Ward Pct 0106,969
Ward Pct 0107,3
Ward Pct 0109,1
Ward Pct 0201,532
Ward Pct 0202,437
Ward Pct 0203,461
Ward Pct 0204,414
Ward Pct 0205,380
Ward Pct 0206,499
Ward Pct 0207,340
Ward Pct 0208,381
Ward Pct 0209,530
Ward Pct 0210,523
Ward Pct 0211,414
Ward Pct 0301,512
Ward Pct 0302,394
Ward Pct 0303,467
Ward Pct 0304,468
Ward Pct 0305,336
Ward Pct 0306,364
Ward Pct 0307,522
Ward Pct 0308,413
Ward Pct 0309,602
Ward Pct 0310,56
Ward Pct 0401,473
Ward Pct 0402,699
Ward Pct 0403,392
Ward Pct 0404,651
Ward Pct 0406,590
Ward Pct 0407,355
Ward Pct 0408,527
Ward Pct 0409,497
Ward Pct 0410,516
Ward Pct 0411,143
Ward Pct 0414,52
Ward Pct 0415,339
Ward Pct 0501,433
Ward Pct 0502,482
Ward Pct 0503,444
Ward Pct 0504,449
Ward Pct 0505,538
Ward Pct 0506,435
Ward Pct 0507,413
Ward Pct 0508,376
Ward Pct 0509,700
Ward Pct 0510,711
Ward Pct 0511,663
Ward Pct 0514,447
Ward Pct 0515,195
Ward Pct 0591,222
Ward Pct 0601,469
Ward Pct 0602,580
Ward Pct 0603,502
Ward Pct 0604,639
Ward Pct 0605,511
Ward Pct 0606,425
Ward Pct 0607,402
Ward Pct 0608,718
Ward Pct 0609,1473
Ward Pct 0701,483
Ward Pct 0702,515
Ward Pct 0703,574
Ward Pct 0704,536
Ward Pct 0705,421
Ward Pct 0706,404
Ward Pct 0707,423
Ward Pct 0709,345
Ward Pct 0710,434
Ward Pct 0711,618
Ward Pct 0801,466
Ward Pct 0802,476
Ward Pct 0803,541
Ward Pct 0804,534
Ward Pct 0805,740
Ward Pct 0806,384
Ward Pct 0807,503
Ward Pct 0808,430
Ward Pct 0809,529
Ward Pct 0810,393
Ward Pct 0811,566
Ward Pct 0901,140
Ward Pct 0902,451
Ward Pct 0903,733
Ward Pct 0904,584
Ward Pct 0905,598
Ward Pct 0906,613
Ward Pct 0908,900
Ward Pct 0909,386
Ward Pct 0910,869
Ward Pct 0911,430
Ward Pct 0912,296
Ward Pct 1001,551
Ward Pct 1002,397
Ward Pct 1003,835
Ward Pct 1004,538
Ward Pct 1005,487
Ward Pct 1006,433
Ward Pct 1007,526
Ward Pct 1008,490
Ward Pct 1009,353
Ward Pct 1010,564
Ward Pct 1011,792
Ward Pct 1013,60
Ward Pct 1014,556
Ward Pct 1101,392
Ward Pct 1102,500
Ward Pct 1103,418
Ward Pct 1104,644
Ward Pct 1105,540
Ward Pct 1106,519
Ward Pct 1107,541
Ward Pct 1108,553
Ward Pct 1109,555
Ward Pct 1110,354
Ward Pct 1201,583
Ward Pct 1202,557
Ward Pct 1203,539
Ward Pct 1204,600
Ward Pct 1205,510
Ward Pct 1206,697
Ward Pct 1207,745
Ward Pct 1208,601
Ward Pct 1209,979
Ward Pct 1211,852
Ward Pct 1213,606
Ward Pct 1214,531
Ward Pct 1215,917
Ward Pct 1216,1029
Ward Pct 1217,8
Ward Pct 1219,112
Ward Pct 1220,715
Ward Pct 1231,451
Ward Pct 1301,2
Ward Pct 1302,289
Ward Pct 1305,70
Ward Pct 1306,203
Ward Pct 1308,9
Ward Pct 1309,173
Ward Pct 1312,1019
Ward Pct 1321,151
Ward Pct 1322,138
Ward Pct 1330,351
Ward Pct 1401,935
Ward Pct 1402,835
Ward Pct 1403,475
Ward Pct 1404,1091
Ward Pct 1405,499
Ward Pct 1501,850
Ward Pct 1502,534
Ward Pct 1503,87
Ward Three,513
Ward Two,545
Waring,65
Washburn - Mission,862
Washington,337
Washington City Precinct,662
Washington Precinct,142
Washington Township,327
Washington Twp,372
Washington Twp / Republic,49
Waterville Twp,95
Waterville Twp/Waterville,471
Wathena City Precinct,854
Wathena Country Precinct,190
Waverly City,374
Wayne Precinct,131
Wayne Twp,57
WBC 110,109
WBC 111,5
WD 1A,1517
WD 1ABX,2
WD 2A,1272
WD 2ABX,37
WD 2ACX,30
WD 2ADX,3
WD 3A,154
WD 4A,1751
WD 5A,1786
Webber City,21
Webster Township,39
Webster TWP,20
Welda Twp,216
Wellington City 1,1835
Wellington City 2,3045
Wellington Lake Exclave,3
Wellington Twnshp H 80,83
Wellington Twnshp H79,163
Wellington Twnshp H80 Pt A,5
Wellington Twnshp H80A,14
Wells Twp,96
Wellsville City,1369
Wendell Twp,42
West Branch,313
West Center,104
West Cottonwood Falls,309
West Ellsworth,544
West Elm Twp,415
West Erie Twp,502
West Fairview,584
West Falls,69
West Lincoln,124
West Marion Township,74
West Middle Creek Twp D2,461
West Middle Creek Twp D5,157
West Morgan Twp,304
West Plains TWP,104
West Potter - Topeka,96
West Rossville - Rossville,561
West Sarcoxie Township,150
West Second,746
West Silver Lake - Silver Lake,559
West Strong,19
West Strong City,44
West Third,1502
West Union Township,43
West Valley EXC H6,293
West Valley Twp H6,447
West Valley Twp H9,43
West Washington Twp,97
West Wichita - Soldier,581
Western Twp.,23
Westminster 64,79
Westola,47
Westphalia City,90
Westphalia Twp,138
Westwood 0-01,819
Westwood 0-02,623
Westwood Hills 0-01,334
Wetmore City,196
Wetmore Township,98
Wheatland,109
Wheatland Twp,154
White Cloud City Precinct,98
White Cloud Country Precinct,62
White Rock Township,25
White Rock Twp,84
White Township Part A,164
White Township Part B,112
Whitemound Township,30
Whitewater/Milton - 72,533
Whitfield - Soldier,599
Whiting,98
Whiting City,138
Wilburn Twp,58
Wildcat Township,130
Wildcat Twp-H64,654
Wildcat Twp-H67,2
Wildhorse Township,48
Willard - Dover,510
Williamsburg City,220
Williamsburg Twp,264
Willis City,21
Willow Springs 67 H117 CC5,26
Willow Springs 67 H5 CC3,1126
Willow Springs 67 H5 CC5,116
Willowbrook 82,91
Willowdale,212
Willowdale 1,28
Wilmore City,31
Wilson,145
Wilson City,527
Wilson Twp,215
Windom City,77
Windsor,102
Winfield Twp,17
Wingfield,135
Winona City,139
Winona Twp.,50
Winterset Twp CC1,41
Woodbine City,118
YC #1,499
YC #2,407
Yoder H114,402
York - Mission,686
York 072,29
York Outer - Mission,73
Yucca - Mission,256
Zeandale Twp,277
Zenda,47
