text_phone_last_four,Count
,507919
0,2487
000,5
0000,147320
0001,184
0002,165
0003,154
0004,192
0005,190
0006,194
0007,191
0008,196
0009,174
0010,181
0011,207
0012,185
0013,168
0014,175
0015,178
0016,195
0017,176
0018,170
0019,179
0020,195
0021,192
0022,170
0023,162
0024,190
0025,174
0026,168
0027,173
0028,186
0029,172
003,1
0030,192
0031,157
0032,178
0033,198
0034,167
0035,168
0036,168
0037,167
0038,176
0039,177
0040,191
0041,159
0042,158
0043,161
0044,162
0045,157
0046,168
0047,179
0048,172
0049,170
0050,205
0051,158
0052,163
0053,184
0054,166
0055,180
0056,189
0057,162
0058,170
0059,160
0060,174
0061,173
0062,169
0063,177
0064,141
0065,176
0066,181
0067,174
0068,156
0069,160
007,3
0070,181
0071,181
0072,166
0073,162
0074,174
0075,171
0076,171
0077,187
0078,166
0079,133
0080,173
0081,183
0082,168
0083,148
0084,148
0085,147
0086,185
0087,145
0088,169
0089,159
009,1
0090,184
0091,162
0092,148
0093,164
0094,155
0095,179
0096,177
0097,155
0098,167
0099,187
0100,188
0101,193
0102,180
0103,167
0104,160
0105,168
0106,179
0107,182
0108,185
0109,152
011,1
0110,184
0111,209
0112,169
0113,197
0114,157
0115,153
0116,182
0117,165
0118,150
0119,171
0120,157
0121,166
0122,167
0123,196
0124,187
0125,168
0126,182
0127,158
0128,174
0129,192
013,1
0130,177
0131,180
0132,165
0133,171
0134,169
0135,173
0136,159
0137,142
0138,163
0139,134
0140,178
0141,174
0142,166
0143,162
0144,181
0145,161
0146,154
0147,160
0148,162
0149,158
015,1
0150,185
0151,167
0152,169
0153,147
0154,159
0155,186
0156,146
0157,162
0158,158
0159,184
0160,177
0161,174
0162,153
0163,144
0164,166
0165,176
0166,174
0167,174
0168,164
0169,151
017,1
0170,172
0171,175
0172,156
0173,169
0174,132
0175,169
0176,144
0177,179
0178,147
0179,157
0180,173
0181,165
0182,145
0183,154
0184,141
0185,163
0186,130
0187,147
0188,182
0189,166
019,1
0190,171
0191,171
0192,181
0193,150
0194,142
0195,158
0196,147
0197,137
0198,156
0199,175
020,1
0200,233
0201,172
0202,172
0203,171
0204,181
0205,170
0206,160
0207,164
0208,163
0209,160
0210,175
0211,180
0212,169
0213,168
0214,144
0215,156
0216,139
0217,161
0218,159
0219,135
022,1
0220,195
0221,178
0222,191
0223,174
0224,181
0225,170
0226,161
0227,125
0228,158
0229,191
0230,176
0231,160
0232,174
0233,196
0234,169
0235,162
0236,156
0237,161
0238,142
0239,146
0240,169
0241,172
0242,172
0243,164
0244,148
0245,149
0246,150
0247,135
0248,167
0249,152
025,1
0250,179
0251,149
0252,163
0253,138
0254,195
0255,186
0256,138
0257,160
0258,162
0259,165
0260,173
0261,164
0262,151
0263,146
0264,153
0265,153
0266,173
0267,149
0268,162
0269,129
0270,158
0271,159
0272,173
0273,155
0274,129
0275,145
0276,165
0277,195
0278,144
0279,148
0280,149
0281,145
0282,156
0283,159
0284,139
0285,149
0286,159
0287,159
0288,170
0289,151
0290,165
0291,165
0292,147
0293,132
0294,155
0295,139
0296,171
0297,133
0298,151
0299,176
0300,216
0301,166
0302,180
0303,174
0304,163
0305,180
0306,186
0307,146
0308,147
0309,181
0310,154
0311,171
0312,159
0313,151
0314,148
0315,149
0316,159
0317,161
0318,162
0319,172
0320,157
0321,166
0322,150
0323,169
0324,164
0325,148
0326,141
0327,173
0328,169
0329,155
0330,171
0331,161
0332,177
0333,166
0334,155
0335,141
0336,172
0337,164
0338,137
0339,161
034,1
0340,168
0341,156
0342,152
0343,172
0344,167
0345,144
0346,152
0347,154
0348,155
0349,151
0350,174
0351,144
0352,138
0353,176
0354,133
0355,180
0356,150
0357,141
0358,133
0359,133
0360,163
0361,146
0362,137
0363,159
0364,155
0365,147
0366,162
0367,141
0368,145
0369,164
0370,161
0371,145
0372,148
0373,175
0374,137
0375,156
0376,126
0377,176
0378,161
0379,168
0380,153
0381,121
0382,161
0383,157
0384,144
0385,153
0386,153
0387,155
0388,162
0389,131
0390,140
0391,166
0392,133
0393,146
0394,147
0395,146
0396,145
0397,147
0398,158
0399,147
0400,242
0401,155
0402,205
0403,153
0404,202
0405,180
0406,156
0407,191
0408,161
0409,134
0410,160
0411,149
0412,159
0413,136
0414,171
0415,153
0416,161
0417,155
0418,170
0419,168
0420,159
0421,146
0422,153
0423,158
0424,152
0425,152
0426,149
0427,152
0428,141
0429,139
0430,140
0431,165
0432,155
0433,184
0434,185
0435,160
0436,165
0437,146
0438,154
0439,143
044,1
0440,163
0441,184
0442,157
0443,166
0444,174
0445,164
0446,131
0447,155
0448,159
0449,164
045,1
0450,164
0451,157
0452,150
0453,142
0454,157
0455,159
0456,166
0457,169
0458,151
0459,119
0460,170
0461,140
0462,135
0463,161
0464,179
0465,151
0466,195
0467,152
0468,149
0469,161
0470,148
0471,133
0472,139
0473,145
0474,162
0475,155
0476,144
0477,148
0478,130
0479,145
0480,149
0481,144
0482,155
0483,131
0484,154
0485,138
0486,136
0487,139
0488,161
0489,154
049,3
0490,147
0491,157
0492,165
0493,122
0494,165
0495,160
0496,152
0497,142
0498,130
0499,162
0500,187
0501,155
0502,159
0503,170
0504,173
0505,181
0506,176
0507,149
0508,159
0509,154
0510,150
0511,151
0512,144
0513,133
0514,149
0515,168
0516,166
0517,152
0518,143
0519,143
0520,143
0521,132
0522,177
0523,159
0524,141
0525,149
0526,142
0527,139
0528,150
0529,141
0530,181
0531,133
0532,132
0533,148
0534,134
0535,164
0536,143
0537,140
0538,138
0539,150
054,2
0540,170
0541,151
0542,141
0543,129
0544,153
0545,148
0546,146
0547,146
0548,157
0549,152
0550,196
0551,178
0552,143
0553,144
0554,130
0555,167
0556,180
0557,159
0558,170
0559,145
0560,180
0561,150
0562,140
0563,145
0564,167
0565,162
0566,174
0567,148
0568,130
0569,122
0570,174
0571,135
0572,112
0573,139
0574,159
0575,150
0576,141
0577,179
0578,139
0579,119
058,1
0580,165
0581,160
0582,143
0583,149
0584,147
0585,171
0586,151
0587,132
0588,177
0589,142
0590,154
0591,157
0592,142
0593,130
0594,142
0595,161
0596,153
0597,142
0598,167
0599,143
06,1
0600,204
0601,146
0602,156
0603,153
0604,170
0605,160
0606,190
0607,170
0608,146
0609,146
0610,174
0611,153
0612,149
0613,153
0614,142
0615,155
0616,135
0617,172
0618,120
0619,152
0620,162
0621,156
0622,132
0623,132
0624,148
0625,145
0626,169
0627,145
0628,163
0629,130
0630,151
0631,143
0632,129
0633,163
0634,146
0635,131
0636,155
0637,137
0638,144
0639,146
0640,163
0641,115
0642,169
0643,162
0644,164
0645,135
0646,132
0647,142
0648,150
0649,152
0650,151
0651,141
0652,133
0653,147
0654,161
0655,173
0656,169
0657,133
0658,121
0659,135
066,1
0660,154
0661,148
0662,159
0663,153
0664,155
0665,158
0666,122
0667,146
0668,161
0669,150
0670,159
0671,143
0672,131
0673,140
0674,146
0675,137
0676,152
0677,164
0678,165
0679,127
068,1
0680,164
0681,130
0682,125
0683,132
0684,138
0685,146
0686,183
0687,142
0688,155
0689,133
0690,158
0691,134
0692,131
0693,125
0694,124
0695,131
0696,138
0697,132
0698,133
0699,174
0700,182
0701,141
0702,161
0703,153
0704,124
0705,156
0706,156
0707,190
0708,162
0709,158
0710,166
0711,159
0712,140
0713,122
0714,149
0715,140
0716,124
0717,156
0718,142
0719,148
072,1
0720,150
0721,126
0722,165
0723,151
0724,122
0725,154
0726,137
0727,159
0728,136
0729,143
073,1
0730,167
0731,128
0732,119
0733,149
0734,131
0735,126
0736,108
0737,142
0738,123
0739,138
0740,158
0741,158
0742,132
0743,137
0744,140
0745,141
0746,143
0747,148
0748,125
0749,138
075,1
0750,142
0751,132
0752,125
0753,153
0754,140
0755,173
0756,152
0757,149
0758,149
0759,128
0760,141
0761,147
0762,121
0763,121
0764,147
0765,158
0766,136
0767,165
0768,147
0769,129
0770,173
0771,165
0772,181
0773,163
0774,145
0775,144
0776,150
0777,157
0778,161
0779,123
078,1
0780,165
0781,138
0782,151
0783,126
0784,135
0785,132
0786,131
0787,154
0788,124
0789,143
0790,132
0791,140
0792,123
0793,139
0794,125
0795,137
0796,141
0797,133
0798,132
0799,152
080,1
0800,202
0801,148
0802,172
0803,159
0804,153
0805,142
0806,159
0807,159
0808,154
0809,158
0810,132
0811,137
0812,156
0813,138
0814,146
0815,152
0816,135
0817,144
0818,141
0819,139
0820,146
0821,146
0822,169
0823,159
0824,138
0825,143
0826,138
0827,145
0828,153
0829,138
0830,157
0831,149
0832,135
0833,148
0834,137
0835,157
0836,146
0837,142
0838,145
0839,134
084,1
0840,130
0841,114
0842,145
0843,147
0844,152
0845,156
0846,119
0847,132
0848,165
0849,130
0850,151
0851,156
0852,148
0853,128
0854,140
0855,156
0856,129
0857,156
0858,153
0859,152
0860,146
0861,140
0862,147
0863,120
0864,132
0865,167
0866,139
0867,133
0868,146
0869,126
087,1
0870,136
0871,120
0872,136
0873,144
0874,142
0875,145
0876,131
0877,167
0878,146
0879,140
0880,174
0881,189
0882,161
0883,131
0884,169
0885,165
0886,130
0887,156
0888,174
0889,147
0890,126
0891,148
0892,122
0893,133
0894,121
0895,145
0896,125
0897,134
0898,147
0899,167
0900,190
0901,139
0902,155
0903,146
0904,149
0905,136
0906,138
0907,168
0908,151
0909,169
0910,136
0911,190
0912,154
0913,142
0914,131
0915,145
0916,133
0917,122
0918,147
0919,167
0920,147
0921,141
0922,138
0923,146
0924,145
0925,123
0926,125
0927,134
0928,139
0929,165
0930,153
0931,142
0932,123
0933,158
0934,108
0935,135
0936,147
0937,153
0938,137
0939,140
0940,148
0941,129
0942,151
0943,138
0944,156
0945,136
0946,125
0947,126
0948,127
0949,166
0950,154
0951,144
0952,157
0953,121
0954,146
0955,144
0956,141
0957,131
0958,129
0959,148
0960,158
0961,138
0962,145
0963,151
0964,109
0965,134
0966,160
0967,122
0968,135
0969,138
097,1
0970,136
0971,125
0972,148
0973,128
0974,141
0975,157
0976,129
0977,147
0978,146
0979,140
0980,153
0981,129
0982,129
0983,140
0984,133
0985,150
0986,134
0987,151
0988,152
0989,138
0990,145
0991,146
0992,151
0993,152
0994,150
0995,155
0996,155
0997,132
0998,124
0999,153
1,1
100,1
1000,319
1001,195
1002,162
1003,166
1004,176
1005,194
1006,179
1007,190
1008,150
1009,176
1010,212
1011,152
1012,157
1013,149
1014,176
1015,171
1016,166
1017,167
1018,167
1019,170
1020,192
1021,154
1022,156
1023,177
1024,179
1025,165
1026,167
1027,167
1028,153
1029,172
1030,179
1031,166
1032,141
1033,157
1034,142
1035,169
1036,173
1037,144
1038,150
1039,149
1040,184
1041,136
1042,148
1043,145
1044,151
1045,159
1046,151
1047,153
1048,168
1049,146
1050,168
1051,162
1052,166
1053,151
1054,162
1055,143
1056,156
1057,148
1058,140
1059,161
106,3
1060,198
1061,183
1062,161
1063,158
1064,132
1065,167
1066,149
1067,162
1068,158
1069,175
1070,192
1071,161
1072,139
1073,164
1074,154
1075,160
1076,133
1077,171
1078,150
1079,134
1080,197
1081,170
1082,152
1083,151
1084,146
1085,122
1086,151
1087,151
1088,155
1089,145
1090,162
1091,133
1092,155
1093,153
1094,141
1095,176
1096,137
1097,148
1098,163
1099,157
1100,234
1101,183
1102,168
1103,178
1104,167
1105,169
1106,164
1107,160
1108,158
1109,147
1110,209
1111,233
1112,144
1113,177
1114,179
1115,186
1116,170
1117,165
1118,169
1119,143
1120,185
1121,169
1122,205
1123,174
1124,171
1125,155
1126,163
1127,154
1128,161
1129,160
1130,172
1131,156
1132,143
1133,179
1134,157
1135,159
1136,174
1137,167
1138,153
1139,163
1140,169
1141,154
1142,180
1143,154
1144,181
1145,152
1146,157
1147,151
1148,160
1149,130
1150,162
1151,156
1152,145
1153,140
1154,147
1155,178
1156,140
1157,152
1158,150
1159,177
1160,179
1161,159
1162,140
1163,157
1164,158
1165,144
1166,187
1167,153
1168,154
1169,152
1170,165
1171,185
1172,171
1173,159
1174,157
1175,163
1176,142
1177,184
1178,152
1179,151
1180,165
1181,158
1182,151
1183,169
1184,134
1185,168
1186,159
1187,145
1188,175
1189,167
1190,160
1191,161
1192,155
1193,137
1194,130
1195,164
1196,139
1197,164
1198,178
1199,173
12,2
1200,228
1201,170
1202,171
1203,164
1204,140
1205,154
1206,172
1207,162
1208,145
1209,155
1210,153
1211,156
1212,211
1213,183
1214,167
1215,175
1216,131
1217,150
1218,168
1219,145
122,1
1220,162
1221,178
1222,185
1223,183
1224,167
1225,174
1226,181
1227,151
1228,153
1229,158
1230,186
1231,154
1232,168
1233,162
1234,218
1235,156
1236,155
1237,146
1238,145
1239,159
1240,137
1241,151
1242,162
1243,159
1244,168
1245,162
1246,133
1247,146
1248,153
1249,150
1250,177
1251,132
1252,142
1253,138
1254,150
1255,149
1256,161
1257,152
1258,147
1259,136
1260,169
1261,141
1262,164
1263,152
1264,125
1265,137
1266,173
1267,131
1268,117
1269,157
1270,140
1271,155
1272,129
1273,159
1274,141
1275,174
1276,151
1277,136
1278,147
1279,124
128,2
1280,146
1281,168
1282,137
1283,143
1284,167
1285,156
1286,143
1287,132
1288,174
1289,131
1290,151
1291,119
1292,133
1293,137
1294,137
1295,161
1296,148
1297,134
1298,150
1299,138
1300,209
1301,143
1302,152
1303,149
1304,183
1305,170
1306,141
1307,147
1308,153
1309,144
1310,168
1311,165
1312,165
1313,197
1314,171
1315,153
1316,162
1317,133
1318,141
1319,156
1320,133
1321,159
1322,144
1323,148
1324,144
1325,176
1326,137
1327,138
1328,125
1329,138
1330,183
1331,159
1332,171
1333,174
1334,134
1335,163
1336,156
1337,126
1338,145
1339,185
1340,140
1341,152
1342,156
1343,153
1344,159
1345,145
1346,126
1347,129
1348,140
1349,144
1350,164
1351,149
1352,149
1353,153
1354,150
1355,151
1356,146
1357,133
1358,148
1359,137
1360,122
1361,161
1362,134
1363,119
1364,117
1365,111
1366,143
1367,118
1368,131
1369,166
1370,131
1371,114
1372,139
1373,132
1374,153
1375,145
1376,126
1377,158
1378,151
1379,132
1380,135
1381,139
1382,143
1383,148
1384,129
1385,149
1386,146
1387,135
1388,160
1389,139
1390,166
1391,129
1392,142
1393,152
1394,105
1395,123
1396,141
1397,143
1398,132
1399,143
1400,177
1401,168
1402,149
1403,162
1404,150
1405,153
1406,159
1407,152
1408,138
1409,161
141,1
1410,164
1411,156
1412,122
1413,149
1414,184
1415,167
1416,136
1417,155
1418,139
1419,143
142,1
1420,161
1421,139
1422,145
1423,160
1424,157
1425,150
1426,130
1427,135
1428,145
1429,145
1430,154
1431,159
1432,140
1433,130
1434,152
1435,151
1436,156
1437,136
1438,136
1439,115
1440,153
1441,140
1442,139
1443,151
1444,162
1445,129
1446,152
1447,152
1448,145
1449,148
145,2
1450,151
1451,149
1452,133
1453,146
1454,115
1455,147
1456,152
1457,123
1458,154
1459,145
1460,158
1461,144
1462,115
1463,126
1464,158
1465,126
1466,154
1467,128
1468,149
1469,129
1470,162
1471,126
1472,129
1473,159
1474,168
1475,138
1476,133
1477,191
1478,119
1479,153
148,1
1480,152
1481,143
1482,132
1483,113
1484,127
1485,157
1486,133
1487,170
1488,160
1489,130
149,1
1490,159
1491,128
1492,141
1493,137
1494,119
1495,123
1496,147
1497,140
1498,124
1499,156
1500,231
1501,178
1502,133
1503,167
1504,131
1505,153
1506,147
1507,144
1508,128
1509,158
1510,143
1511,139
1512,150
1513,155
1514,143
1515,141
1516,149
1517,162
1518,143
1519,175
1520,160
1521,151
1522,152
1523,138
1524,130
1525,159
1526,143
1527,157
1528,159
1529,133
1530,160
1531,141
1532,137
1533,154
1534,158
1535,159
1536,147
1537,149
1538,135
1539,134
154,1
1540,154
1541,169
1542,128
1543,131
1544,148
1545,134
1546,145
1547,111
1548,135
1549,149
1550,175
1551,158
1552,132
1553,123
1554,172
1555,165
1556,160
1557,149
1558,155
1559,145
1560,156
1561,162
1562,139
1563,142
1564,143
1565,149
1566,162
1567,125
1568,140
1569,135
1570,142
1571,159
1572,147
1573,156
1574,128
1575,144
1576,136
1577,146
1578,120
1579,134
1580,151
1581,124
1582,123
1583,138
1584,140
1585,137
1586,138
1587,130
1588,152
1589,138
159,1
1590,139
1591,121
1592,124
1593,135
1594,146
1595,135
1596,126
1597,136
1598,137
1599,152
160,1
1600,188
1601,142
1602,147
1603,139
1604,153
1605,145
1606,159
1607,154
1608,127
1609,140
1610,139
1611,186
1612,143
1613,146
1614,158
1615,147
1616,172
1617,151
1618,150
1619,151
1620,148
1621,142
1622,153
1623,145
1624,124
1625,129
1626,162
1627,138
1628,137
1629,139
1630,145
1631,139
1632,153
1633,154
1634,120
1635,140
1636,142
1637,109
1638,140
1639,123
164,1
1640,141
1641,135
1642,138
1643,124
1644,139
1645,144
1646,149
1647,133
1648,120
1649,136
1650,146
1651,137
1652,115
1653,131
1654,113
1655,163
1656,127
1657,125
1658,123
1659,139
1660,159
1661,140
1662,129
1663,133
1664,150
1665,148
1666,145
1667,125
1668,143
1669,165
1670,137
1671,141
1672,135
1673,126
1674,142
1675,164
1676,135
1677,144
1678,118
1679,147
1680,149
1681,133
1682,130
1683,138
1684,120
1685,138
1686,115
1687,122
1688,138
1689,131
1690,152
1691,146
1692,130
1693,132
1694,137
1695,118
1696,145
1697,128
1698,149
1699,131
1700,191
1701,143
1702,126
1703,146
1704,131
1705,141
1706,165
1707,167
1708,161
1709,153
1710,148
1711,142
1712,155
1713,134
1714,143
1715,160
1716,147
1717,160
1718,159
1719,148
1720,136
1721,145
1722,141
1723,115
1724,142
1725,123
1726,161
1727,157
1728,157
1729,112
173,1
1730,124
1731,117
1732,140
1733,121
1734,118
1735,125
1736,149
1737,133
1738,132
1739,121
1740,148
1741,131
1742,160
1743,147
1744,147
1745,105
1746,151
1747,130
1748,140
1749,127
175,1
1750,138
1751,140
1752,140
1753,134
1754,154
1755,152
1756,122
1757,147
1758,146
1759,140
176,1
1760,159
1761,125
1762,146
1763,117
1764,142
1765,132
1766,131
1767,130
1768,122
1769,135
177,1
1770,177
1771,150
1772,173
1773,151
1774,149
1775,143
1776,153
1777,174
1778,144
1779,146
1780,142
1781,119
1782,144
1783,147
1784,125
1785,116
1786,147
1787,140
1788,136
1789,144
1790,141
1791,123
1792,155
1793,123
1794,137
1795,155
1796,130
1797,115
1798,118
1799,117
180,1
1800,209
1801,129
1802,156
1803,148
1804,144
1805,134
1806,143
1807,136
1808,159
1809,146
1810,138
1811,140
1812,165
1813,139
1814,137
1815,132
1816,158
1817,147
1818,171
1819,133
1820,147
1821,143
1822,143
1823,138
1824,132
1825,139
1826,139
1827,123
1828,151
1829,147
1830,153
1831,152
1832,136
1833,137
1834,144
1835,157
1836,141
1837,147
1838,139
1839,119
1840,157
1841,123
1842,121
1843,130
1844,157
1845,143
1846,144
1847,125
1848,148
1849,131
1850,148
1851,150
1852,118
1853,121
1854,143
1855,149
1856,118
1857,139
1858,143
1859,133
1860,123
1861,108
1862,128
1863,125
1864,121
1865,133
1866,157
1867,131
1868,131
1869,141
1870,134
1871,139
1872,133
1873,127
1874,121
1875,140
1876,140
1877,160
1878,139
1879,147
188,1
1880,157
1881,144
1882,150
1883,149
1884,143
1885,161
1886,151
1887,121
1888,186
1889,146
1890,117
1891,137
1892,143
1893,137
1894,109
1895,137
1896,141
1897,120
1898,126
1899,152
190,1
1900,254
1901,124
1902,132
1903,155
1904,135
1905,142
1906,139
1907,152
1908,138
1909,140
1910,163
1911,152
1912,131
1913,138
1914,145
1915,153
1916,128
1917,138
1918,145
1919,162
1920,158
1921,151
1922,148
1923,145
1924,133
1925,137
1926,127
1927,158
1928,130
1929,134
1930,121
1931,124
1932,157
1933,157
1934,129
1935,135
1936,114
1937,127
1938,128
1939,125
1940,164
1941,131
1942,155
1943,136
1944,155
1945,152
1946,131
1947,143
1948,111
1949,149
1950,161
1951,137
1952,139
1953,140
1954,150
1955,141
1956,150
1957,151
1958,150
1959,143
1960,152
1961,148
1962,152
1963,131
1964,142
1965,151
1966,145
1967,130
1968,155
1969,137
1970,132
1971,153
1972,151
1973,135
1974,166
1975,140
1976,140
1977,141
1978,163
1979,135
1980,161
1981,143
1982,136
1983,151
1984,137
1985,156
1986,144
1987,123
1988,169
1989,146
1990,150
1991,160
1992,151
1993,162
1994,150
1995,145
1996,156
1997,121
1998,158
1999,177
2,1
200,1
2000,341
2001,196
2002,203
2003,176
2004,196
2005,180
2006,183
2007,187
2008,156
2009,161
2010,195
2011,177
2012,163
2013,159
2014,210
2015,176
2016,169
2017,149
2018,152
2019,148
2020,243
2021,184
2022,178
2023,196
2024,182
2025,194
2026,152
2027,161
2028,161
2029,191
2030,184
2031,142
2032,144
2033,176
2034,159
2035,155
2036,158
2037,149
2038,173
2039,156
2040,178
2041,177
2042,170
2043,153
2044,157
2045,169
2046,165
2047,142
2048,147
2049,147
205,1
2050,171
2051,148
2052,159
2053,142
2054,142
2055,185
2056,166
2057,155
2058,149
2059,149
2060,172
2061,143
2062,140
2063,141
2064,171
2065,174
2066,150
2067,154
2068,173
2069,157
2070,178
2071,148
2072,181
2073,147
2074,146
2075,182
2076,142
2077,154
2078,158
2079,137
2080,178
2081,140
2082,164
2083,149
2084,162
2085,147
2086,160
2087,147
2088,148
2089,140
2090,206
2091,137
2092,141
2093,145
2094,152
2095,119
2096,136
2097,130
2098,164
2099,162
21,1
2100,230
2101,178
2102,144
2103,158
2104,154
2105,164
2106,167
2107,154
2108,167
2109,148
2110,173
2111,194
2112,168
2113,160
2114,198
2115,157
2116,166
2117,173
2118,157
2119,175
2120,201
2121,289
2122,173
2123,181
2124,178
2125,182
2126,176
2127,151
2128,166
2129,150
2130,157
2131,207
2132,166
2133,199
2134,140
2135,167
2136,142
2137,154
2138,157
2139,153
2140,165
2141,203
2142,175
2143,145
2144,184
2145,175
2146,165
2147,155
2148,155
2149,165
2150,160
2151,198
2152,151
2153,147
2154,186
2155,180
2156,174
2157,138
2158,153
2159,152
2160,166
2161,205
2162,166
2163,158
2164,151
2165,168
2166,180
2167,159
2168,160
2169,142
2170,176
2171,175
2172,146
2173,146
2174,130
2175,158
2176,156
2177,187
2178,163
2179,162
2180,151
2181,155
2182,162
2183,173
2184,135
2185,148
2186,161
2187,132
2188,165
2189,152
2190,163
2191,187
2192,169
2193,158
2194,157
2195,164
2196,136
2197,137
2198,152
2199,165
2200,292
2201,201
2202,205
2203,170
2204,172
2205,165
2206,192
2207,193
2208,164
2209,182
2210,196
2211,219
2212,193
2213,183
2214,191
2215,208
2216,170
2217,197
2218,198
2219,173
2220,222
2221,262
2222,230
2223,219
2224,238
2225,222
2226,209
2227,199
2228,196
2229,219
2230,229
2231,185
2232,202
2233,210
2234,205
2235,196
2236,180
2237,206
2238,154
2239,176
2240,204
2241,186
2242,198
2243,170
2244,233
2245,194
2246,217
2247,195
2248,151
2249,187
225,1
2250,176
2251,218
2252,179
2253,184
2254,206
2255,231
2256,172
2257,175
2258,176
2259,155
2260,203
2261,195
2262,163
2263,169
2264,177
2265,207
2266,192
2267,180
2268,174
2269,167
2270,192
2271,188
2272,192
2273,184
2274,203
2275,191
2276,178
2277,222
2278,178
2279,161
2280,206
2281,211
2282,199
2283,171
2284,172
2285,171
2286,200
2287,163
2288,203
2289,162
2290,166
2291,191
2292,182
2293,178
2294,160
2295,161
2296,165
2297,168
2298,169
2299,181
230,2
2300,219
2301,188
2302,186
2303,177
2304,163
2305,182
2306,157
2307,164
2308,178
2309,153
2310,228
2311,226
2312,179
2313,162
2314,169
2315,180
2316,185
2317,170
2318,187
2319,180
2320,190
2321,186
2322,206
2323,217
2324,202
2325,186
2326,159
2327,174
2328,193
2329,176
233,1
2330,210
2331,173
2332,187
2333,184
2334,186
2335,189
2336,190
2337,157
2338,188
2339,197
234,1
2340,193
2341,202
2342,163
2343,206
2344,182
2345,216
2346,167
2347,155
2348,174
2349,174
2350,173
2351,166
2352,178
2353,195
2354,146
2355,183
2356,174
2357,175
2358,166
2359,156
2360,180
2361,148
2362,156
2363,183
2364,169
2365,168
2366,173
2367,177
2368,184
2369,150
2370,160
2371,180
2372,153
2373,179
2374,182
2375,175
2376,150
2377,168
2378,161
2379,148
238,1
2380,175
2381,178
2382,172
2383,146
2384,172
2385,167
2386,164
2387,159
2388,204
2389,167
2390,210
2391,157
2392,176
2393,184
2394,159
2395,162
2396,168
2397,176
2398,143
2399,168
240,1
2400,264
2401,148
2402,180
2403,149
2404,167
2405,152
2406,144
2407,162
2408,178
2409,158
2410,185
2411,199
2412,155
2413,176
2414,197
2415,209
2416,158
2417,147
2418,152
2419,167
2420,183
2421,173
2422,179
2423,178
2424,208
2425,179
2426,184
2427,179
2428,179
2429,174
243,3
2430,150
2431,166
2432,183
2433,174
2434,191
2435,160
2436,166
2437,159
2438,144
2439,172
2440,163
2441,198
2442,205
2443,170
2444,196
2445,183
2446,182
2447,192
2448,200
2449,157
245,1
2450,179
2451,156
2452,190
2453,157
2454,162
2455,193
2456,172
2457,164
2458,153
2459,184
2460,162
2461,150
2462,155
2463,186
2464,189
2465,188
2466,182
2467,180
2468,181
2469,165
247,1
2470,150
2471,208
2472,178
2473,181
2474,159
2475,170
2476,170
2477,174
2478,151
2479,170
2480,185
2481,190
2482,152
2483,136
2484,168
2485,137
2486,162
2487,165
2488,166
2489,150
2490,172
2491,169
2492,177
2493,167
2494,172
2495,157
2496,143
2497,158
2498,144
2499,178
2500,251
2501,163
2502,154
2503,160
2504,170
2505,194
2506,147
2507,150
2508,170
2509,154
2510,176
2511,193
2512,175
2513,160
2514,172
2515,184
2516,182
2517,165
2518,157
2519,179
2520,187
2521,172
2522,195
2523,170
2524,175
2525,219
2526,185
2527,161
2528,143
2529,168
253,1
2530,179
2531,176
2532,143
2533,157
2534,131
2535,178
2536,163
2537,158
2538,150
2539,153
254,1
2540,160
2541,169
2542,161
2543,173
2544,190
2545,197
2546,169
2547,154
2548,167
2549,155
2550,193
2551,197
2552,174
2553,188
2554,158
2555,183
2556,173
2557,162
2558,157
2559,166
2560,179
2561,153
2562,147
2563,148
2564,155
2565,174
2566,158
2567,170
2568,150
2569,159
2570,167
2571,154
2572,141
2573,155
2574,150
2575,194
2576,149
2577,170
2578,177
2579,154
2580,169
2581,158
2582,152
2583,140
2584,128
2585,164
2586,177
2587,167
2588,183
2589,146
259,1
2590,157
2591,145
2592,148
2593,153
2594,156
2595,176
2596,137
2597,142
2598,148
2599,146
260,1
2600,211
2601,154
2602,163
2603,171
2604,146
2605,162
2606,191
2607,172
2608,160
2609,153
2610,191
2611,179
2612,149
2613,124
2614,166
2615,158
2616,177
2617,156
2618,164
2619,155
2620,185
2621,162
2622,166
2623,190
2624,170
2625,174
2626,189
2627,205
2628,182
2629,168
2630,175
2631,161
2632,143
2633,155
2634,159
2635,148
2636,170
2637,137
2638,151
2639,141
264,1
2640,194
2641,140
2642,156
2643,161
2644,193
2645,151
2646,175
2647,147
2648,143
2649,169
2650,169
2651,151
2652,160
2653,163
2654,159
2655,183
2656,192
2657,137
2658,131
2659,131
266,1
2660,170
2661,168
2662,187
2663,190
2664,161
2665,200
2666,161
2667,154
2668,179
2669,161
2670,136
2671,170
2672,167
2673,147
2674,168
2675,158
2676,151
2677,141
2678,150
2679,147
268,2
2680,162
2681,167
2682,140
2683,141
2684,138
2685,164
2686,185
2687,147
2688,181
2689,137
2690,166
2691,178
2692,143
2693,149
2694,136
2695,166
2696,176
2697,154
2698,148
2699,137
270,1
2700,267
2701,161
2702,167
2703,133
2704,147
2705,153
2706,132
2707,148
2708,154
2709,147
2710,148
2711,168
2712,156
2713,149
2714,136
2715,166
2716,145
2717,165
2718,144
2719,150
272,1
2720,164
2721,159
2722,170
2723,163
2724,174
2725,169
2726,163
2727,180
2728,163
2729,160
2730,187
2731,154
2732,153
2733,148
2734,127
2735,143
2736,144
2737,161
2738,112
2739,169
2740,157
2741,172
2742,128
2743,132
2744,175
2745,145
2746,136
2747,163
2748,142
2749,155
2750,137
2751,142
2752,148
2753,134
2754,171
2755,153
2756,153
2757,155
2758,158
2759,133
2760,163
2761,156
2762,141
2763,135
2764,153
2765,163
2766,148
2767,155
2768,136
2769,177
2770,145
2771,169
2772,169
2773,163
2774,156
2775,187
2776,160
2777,182
2778,179
2779,137
2780,154
2781,158
2782,145
2783,141
2784,137
2785,149
2786,143
2787,169
2788,128
2789,152
279,1
2790,161
2791,129
2792,150
2793,136
2794,122
2795,136
2796,142
2797,166
2798,131
2799,146
2800,215
2801,154
2802,161
2803,144
2804,139
2805,187
2806,129
2807,161
2808,176
2809,158
2810,165
2811,192
2812,126
2813,154
2814,162
2815,136
2816,157
2817,169
2818,170
2819,145
2820,158
2821,166
2822,165
2823,160
2824,144
2825,153
2826,169
2827,156
2828,182
2829,149
2830,152
2831,155
2832,147
2833,161
2834,147
2835,138
2836,141
2837,141
2838,174
2839,158
2840,152
2841,173
2842,171
2843,132
2844,150
2845,161
2846,180
2847,139
2848,169
2849,121
2850,166
2851,198
2852,168
2853,150
2854,155
2855,161
2856,146
2857,149
2858,176
2859,151
2860,150
2861,146
2862,160
2863,148
2864,132
2865,134
2866,140
2867,135
2868,175
2869,143
2870,153
2871,153
2872,139
2873,138
2874,156
2875,141
2876,149
2877,178
2878,164
2879,133
2880,185
2881,160
2882,140
2883,159
2884,153
2885,148
2886,166
2887,159
2888,197
2889,178
2890,161
2891,131
2892,123
2893,145
2894,146
2895,136
2896,156
2897,136
2898,139
2899,147
29,1
2900,205
2901,152
2902,144
2903,146
2904,142
2905,135
2906,153
2907,148
2908,169
2909,148
2910,167
2911,154
2912,143
2913,139
2914,123
2915,167
2916,127
2917,139
2918,146
2919,163
2920,147
2921,141
2922,156
2923,160
2924,136
2925,150
2926,157
2927,148
2928,163
2929,188
293,1
2930,140
2931,139
2932,112
2933,141
2934,160
2935,136
2936,135
2937,130
2938,143
2939,167
2940,152
2941,157
2942,138
2943,146
2944,151
2945,132
2946,142
2947,122
2948,130
2949,160
295,1
2950,163
2951,127
2952,122
2953,144
2954,139
2955,155
2956,152
2957,138
2958,119
2959,159
296,1
2960,138
2961,153
2962,159
2963,144
2964,131
2965,148
2966,143
2967,130
2968,125
2969,134
2970,125
2971,154
2972,132
2973,152
2974,162
2975,123
2976,144
2977,162
2978,128
2979,147
2980,143
2981,156
2982,137
2983,122
2984,131
2985,121
2986,138
2987,136
2988,147
2989,125
2990,155
2991,152
2992,153
2993,142
2994,156
2995,135
2996,143
2997,135
2998,159
2999,152
3,2
300,2
3000,245
3001,168
3002,147
3003,174
3004,137
3005,139
3006,160
3007,144
3008,157
3009,153
3010,184
3011,157
3012,156
3013,142
3014,144
3015,153
3016,118
3017,140
3018,117
3019,152
3020,178
3021,141
3022,171
3023,134
3024,144
3025,175
3026,136
3027,153
3028,124
3029,151
3030,190
3031,162
3032,144
3033,156
3034,141
3035,155
3036,149
3037,128
3038,141
3039,141
3040,147
3041,141
3042,140
3043,138
3044,149
3045,147
3046,154
3047,140
3048,139
3049,150
3050,153
3051,131
3052,136
3053,151
3054,120
3055,158
3056,134
3057,125
3058,121
3059,129
3060,139
3061,139
3062,137
3063,147
3064,154
3065,154
3066,166
3067,158
3068,146
3069,153
3070,169
3071,144
3072,142
3073,138
3074,118
3075,128
3076,137
3077,148
3078,157
3079,122
308,1
3080,161
3081,139
3082,133
3083,134
3084,112
3085,139
3086,136
3087,148
3088,149
3089,156
3090,149
3091,138
3092,114
3093,147
3094,132
3095,123
3096,135
3097,151
3098,131
3099,159
3100,219
3101,143
3102,177
3103,168
3104,161
3105,168
3106,167
3107,145
3108,150
3109,135
311,1
3110,153
3111,205
3112,175
3113,164
3114,155
3115,176
3116,136
3117,150
3118,128
3119,183
3120,156
3121,193
3122,148
3123,142
3124,146
3125,175
3126,146
3127,146
3128,150
3129,129
313,1
3130,171
3131,189
3132,173
3133,154
3134,140
3135,176
3136,158
3137,140
3138,133
3139,136
314,1
3140,170
3141,189
3142,131
3143,149
3144,174
3145,149
3146,146
3147,134
3148,157
3149,148
3150,148
3151,166
3152,127
3153,125
3154,136
3155,155
3156,176
3157,117
3158,165
3159,123
3160,161
3161,175
3162,129
3163,138
3164,156
3165,158
3166,151
3167,141
3168,118
3169,125
3170,148
3171,163
3172,124
3173,152
3174,127
3175,146
3176,145
3177,154
3178,149
3179,146
3180,157
3181,155
3182,144
3183,146
3184,121
3185,161
3186,160
3187,129
3188,159
3189,134
3190,138
3191,180
3192,157
3193,147
3194,140
3195,142
3196,146
3197,137
3198,138
3199,134
32,1
3200,179
3201,158
3202,159
3203,162
3204,159
3205,146
3206,166
3207,155
3208,168
3209,147
3210,158
3211,174
3212,175
3213,160
3214,152
3215,157
3216,132
3217,182
3218,142
3219,123
3220,182
3221,170
3222,179
3223,167
3224,164
3225,157
3226,162
3227,132
3228,148
3229,180
3230,149
3231,170
3232,230
3233,165
3234,159
3235,180
3236,177
3237,161
3238,141
3239,174
3240,141
3241,185
3242,167
3243,161
3244,163
3245,152
3246,145
3247,138
3248,152
3249,127
325,1
3250,163
3251,169
3252,164
3253,165
3254,147
3255,158
3256,142
3257,149
3258,151
3259,157
326,1
3260,148
3261,149
3262,161
3263,157
3264,146
3265,133
3266,162
3267,126
3268,147
3269,122
3270,161
3271,147
3272,172
3273,152
3274,138
3275,148
3276,139
3277,190
3278,140
3279,147
328,1
3280,160
3281,168
3282,178
3283,138
3284,135
3285,149
3286,167
3287,116
3288,162
3289,123
3290,148
3291,137
3292,127
3293,168
3294,132
3295,164
3296,140
3297,139
3298,163
3299,136
3300,255
3301,164
3302,181
3303,169
3304,162
3305,156
3306,158
3307,157
3308,149
3309,151
3310,177
3311,192
3312,158
3313,195
3314,159
3315,156
3316,170
3317,154
3318,156
3319,175
3320,161
3321,186
3322,190
3323,185
3324,149
3325,158
3326,169
3327,137
3328,155
3329,154
3330,191
3331,178
3332,173
3333,237
3334,194
3335,181
3336,183
3337,164
3338,177
3339,152
3340,150
3341,182
3342,140
3343,200
3344,182
3345,221
3346,153
3347,164
3348,162
3349,137
3350,192
3351,157
3352,166
3353,161
3354,161
3355,190
3356,160
3357,145
3358,156
3359,160
3360,186
3361,167
3362,154
3363,174
3364,162
3365,149
3366,201
3367,147
3368,179
3369,155
3370,165
3371,161
3372,157
3373,162
3374,151
3375,137
3376,182
3377,162
3378,176
3379,124
338,2
3380,177
3381,157
3382,165
3383,175
3384,149
3385,139
3386,157
3387,142
3388,177
3389,155
339,2
3390,169
3391,152
3392,152
3393,162
3394,153
3395,163
3396,147
3397,134
3398,153
3399,154
340,1
3400,209
3401,182
3402,165
3403,160
3404,163
3405,143
3406,151
3407,139
3408,155
3409,127
3410,130
3411,176
3412,161
3413,138
3414,152
3415,161
3416,157
3417,165
3418,121
3419,141
3420,147
3421,166
3422,158
3423,165
3424,135
3425,148
3426,132
3427,159
3428,123
3429,132
3430,168
3431,159
3432,153
3433,153
3434,186
3435,187
3436,147
3437,180
3438,173
3439,154
344,1
3440,152
3441,184
3442,159
3443,137
3444,185
3445,166
3446,176
3447,176
3448,167
3449,173
3450,207
3451,138
3452,152
3453,140
3454,168
3455,173
3456,207
3457,165
3458,126
3459,149
3460,155
3461,158
3462,148
3463,134
3464,175
3465,138
3466,153
3467,149
3468,134
3469,137
347,1
3470,155
3471,155
3472,152
3473,144
3474,140
3475,141
3476,127
3477,142
3478,118
3479,136
3480,149
3481,160
3482,140
3483,155
3484,152
3485,156
3486,160
3487,143
3488,159
3489,135
3490,142
3491,151
3492,141
3493,146
3494,161
3495,136
3496,122
3497,148
3498,154
3499,152
3500,230
3501,165
3502,113
3503,144
3504,158
3505,160
3506,140
3507,145
3508,140
3509,161
3510,181
3511,134
3512,158
3513,154
3514,167
3515,142
3516,159
3517,148
3518,152
3519,129
3520,176
3521,130
3522,162
3523,148
3524,145
3525,167
3526,150
3527,150
3528,170
3529,161
353,1
3530,160
3531,172
3532,149
3533,179
3534,144
3535,175
3536,164
3537,174
3538,156
3539,129
3540,149
3541,144
3542,175
3543,153
3544,147
3545,153
3546,167
3547,155
3548,154
3549,130
355,1
3550,177
3551,155
3552,166
3553,170
3554,165
3555,182
3556,137
3557,190
3558,155
3559,138
3560,153
3561,164
3562,131
3563,134
3564,164
3565,175
3566,159
3567,145
3568,130
3569,137
3570,158
3571,158
3572,147
3573,142
3574,135
3575,169
3576,142
3577,146
3578,134
3579,143
3580,165
3581,137
3582,154
3583,143
3584,126
3585,149
3586,127
3587,146
3588,153
3589,123
3590,156
3591,164
3592,138
3593,154
3594,129
3595,157
3596,130
3597,120
3598,144
3599,137
36,1
3600,238
3601,143
3602,129
3603,149
3604,130
3605,141
3606,162
3607,142
3608,106
3609,143
3610,144
3611,165
3612,136
3613,146
3614,131
3615,144
3616,152
3617,134
3618,145
3619,141
362,1
3620,158
3621,143
3622,134
3623,173
3624,118
3625,162
3626,150
3627,142
3628,157
3629,132
363,1
3630,163
3631,172
3632,157
3633,150
3634,137
3635,165
3636,195
3637,133
3638,145
3639,156
364,1
3640,167
3641,144
3642,124
3643,144
3644,152
3645,155
3646,161
3647,134
3648,148
3649,137
3650,146
3651,134
3652,133
3653,113
3654,155
3655,151
3656,143
3657,134
3658,139
3659,142
3660,183
3661,144
3662,134
3663,160
3664,160
3665,166
3666,167
3667,159
3668,160
3669,158
3670,158
3671,152
3672,151
3673,130
3674,131
3675,151
3676,140
3677,135
3678,158
3679,141
3680,157
3681,145
3682,124
3683,125
3684,127
3685,136
3686,136
3687,132
3688,176
3689,125
3690,167
3691,159
3692,121
3693,126
3694,133
3695,115
3696,150
3697,143
3698,135
3699,140
3700,224
3701,140
3702,170
3703,150
3704,133
3705,133
3706,157
3707,166
3708,125
3709,135
3710,135
3711,186
3712,119
3713,156
3714,125
3715,151
3716,146
3717,150
3718,166
3719,136
372,1
3720,143
3721,147
3722,189
3723,145
3724,142
3725,143
3726,136
3727,165
3728,146
3729,146
3730,148
3731,155
3732,148
3733,160
3734,126
3735,144
3736,150
3737,182
3738,152
3739,143
3740,130
3741,148
3742,135
3743,131
3744,131
3745,144
3746,141
3747,165
3748,144
3749,132
3750,151
3751,140
3752,149
3753,117
3754,137
3755,128
3756,120
3757,152
3758,113
3759,147
376,1
3760,128
3761,134
3762,137
3763,142
3764,139
3765,137
3766,123
3767,170
3768,128
3769,132
3770,165
3771,155
3772,145
3773,160
3774,127
3775,148
3776,127
3777,144
3778,140
3779,151
3780,135
3781,143
3782,128
3783,141
3784,128
3785,136
3786,149
3787,137
3788,134
3789,136
379,1
3790,141
3791,132
3792,136
3793,124
3794,124
3795,133
3796,129
3797,160
3798,109
3799,148
380,1
3800,186
3801,160
3802,149
3803,144
3804,135
3805,129
3806,137
3807,124
3808,148
3809,153
3810,122
3811,170
3812,153
3813,146
3814,117
3815,138
3816,121
3817,133
3818,154
3819,135
3820,147
3821,140
3822,151
3823,138
3824,132
3825,142
3826,148
3827,142
3828,162
3829,130
3830,165
3831,145
3832,147
3833,177
3834,125
3835,131
3836,153
3837,154
3838,163
3839,136
3840,149
3841,139
3842,133
3843,138
3844,148
3845,135
3846,127
3847,120
3848,156
3849,132
385,1
3850,176
3851,129
3852,126
3853,123
3854,137
3855,157
3856,119
3857,146
3858,146
3859,137
3860,148
3861,137
3862,128
3863,148
3864,128
3865,155
3866,135
3867,135
3868,144
3869,118
3870,140
3871,118
3872,105
3873,129
3874,126
3875,125
3876,138
3877,157
3878,165
3879,118
3880,158
3881,133
3882,152
3883,156
3884,148
3885,142
3886,141
3887,134
3888,142
3889,143
3890,140
3891,123
3892,116
3893,131
3894,137
3895,120
3896,113
3897,104
3898,140
3899,131
3900,201
3901,132
3902,154
3903,142
3904,135
3905,142
3906,137
3907,126
3908,143
3909,117
3910,140
3911,166
3912,132
3913,162
3914,122
3915,146
3916,125
3917,154
3918,121
3919,130
392,1
3920,106
3921,145
3922,141
3923,129
3924,126
3925,130
3926,120
3927,113
3928,134
3929,117
3930,146
3931,154
3932,135
3933,151
3934,129
3935,135
3936,127
3937,138
3938,123
3939,158
3940,130
3941,135
3942,131
3943,130
3944,146
3945,125
3946,120
3947,135
3948,113
3949,135
3950,163
3951,127
3952,108
3953,122
3954,141
3955,136
3956,100
3957,118
3958,101
3959,155
3960,140
3961,124
3962,129
3963,115
3964,107
3965,116
3966,113
3967,117
3968,128
3969,147
3970,135
3971,120
3972,108
3973,118
3974,135
3975,119
3976,126
3977,162
3978,118
3979,143
398,1
3980,132
3981,160
3982,119
3983,107
3984,107
3985,128
3986,131
3987,109
3988,127
3989,161
399,2
3990,149
3991,161
3992,122
3993,151
3994,123
3995,129
3996,120
3997,126
3998,151
3999,129
4,2
400,1
4000,283
4001,142
4002,132
4003,144
4004,166
4005,150
4006,140
4007,131
4008,144
4009,134
4010,167
4011,131
4012,127
4013,118
4014,123
4015,141
4016,128
4017,137
4018,139
4019,116
4020,177
4021,142
4022,143
4023,138
4024,124
4025,126
4026,133
4027,124
4028,125
4029,108
4030,151
4031,140
4032,137
4033,141
4034,132
4035,123
4036,124
4037,112
4038,145
4039,121
4040,177
4041,155
4042,134
4043,133
4044,137
4045,140
4046,138
4047,111
4048,150
4049,122
405,1
4050,146
4051,123
4052,113
4053,122
4054,126
4055,138
4056,125
4057,112
4058,107
4059,110
4060,125
4061,135
4062,123
4063,123
4064,152
4065,134
4066,126
4067,132
4068,116
4069,119
407,2
4070,129
4071,122
4072,111
4073,119
4074,115
4075,105
4076,119
4077,134
4078,135
4079,116
4080,134
4081,130
4082,112
4083,121
4084,129
4085,122
4086,117
4087,134
4088,155
4089,125
4090,153
4091,123
4092,124
4093,120
4094,124
4095,121
4096,117
4097,135
4098,110
4099,137
410,1
4100,211
4101,161
4102,145
4103,134
4104,128
4105,141
4106,115
4107,121
4108,102
4109,122
4110,161
4111,157
4112,123
4113,110
4114,150
4115,116
4116,134
4117,122
4118,142
4119,135
4120,113
4121,165
4122,138
4123,129
4124,128
4125,131
4126,118
4127,115
4128,124
4129,111
4130,136
4131,136
4132,129
4133,155
4134,137
4135,138
4136,122
4137,131
4138,130
4139,124
4140,125
4141,160
4142,129
4143,140
4144,141
4145,157
4146,115
4147,110
4148,127
4149,123
415,1
4150,140
4151,136
4152,142
4153,126
4154,147
4155,151
4156,124
4157,142
4158,127
4159,98
4160,116
4161,130
4162,135
4163,124
4164,117
4165,125
4166,136
4167,115
4168,108
4169,132
4170,142
4171,135
4172,118
4173,132
4174,131
4175,132
4176,126
4177,155
4178,105
4179,118
418,1
4180,115
4181,121
4182,127
4183,102
4184,129
4185,114
4186,117
4187,108
4188,138
4189,129
419,1
4190,112
4191,119
4192,118
4193,96
4194,111
4195,133
4196,106
4197,106
4198,112
4199,102
4200,209
4201,137
4202,150
4203,133
4204,141
4205,132
4206,123
4207,119
4208,136
4209,134
4210,136
4211,131
4212,122
4213,121
4214,127
4215,123
4216,109
4217,142
4218,132
4219,141
422,1
4220,136
4221,166
4222,170
4223,118
4224,125
4225,139
4226,159
4227,133
4228,140
4229,155
4230,160
4231,139
4232,135
4233,125
4234,130
4235,118
4236,120
4237,129
4238,129
4239,107
4240,141
4241,134
4242,147
4243,126
4244,122
4245,143
4246,145
4247,128
4248,138
4249,123
4250,147
4251,122
4252,131
4253,125
4254,120
4255,144
4256,133
4257,105
4258,142
4259,118
4260,141
4261,125
4262,129
4263,108
4264,130
4265,117
4266,157
4267,122
4268,113
4269,134
4270,153
4271,135
4272,138
4273,125
4274,113
4275,131
4276,131
4277,144
4278,133
4279,110
428,1
4280,120
4281,138
4282,138
4283,117
4284,125
4285,118
4286,106
4287,124
4288,148
4289,122
4290,117
4291,138
4292,143
4293,126
4294,116
4295,126
4296,111
4297,113
4298,123
4299,121
430,1
4300,177
4301,131
4302,140
4303,126
4304,131
4305,139
4306,149
4307,135
4308,139
4309,138
4310,141
4311,148
4312,128
4313,151
4314,143
4315,131
4316,123
4317,117
4318,137
4319,132
432,1
4320,139
4321,150
4322,123
4323,153
4324,125
4325,141
4326,123
4327,127
4328,119
4329,121
4330,147
4331,145
4332,144
4333,137
4334,148
4335,160
4336,134
4337,139
4338,132
4339,154
4340,152
4341,128
4342,138
4343,149
4344,152
4345,142
4346,143
4347,126
4348,132
4349,123
435,3
4350,124
4351,125
4352,134
4353,145
4354,123
4355,139
4356,124
4357,125
4358,108
4359,110
4360,130
4361,133
4362,123
4363,147
4364,131
4365,124
4366,148
4367,119
4368,116
4369,124
4370,128
4371,117
4372,141
4373,143
4374,122
4375,150
4376,118
4377,139
4378,107
4379,114
4380,115
4381,115
4382,116
4383,139
4384,125
4385,117
4386,104
4387,98
4388,145
4389,125
4390,112
4391,135
4392,116
4393,124
4394,131
4395,118
4396,112
4397,113
4398,112
4399,133
44,2
440,1
4400,161
4401,156
4402,128
4403,134
4404,152
4405,103
4406,170
4407,122
4408,133
4409,133
4410,144
4411,144
4412,132
4413,133
4414,145
4415,176
4416,142
4417,158
4418,129
4419,125
4420,143
4421,144
4422,176
4423,143
4424,160
4425,147
4426,139
4427,108
4428,132
4429,144
4430,136
4431,143
4432,154
4433,159
4434,147
4435,129
4436,129
4437,116
4438,122
4439,125
444,1
4440,171
4441,175
4442,151
4443,150
4444,189
4445,156
4446,123
4447,159
4448,145
4449,150
4450,136
4451,156
4452,115
4453,137
4454,149
4455,180
4456,150
4457,133
4458,141
4459,122
4460,148
4461,136
4462,114
4463,131
4464,151
4465,112
4466,168
4467,142
4468,154
4469,134
4470,139
4471,144
4472,128
4473,114
4474,124
4475,157
4476,144
4477,144
4478,138
4479,120
448,1
4480,135
4481,143
4482,140
4483,122
4484,132
4485,112
4486,122
4487,140
4488,151
4489,122
4490,149
4491,124
4492,127
4493,122
4494,149
4495,120
4496,116
4497,115
4498,133
4499,134
4500,179
4501,131
4502,143
4503,135
4504,101
4505,156
4506,136
4507,132
4508,121
4509,122
4510,152
4511,144
4512,144
4513,124
4514,117
4515,144
4516,132
4517,140
4518,111
4519,102
452,1
4520,125
4521,124
4522,124
4523,94
4524,109
4525,161
4526,135
4527,124
4528,118
4529,140
4530,111
4531,132
4532,142
4533,147
4534,130
4535,138
4536,152
4537,112
4538,104
4539,127
454,1
4540,144
4541,154
4542,118
4543,139
4544,144
4545,150
4546,128
4547,125
4548,127
4549,139
455,1
4550,141
4551,133
4552,120
4553,141
4554,125
4555,165
4556,108
4557,126
4558,130
4559,132
4560,140
4561,145
4562,112
4563,108
4564,139
4565,150
4566,118
4567,155
4568,132
4569,125
4570,119
4571,131
4572,120
4573,109
4574,116
4575,136
4576,121
4577,137
4578,117
4579,110
458,1
4580,121
4581,117
4582,125
4583,129
4584,114
4585,144
4586,126
4587,115
4588,131
4589,109
459,1
4590,128
4591,127
4592,122
4593,108
4594,115
4595,109
4596,113
4597,121
4598,118
4599,112
4600,158
4601,143
4602,113
4603,105
4604,146
4605,129
4606,144
4607,107
4608,120
4609,135
4610,143
4611,120
4612,112
4613,112
4614,122
4615,125
4616,136
4617,116
4618,134
4619,111
4620,157
4621,137
4622,134
4623,131
4624,136
4625,114
4626,140
4627,108
4628,127
4629,128
4630,112
4631,126
4632,98
4633,130
4634,115
4635,132
4636,119
4637,107
4638,124
4639,122
4640,144
4641,136
4642,108
4643,127
4644,146
4645,139
4646,128
4647,124
4648,119
4649,121
4650,131
4651,115
4652,112
4653,121
4654,116
4655,137
4656,128
4657,106
4658,108
4659,107
4660,160
4661,117
4662,133
4663,129
4664,113
4665,130
4666,117
4667,120
4668,110
4669,103
4670,111
4671,103
4672,98
4673,135
4674,107
4675,126
4676,127
4677,138
4678,118
4679,115
4680,117
4681,129
4682,111
4683,121
4684,137
4685,140
4686,131
4687,115
4688,126
4689,104
469,3
4690,129
4691,122
4692,111
4693,118
4694,114
4695,115
4696,123
4697,95
4698,108
4699,137
4700,190
4701,110
4702,124
4703,106
4704,116
4705,104
4706,115
4707,136
4708,121
4709,102
471,1
4710,116
4711,146
4712,115
4713,129
4714,104
4715,107
4716,130
4717,116
4718,111
4719,123
472,1
4720,114
4721,117
4722,133
4723,100
4724,103
4725,125
4726,120
4727,128
4728,126
4729,110
4730,92
4731,119
4732,112
4733,110
4734,118
4735,120
4736,99
4737,122
4738,106
4739,108
4740,151
4741,109
4742,95
4743,124
4744,121
4745,124
4746,114
4747,135
4748,115
4749,123
4750,123
4751,124
4752,99
4753,123
4754,116
4755,114
4756,88
4757,132
4758,115
4759,111
476,1
4760,113
4761,116
4762,129
4763,105
4764,110
4765,117
4766,120
4767,127
4768,96
4769,112
4770,144
4771,116
4772,127
4773,108
4774,132
4775,147
4776,131
4777,170
4778,122
4779,132
4780,120
4781,117
4782,105
4783,115
4784,108
4785,99
4786,116
4787,122
4788,130
4789,118
4790,125
4791,123
4792,120
4793,87
4794,110
4795,96
4796,127
4797,123
4798,95
4799,98
4800,183
4801,114
4802,117
4803,115
4804,119
4805,109
4806,108
4807,109
4808,128
4809,101
4810,117
4811,129
4812,117
4813,119
4814,114
4815,95
4816,107
4817,122
4818,113
4819,109
4820,142
4821,117
4822,141
4823,109
4824,116
4825,127
4826,103
4827,108
4828,119
4829,103
483,2
4830,136
4831,109
4832,124
4833,139
4834,111
4835,120
4836,92
4837,107
4838,134
4839,111
4840,127
4841,133
4842,136
4843,114
4844,136
4845,123
4846,119
4847,120
4848,165
4849,124
4850,123
4851,122
4852,119
4853,135
4854,125
4855,135
4856,106
4857,111
4858,127
4859,119
4860,121
4861,115
4862,107
4863,125
4864,106
4865,106
4866,134
4867,95
4868,137
4869,131
487,1
4870,114
4871,119
4872,111
4873,110
4874,95
4875,95
4876,111
4877,136
4878,132
4879,105
4880,124
4881,129
4882,119
4883,97
4884,124
4885,134
4886,115
4887,116
4888,135
4889,119
4890,128
4891,116
4892,126
4893,114
4894,106
4895,125
4896,129
4897,109
4898,129
4899,113
4900,146
4901,111
4902,125
4903,112
4904,116
4905,107
4906,122
4907,105
4908,111
4909,125
4910,133
4911,142
4912,132
4913,119
4914,103
4915,106
4916,105
4917,93
4918,116
4919,144
4920,120
4921,111
4922,130
4923,113
4924,105
4925,119
4926,106
4927,104
4928,103
4929,128
4930,115
4931,115
4932,102
4933,130
4934,115
4935,115
4936,103
4937,99
4938,110
4939,108
4940,129
4941,107
4942,127
4943,124
4944,104
4945,101
4946,105
4947,98
4948,134
4949,135
4950,141
4951,99
4952,100
4953,99
4954,116
4955,128
4956,106
4957,102
4958,108
4959,131
496,2
4960,108
4961,115
4962,115
4963,105
4964,121
4965,114
4966,115
4967,104
4968,102
4969,147
4970,111
4971,112
4972,91
4973,102
4974,95
4975,98
4976,114
4977,116
4978,100
4979,120
4980,123
4981,114
4982,112
4983,115
4984,111
4985,111
4986,100
4987,110
4988,123
4989,143
4990,141
4991,121
4992,115
4993,117
4994,140
4995,118
4996,117
4997,107
4998,109
4999,135
5,4
5000,262
5001,165
5002,155
5003,143
5004,154
5005,155
5006,144
5007,139
5008,155
5009,153
5010,152
5011,132
5012,127
5013,159
5014,117
5015,132
5016,126
5017,138
5018,140
5019,127
5020,131
5021,127
5022,126
5023,123
5024,125
5025,149
5026,156
5027,132
5028,154
5029,131
5030,145
5031,138
5032,122
5033,139
5034,133
5035,148
5036,137
5037,129
5038,113
5039,130
504,1
5040,171
5041,147
5042,148
5043,121
5044,143
5045,121
5046,119
5047,126
5048,141
5049,118
5050,200
5051,116
5052,125
5053,147
5054,139
5055,164
5056,143
5057,140
5058,133
5059,136
5060,157
5061,137
5062,112
5063,137
5064,116
5065,145
5066,145
5067,123
5068,120
5069,135
5070,146
5071,126
5072,139
5073,107
5074,133
5075,142
5076,128
5077,127
5078,128
5079,112
508,1
5080,144
5081,139
5082,125
5083,123
5084,139
5085,126
5086,125
5087,114
5088,125
5089,107
509,1
5090,118
5091,113
5092,106
5093,114
5094,105
5095,122
5096,124
5097,125
5098,132
5099,115
5100,188
5101,151
5102,128
5103,137
5104,110
5105,141
5106,136
5107,131
5108,132
5109,132
511,1
5110,162
5111,155
5112,144
5113,139
5114,142
5115,137
5116,134
5117,130
5118,130
5119,134
512,1
5120,124
5121,133
5122,120
5123,119
5124,112
5125,142
5126,129
5127,141
5128,125
5129,115
5130,139
5131,146
5132,125
5133,116
5134,121
5135,138
5136,129
5137,131
5138,124
5139,123
514,1
5140,137
5141,151
5142,130
5143,131
5144,128
5145,143
5146,122
5147,119
5148,123
5149,105
515,2
5150,155
5151,187
5152,117
5153,116
5154,118
5155,158
5156,162
5157,119
5158,134
5159,132
5160,159
5161,146
5162,105
5163,112
5164,133
5165,128
5166,161
5167,95
5168,103
5169,129
517,1
5170,122
5171,148
5172,129
5173,112
5174,120
5175,128
5176,117
5177,122
5178,119
5179,111
5180,134
5181,151
5182,127
5183,131
5184,126
5185,123
5186,115
5187,149
5188,136
5189,125
5190,124
5191,135
5192,135
5193,116
5194,119
5195,113
5196,137
5197,108
5198,87
5199,132
5200,199
5201,152
5202,147
5203,115
5204,117
5205,140
5206,123
5207,118
5208,140
5209,129
5210,154
5211,139
5212,150
5213,108
5214,122
5215,137
5216,134
5217,133
5218,109
5219,143
5220,143
5221,149
5222,141
5223,139
5224,136
5225,173
5226,157
5227,142
5228,139
5229,132
5230,122
5231,131
5232,135
5233,141
5234,141
5235,139
5236,133
5237,118
5238,133
5239,114
5240,137
5241,128
5242,136
5243,145
5244,144
5245,130
5246,123
5247,98
5248,127
5249,147
525,1
5250,168
5251,148
5252,170
5253,143
5254,127
5255,169
5256,139
5257,112
5258,132
5259,137
5260,137
5261,126
5262,128
5263,145
5264,123
5265,131
5266,139
5267,149
5268,115
5269,136
5270,119
5271,119
5272,127
5273,118
5274,124
5275,115
5276,122
5277,132
5278,111
5279,113
5280,159
5281,118
5282,139
5283,126
5284,133
5285,126
5286,109
5287,128
5288,136
5289,121
5290,140
5291,119
5292,131
5293,122
5294,135
5295,123
5296,99
5297,125
5298,127
5299,125
5300,181
5301,130
5302,114
5303,156
5304,138
5305,135
5306,135
5307,105
5308,123
5309,130
5310,117
5311,134
5312,120
5313,145
5314,139
5315,130
5316,135
5317,106
5318,124
5319,122
5320,145
5321,148
5322,167
5323,149
5324,133
5325,143
5326,136
5327,136
5328,125
5329,129
5330,141
5331,160
5332,140
5333,153
5334,124
5335,151
5336,137
5337,132
5338,146
5339,145
5340,145
5341,139
5342,113
5343,158
5344,131
5345,135
5346,107
5347,120
5348,108
5349,130
535,1
5350,147
5351,121
5352,129
5353,153
5354,129
5355,130
5356,123
5357,151
5358,126
5359,109
5360,143
5361,121
5362,135
5363,136
5364,100
5365,91
5366,138
5367,112
5368,106
5369,128
5370,121
5371,121
5372,116
5373,135
5374,110
5375,126
5376,99
5377,151
5378,132
5379,123
538,1
5380,128
5381,121
5382,135
5383,132
5384,137
5385,138
5386,104
5387,108
5388,133
5389,98
539,1
5390,112
5391,124
5392,124
5393,134
5394,126
5395,124
5396,117
5397,141
5398,108
5399,119
5400,174
5401,133
5402,134
5403,112
5404,164
5405,119
5406,128
5407,127
5408,141
5409,126
541,1
5410,127
5411,130
5412,119
5413,128
5414,139
5415,140
5416,131
5417,138
5418,117
5419,126
5420,113
5421,139
5422,138
5423,139
5424,118
5425,143
5426,135
5427,113
5428,119
5429,106
5430,118
5431,98
5432,113
5433,114
5434,142
5435,162
5436,126
5437,123
5438,135
5439,114
5440,136
5441,124
5442,149
5443,135
5444,160
5445,140
5446,127
5447,138
5448,131
5449,127
5450,140
5451,129
5452,138
5453,123
5454,181
5455,163
5456,147
5457,126
5458,135
5459,129
5460,154
5461,129
5462,122
5463,111
5464,129
5465,127
5466,140
5467,145
5468,95
5469,141
5470,116
5471,103
5472,134
5473,103
5474,158
5475,132
5476,104
5477,135
5478,123
5479,117
5480,125
5481,124
5482,118
5483,127
5484,147
5485,116
5486,117
5487,122
5488,127
5489,133
549,1
5490,148
5491,129
5492,112
5493,125
5494,117
5495,132
5496,120
5497,116
5498,117
5499,134
55,1
5500,238
5501,147
5502,139
5503,121
5504,153
5505,173
5506,131
5507,138
5508,116
5509,110
5510,153
5511,192
5512,148
5513,158
5514,148
5515,170
5516,144
5517,144
5518,121
5519,153
5520,136
5521,120
5522,160
5523,135
5524,145
5525,162
5526,158
5527,127
5528,119
5529,129
553,1
5530,123
5531,129
5532,148
5533,150
5534,132
5535,153
5536,128
5537,122
5538,150
5539,123
5540,122
5541,124
5542,150
5543,137
5544,163
5545,153
5546,126
5547,139
5548,120
5549,117
5550,173
5551,144
5552,146
5553,140
5554,151
5555,196
5556,157
5557,154
5558,160
5559,134
5560,136
5561,151
5562,123
5563,131
5564,140
5565,140
5566,169
5567,132
5568,117
5569,128
5570,163
5571,122
5572,132
5573,121
5574,151
5575,138
5576,112
5577,160
5578,109
5579,120
5580,129
5581,120
5582,133
5583,131
5584,129
5585,132
5586,115
5587,112
5588,173
5589,130
5590,134
5591,111
5592,126
5593,115
5594,123
5595,136
5596,123
5597,100
5598,143
5599,156
5600,166
5601,123
5602,120
5603,119
5604,114
5605,134
5606,150
5607,131
5608,103
5609,122
5610,111
5611,149
5612,122
5613,116
5614,114
5615,122
5616,147
5617,137
5618,113
5619,129
5620,124
5621,117
5622,126
5623,122
5624,123
5625,110
5626,151
5627,116
5628,113
5629,123
563,1
5630,126
5631,124
5632,113
5633,142
5634,112
5635,112
5636,122
5637,109
5638,105
5639,108
5640,139
5641,111
5642,120
5643,102
5644,119
5645,121
5646,125
5647,116
5648,101
5649,128
5650,153
5651,124
5652,130
5653,112
5654,112
5655,136
5656,153
5657,115
5658,108
5659,120
5660,176
5661,142
5662,121
5663,111
5664,155
5665,165
5666,143
5667,121
5668,97
5669,124
5670,106
5671,109
5672,121
5673,102
5674,126
5675,139
5676,124
5677,148
5678,153
5679,118
5680,116
5681,111
5682,120
5683,121
5684,135
5685,130
5686,130
5687,110
5688,122
5689,118
5690,112
5691,109
5692,98
5693,111
5694,128
5695,101
5696,123
5697,121
5698,115
5699,119
5700,162
5701,108
5702,108
5703,123
5704,128
5705,119
5706,140
5707,121
5708,138
5709,131
5710,119
5711,152
5712,110
5713,107
5714,108
5715,123
5716,112
5717,129
5718,126
5719,109
5720,124
5721,125
5722,130
5723,113
5724,143
5725,115
5726,105
5727,136
5728,111
5729,110
573,1
5730,112
5731,130
5732,126
5733,126
5734,98
5735,116
5736,104
5737,131
5738,103
5739,105
5740,106
5741,115
5742,127
5743,97
5744,110
5745,105
5746,129
5747,137
5748,110
5749,104
575,1
5750,152
5751,115
5752,142
5753,112
5754,115
5755,119
5756,121
5757,175
5758,146
5759,106
576,1
5760,121
5761,106
5762,109
5763,100
5764,124
5765,109
5766,116
5767,149
5768,112
5769,116
5770,137
5771,139
5772,128
5773,117
5774,129
5775,142
5776,139
5777,126
5778,105
5779,116
5780,106
5781,126
5782,109
5783,91
5784,137
5785,97
5786,117
5787,134
5788,100
5789,112
5790,117
5791,113
5792,104
5793,91
5794,112
5795,119
5796,103
5797,120
5798,96
5799,145
58,2
5800,171
5801,148
5802,140
5803,132
5804,127
5805,132
5806,122
5807,94
5808,139
5809,118
581,1
5810,130
5811,133
5812,117
5813,126
5814,121
5815,111
5816,117
5817,96
5818,122
5819,103
5820,131
5821,106
5822,108
5823,119
5824,113
5825,143
5826,105
5827,118
5828,117
5829,109
5830,118
5831,111
5832,108
5833,116
5834,134
5835,109
5836,103
5837,113
5838,147
5839,124
5840,108
5841,118
5842,115
5843,90
5844,121
5845,119
5846,120
5847,132
5848,141
5849,106
585,1
5850,137
5851,135
5852,133
5853,118
5854,144
5855,125
5856,117
5857,134
5858,152
5859,113
5860,106
5861,113
5862,122
5863,118
5864,108
5865,116
5866,108
5867,111
5868,132
5869,99
5870,121
5871,113
5872,114
5873,94
5874,91
5875,122
5876,107
5877,124
5878,134
5879,106
588,1
5880,128
5881,123
5882,123
5883,104
5884,115
5885,126
5886,104
5887,128
5888,177
5889,138
589,1
5890,113
5891,104
5892,96
5893,120
5894,102
5895,117
5896,97
5897,105
5898,125
5899,132
590,1
5900,180
5901,122
5902,112
5903,109
5904,112
5905,114
5906,112
5907,106
5908,103
5909,133
591,1
5910,116
5911,117
5912,115
5913,114
5914,96
5915,108
5916,100
5917,102
5918,109
5919,122
5920,117
5921,89
5922,120
5923,98
5924,105
5925,102
5926,104
5927,113
5928,100
5929,93
593,1
5930,103
5931,113
5932,106
5933,125
5934,123
5935,113
5936,112
5937,101
5938,118
5939,118
5940,123
5941,119
5942,91
5943,125
5944,127
5945,103
5946,131
5947,95
5948,102
5949,111
595,1
5950,123
5951,133
5952,146
5953,118
5954,135
5955,136
5956,115
5957,99
5958,122
5959,128
5960,125
5961,106
5962,110
5963,104
5964,102
5965,109
5966,127
5967,110
5968,125
5969,112
597,1
5970,110
5971,116
5972,95
5973,100
5974,132
5975,115
5976,110
5977,115
5978,90
5979,132
5980,107
5981,122
5982,126
5983,101
5984,130
5985,96
5986,124
5987,97
5988,93
5989,121
599,1
5990,122
5991,131
5992,115
5993,129
5994,109
5995,123
5996,118
5997,98
5998,106
5999,126
6,1
6000,241
6001,136
6002,130
6003,156
6004,152
6005,140
6006,163
6007,146
6008,137
6009,132
601,1
6010,157
6011,134
6012,112
6013,138
6014,125
6015,124
6016,139
6017,149
6018,119
6019,130
6020,138
6021,139
6022,141
6023,130
6024,125
6025,147
6026,114
6027,140
6028,114
6029,133
6030,144
6031,145
6032,113
6033,149
6034,126
6035,125
6036,125
6037,119
6038,134
6039,125
6040,150
6041,142
6042,127
6043,113
6044,150
6045,133
6046,107
6047,129
6048,130
6049,139
6050,154
6051,134
6052,124
6053,120
6054,118
6055,137
6056,137
6057,127
6058,135
6059,131
6060,177
6061,145
6062,128
6063,141
6064,150
6065,152
6066,139
6067,152
6068,135
6069,143
6070,144
6071,125
6072,120
6073,113
6074,107
6075,130
6076,131
6077,148
6078,127
6079,122
6080,166
6081,145
6082,115
6083,122
6084,134
6085,128
6086,136
6087,115
6088,140
6089,107
6090,153
6091,126
6092,116
6093,117
6094,134
6095,111
6096,122
6097,103
6098,134
6099,128
6100,204
6101,146
6102,154
6103,146
6104,115
6105,144
6106,131
6107,121
6108,123
6109,151
6110,162
6111,166
6112,121
6113,128
6114,133
6115,137
6116,161
6117,141
6118,130
6119,146
612,1
6120,122
6121,143
6122,127
6123,166
6124,105
6125,122
6126,110
6127,121
6128,150
6129,135
6130,132
6131,132
6132,136
6133,156
6134,126
6135,123
6136,124
6137,134
6138,103
6139,129
6140,131
6141,133
6142,114
6143,123
6144,143
6145,115
6146,112
6147,127
6148,134
6149,115
6150,142
6151,138
6152,115
6153,128
6154,122
6155,132
6156,137
6157,118
6158,100
6159,135
6160,161
6161,163
6162,131
6163,129
6164,136
6165,134
6166,121
6167,105
6168,138
6169,142
6170,137
6171,140
6172,122
6173,126
6174,113
6175,117
6176,112
6177,144
6178,121
6179,115
6180,142
6181,143
6182,101
6183,118
6184,110
6185,120
6186,129
6187,123
6188,160
6189,126
6190,122
6191,150
6192,93
6193,133
6194,119
6195,132
6196,112
6197,103
6198,124
6199,131
620,2
6200,244
6201,125
6202,151
6203,121
6204,127
6205,143
6206,145
6207,134
6208,126
6209,138
6210,133
6211,153
6212,134
6213,136
6214,125
6215,120
6216,128
6217,117
6218,122
6219,121
6220,138
6221,126
6222,164
6223,115
6224,118
6225,143
6226,147
6227,121
6228,135
6229,126
623,1
6230,127
6231,124
6232,132
6233,129
6234,139
6235,128
6236,125
6237,122
6238,120
6239,101
6240,140
6241,123
6242,151
6243,120
6244,130
6245,103
6246,131
6247,109
6248,141
6249,141
6250,166
6251,133
6252,135
6253,133
6254,117
6255,128
6256,122
6257,122
6258,139
6259,126
626,1
6260,146
6261,148
6262,198
6263,127
6264,126
6265,129
6266,115
6267,136
6268,136
6269,117
627,1
6270,130
6271,153
6272,141
6273,113
6274,130
6275,125
6276,100
6277,130
6278,104
6279,118
6280,129
6281,142
6282,134
6283,121
6284,101
6285,121
6286,131
6287,101
6288,160
6289,126
6290,137
6291,97
6292,142
6293,117
6294,109
6295,108
6296,120
6297,119
6298,117
6299,132
6300,176
6301,140
6302,122
6303,136
6304,110
6305,114
6306,125
6307,113
6308,125
6309,129
6310,136
6311,136
6312,110
6313,133
6314,108
6315,116
6316,120
6317,124
6318,124
6319,146
6320,135
6321,132
6322,145
6323,129
6324,100
6325,123
6326,112
6327,137
6328,120
6329,121
6330,162
6331,136
6332,140
6333,137
6334,121
6335,119
6336,157
6337,115
6338,123
6339,121
6340,123
6341,106
6342,111
6343,113
6344,99
6345,124
6346,106
6347,110
6348,118
6349,123
6350,125
6351,126
6352,121
6353,133
6354,116
6355,148
6356,153
6357,120
6358,116
6359,134
6360,134
6361,128
6362,138
6363,158
6364,129
6365,136
6366,134
6367,119
6368,121
6369,143
6370,132
6371,128
6372,121
6373,147
6374,126
6375,128
6376,115
6377,165
6378,121
6379,112
6380,143
6381,127
6382,132
6383,118
6384,117
6385,100
6386,99
6387,103
6388,121
6389,107
6390,130
6391,120
6392,130
6393,113
6394,114
6395,122
6396,112
6397,130
6398,119
6399,124
64,1
6400,151
6401,138
6402,114
6403,135
6404,131
6405,149
6406,139
6407,131
6408,121
6409,115
6410,137
6411,163
6412,135
6413,136
6414,131
6415,118
6416,103
6417,135
6418,126
6419,123
6420,166
6421,126
6422,129
6423,106
6424,150
6425,122
6426,127
6427,113
6428,129
6429,131
6430,123
6431,132
6432,126
6433,137
6434,132
6435,131
6436,101
6437,124
6438,118
6439,111
6440,116
6441,140
6442,120
6443,129
6444,175
6445,146
6446,135
6447,124
6448,127
6449,128
6450,135
6451,134
6452,112
6453,113
6454,138
6455,168
6456,128
6457,107
6458,119
6459,110
6460,130
6461,129
6462,122
6463,122
6464,149
6465,124
6466,130
6467,114
6468,137
6469,101
647,1
6470,119
6471,124
6472,130
6473,113
6474,117
6475,144
6476,107
6477,117
6478,122
6479,98
6480,131
6481,122
6482,134
6483,100
6484,126
6485,112
6486,126
6487,117
6488,155
6489,115
6490,134
6491,113
6492,138
6493,109
6494,128
6495,123
6496,139
6497,103
6498,137
6499,119
6500,177
6501,137
6502,105
6503,136
6504,139
6505,131
6506,122
6507,103
6508,133
6509,126
6510,133
6511,157
6512,118
6513,122
6514,153
6515,139
6516,122
6517,118
6518,128
6519,132
6520,157
6521,119
6522,127
6523,119
6524,118
6525,142
6526,111
6527,116
6528,124
6529,125
6530,105
6531,145
6532,110
6533,161
6534,114
6535,124
6536,126
6537,98
6538,119
6539,124
654,1
6540,115
6541,133
6542,103
6543,116
6544,144
6545,140
6546,132
6547,148
6548,117
6549,121
6550,198
6551,144
6552,116
6553,107
6554,108
6555,146
6556,131
6557,130
6558,127
6559,140
656,1
6560,146
6561,139
6562,125
6563,140
6564,141
6565,170
6566,127
6567,119
6568,110
6569,142
6570,115
6571,113
6572,119
6573,111
6574,126
6575,114
6576,126
6577,147
6578,146
6579,116
658,1
6580,121
6581,131
6582,105
6583,108
6584,122
6585,125
6586,97
6587,106
6588,142
6589,122
6590,134
6591,116
6592,116
6593,114
6594,116
6595,116
6596,129
6597,113
6598,111
6599,136
66,2
660,1
6600,166
6601,126
6602,121
6603,123
6604,131
6605,128
6606,151
6607,141
6608,138
6609,127
6610,115
6611,161
6612,123
6613,109
6614,142
6615,131
6616,125
6617,124
6618,126
6619,114
6620,147
6621,119
6622,146
6623,127
6624,134
6625,109
6626,137
6627,105
6628,127
6629,110
6630,134
6631,105
6632,130
6633,126
6634,105
6635,127
6636,142
6637,122
6638,149
6639,125
6640,114
6641,96
6642,116
6643,121
6644,159
6645,104
6646,118
6647,140
6648,126
6649,115
665,1
6650,161
6651,130
6652,125
6653,130
6654,129
6655,147
6656,132
6657,122
6658,107
6659,117
6660,137
6661,118
6662,117
6663,98
6664,119
6665,113
6666,147
6667,112
6668,125
6669,134
6670,140
6671,127
6672,127
6673,142
6674,138
6675,112
6676,127
6677,142
6678,122
6679,125
6680,125
6681,126
6682,116
6683,115
6684,114
6685,113
6686,146
6687,130
6688,138
6689,111
669,1
6690,118
6691,132
6692,128
6693,130
6694,127
6695,133
6696,141
6697,92
6698,135
6699,135
670,1
6700,219
6701,125
6702,118
6703,123
6704,122
6705,106
6706,132
6707,119
6708,132
6709,109
671,1
6710,112
6711,162
6712,96
6713,131
6714,131
6715,136
6716,113
6717,136
6718,125
6719,115
672,1
6720,105
6721,126
6722,136
6723,96
6724,120
6725,123
6726,107
6727,127
6728,129
6729,99
673,1
6730,116
6731,121
6732,115
6733,137
6734,121
6735,108
6736,100
6737,115
6738,116
6739,108
6740,117
6741,129
6742,109
6743,115
6744,125
6745,122
6746,133
6747,149
6748,125
6749,115
6750,141
6751,127
6752,106
6753,101
6754,104
6755,138
6756,129
6757,117
6758,101
6759,99
6760,106
6761,123
6762,123
6763,113
6764,135
6765,124
6766,141
6767,137
6768,134
6769,113
6770,140
6771,141
6772,115
6773,135
6774,104
6775,126
6776,112
6777,146
6778,127
6779,129
678,1
6780,104
6781,112
6782,95
6783,100
6784,134
6785,115
6786,133
6787,131
6788,115
6789,152
6790,90
6791,94
6792,106
6793,96
6794,105
6795,126
6796,92
6797,128
6798,101
6799,136
6800,214
6801,98
6802,103
6803,100
6804,123
6805,131
6806,109
6807,95
6808,147
6809,121
6810,122
6811,122
6812,119
6813,109
6814,104
6815,129
6816,122
6817,117
6818,145
6819,119
682,1
6820,146
6821,116
6822,129
6823,126
6824,126
6825,131
6826,131
6827,112
6828,137
6829,100
6830,129
6831,131
6832,111
6833,113
6834,119
6835,111
6836,128
6837,105
6838,127
6839,121
6840,133
6841,115
6842,132
6843,122
6844,124
6845,125
6846,101
6847,115
6848,139
6849,121
685,1
6850,122
6851,127
6852,101
6853,120
6854,110
6855,127
6856,137
6857,112
6858,119
6859,120
6860,163
6861,117
6862,123
6863,116
6864,149
6865,132
6866,124
6867,113
6868,150
6869,124
687,1
6870,113
6871,108
6872,108
6873,96
6874,118
6875,119
6876,114
6877,111
6878,143
6879,107
6880,129
6881,136
6882,103
6883,124
6884,144
6885,119
6886,133
6887,113
6888,145
6889,136
6890,118
6891,99
6892,124
6893,92
6894,104
6895,129
6896,100
6897,98
6898,116
6899,106
6900,155
6901,108
6902,110
6903,109
6904,121
6905,120
6906,131
6907,103
6908,113
6909,137
6910,134
6911,138
6912,117
6913,101
6914,107
6915,113
6916,131
6917,99
6918,108
6919,126
6920,111
6921,111
6922,153
6923,117
6924,106
6925,131
6926,107
6927,128
6928,113
6929,120
6930,113
6931,126
6932,93
6933,138
6934,96
6935,120
6936,117
6937,99
6938,94
6939,136
694,1
6940,103
6941,115
6942,105
6943,118
6944,124
6945,110
6946,108
6947,101
6948,86
6949,127
6950,145
6951,120
6952,125
6953,96
6954,133
6955,123
6956,107
6957,99
6958,105
6959,115
6960,123
6961,124
6962,100
6963,131
6964,113
6965,116
6966,134
6967,106
6968,121
6969,147
6970,108
6971,122
6972,128
6973,133
6974,85
6975,107
6976,92
6977,114
6978,103
6979,108
698,1
6980,122
6981,115
6982,100
6983,119
6984,109
6985,123
6986,103
6987,109
6988,132
6989,135
6990,121
6991,121
6992,114
6993,111
6994,120
6995,125
6996,105
6997,122
6998,119
6999,147
7,1
700,1
7000,244
7001,167
7002,151
7003,150
7004,152
7005,166
7006,156
7007,148
7008,150
7009,146
701,1
7010,160
7011,163
7012,134
7013,142
7014,105
7015,148
7016,120
7017,143
7018,121
7019,137
7020,146
7021,111
7022,133
7023,125
7024,130
7025,128
7026,128
7027,136
7028,137
7029,141
7030,138
7031,130
7032,139
7033,145
7034,120
7035,130
7036,129
7037,136
7038,129
7039,99
7040,145
7041,111
7042,124
7043,129
7044,118
7045,140
7046,126
7047,150
7048,111
7049,110
7050,147
7051,134
7052,133
7053,123
7054,130
7055,138
7056,144
7057,130
7058,129
7059,121
706,1
7060,136
7061,138
7062,150
7063,137
7064,114
7065,119
7066,123
7067,125
7068,129
7069,114
7070,181
7071,153
7072,115
7073,118
7074,141
7075,144
7076,161
7077,162
7078,124
7079,124
708,1
7080,139
7081,125
7082,145
7083,95
7084,119
7085,122
7086,122
7087,115
7088,132
7089,99
7090,146
7091,119
7092,122
7093,101
7094,114
7095,116
7096,138
7097,114
7098,114
7099,149
7100,176
7101,116
7102,120
7103,133
7104,147
7105,125
7106,134
7107,145
7108,120
7109,114
7110,134
7111,166
7112,140
7113,140
7114,122
7115,132
7116,144
7117,162
7118,114
7119,139
7120,138
7121,153
7122,116
7123,133
7124,110
7125,127
7126,128
7127,118
7128,105
7129,89
713,1
7130,138
7131,131
7132,129
7133,142
7134,124
7135,123
7136,128
7137,122
7138,122
7139,106
7140,161
7141,136
7142,132
7143,117
7144,113
7145,109
7146,104
7147,119
7148,115
7149,140
715,1
7150,135
7151,140
7152,128
7153,115
7154,108
7155,148
7156,107
7157,127
7158,119
7159,110
7160,134
7161,138
7162,121
7163,117
7164,106
7165,120
7166,126
7167,125
7168,116
7169,100
7170,152
7171,155
7172,138
7173,133
7174,124
7175,138
7176,123
7177,151
7178,130
7179,127
7180,134
7181,155
7182,103
7183,125
7184,108
7185,118
7186,111
7187,129
7188,122
7189,106
719,1
7190,129
7191,121
7192,116
7193,103
7194,129
7195,119
7196,107
7197,108
7198,101
7199,125
72,1
720,1
7200,216
7201,133
7202,147
7203,130
7204,119
7205,140
7206,117
7207,133
7208,135
7209,117
7210,137
7211,124
7212,138
7213,128
7214,111
7215,133
7216,138
7217,134
7218,136
7219,108
7220,162
7221,126
7222,156
7223,132
7224,132
7225,156
7226,129
7227,156
7228,125
7229,135
7230,146
7231,144
7232,123
7233,129
7234,146
7235,108
7236,116
7237,120
7238,132
7239,128
7240,129
7241,125
7242,132
7243,117
7244,121
7245,126
7246,127
7247,134
7248,122
7249,117
7250,127
7251,113
7252,105
7253,123
7254,116
7255,137
7256,126
7257,121
7258,123
7259,115
726,1
7260,125
7261,120
7262,124
7263,120
7264,128
7265,121
7266,128
7267,127
7268,104
7269,117
7270,134
7271,139
7272,158
7273,136
7274,131
7275,147
7276,127
7277,138
7278,130
7279,110
7280,133
7281,125
7282,133
7283,105
7284,113
7285,117
7286,123
7287,120
7288,130
7289,108
729,1
7290,118
7291,111
7292,125
7293,89
7294,103
7295,111
7296,134
7297,111
7298,121
7299,114
7300,171
7301,107
7302,121
7303,145
7304,113
7305,114
7306,115
7307,121
7308,112
7309,115
7310,122
7311,145
7312,127
7313,129
7314,115
7315,131
7316,127
7317,106
7318,113
7319,121
7320,134
7321,145
7322,140
7323,131
7324,138
7325,128
7326,115
7327,115
7328,117
7329,125
7330,149
7331,123
7332,135
7333,134
7334,125
7335,153
7336,93
7337,156
7338,125
7339,126
7340,131
7341,127
7342,127
7343,105
7344,123
7345,125
7346,109
7347,109
7348,87
7349,114
735,1
7350,138
7351,119
7352,127
7353,141
7354,122
7355,121
7356,129
7357,126
7358,117
7359,117
7360,122
7361,139
7362,110
7363,127
7364,115
7365,99
7366,142
7367,111
7368,127
7369,110
7370,129
7371,116
7372,133
7373,149
7374,124
7375,115
7376,126
7377,135
7378,133
7379,103
7380,116
7381,133
7382,97
7383,116
7384,103
7385,93
7386,105
7387,114
7388,131
7389,103
7390,108
7391,126
7392,122
7393,114
7394,102
7395,111
7396,120
7397,113
7398,117
7399,144
7400,181
7401,117
7402,101
7403,102
7404,122
7405,131
7406,115
7407,134
7408,117
7409,104
7410,118
7411,130
7412,113
7413,128
7414,150
7415,107
7416,114
7417,125
7418,142
7419,98
7420,122
7421,130
7422,132
7423,114
7424,127
7425,136
7426,122
7427,117
7428,127
7429,117
7430,115
7431,133
7432,115
7433,120
7434,130
7435,119
7436,109
7437,117
7438,100
7439,103
744,1
7440,114
7441,125
7442,117
7443,139
7444,133
7445,101
7446,132
7447,131
7448,123
7449,137
7450,111
7451,128
7452,104
7453,122
7454,129
7455,122
7456,134
7457,102
7458,135
7459,130
7460,127
7461,108
7462,112
7463,112
7464,127
7465,137
7466,112
7467,101
7468,106
7469,116
7470,122
7471,112
7472,118
7473,122
7474,174
7475,144
7476,138
7477,119
7478,107
7479,116
7480,111
7481,114
7482,109
7483,127
7484,112
7485,109
7486,94
7487,104
7488,102
7489,97
7490,114
7491,107
7492,113
7493,104
7494,104
7495,95
7496,102
7497,104
7498,109
7499,131
7500,183
7501,126
7502,118
7503,120
7504,106
7505,127
7506,119
7507,96
7508,115
7509,112
7510,119
7511,136
7512,133
7513,113
7514,128
7515,129
7516,117
7517,119
7518,104
7519,114
752,1
7520,99
7521,122
7522,110
7523,105
7524,132
7525,137
7526,121
7527,119
7528,101
7529,111
7530,129
7531,99
7532,105
7533,112
7534,92
7535,107
7536,114
7537,115
7538,113
7539,85
7540,102
7541,136
7542,104
7543,107
7544,143
7545,129
7546,112
7547,104
7548,101
7549,90
7550,149
7551,124
7552,119
7553,123
7554,130
7555,152
7556,122
7557,125
7558,114
7559,136
756,1
7560,122
7561,120
7562,112
7563,128
7564,100
7565,139
7566,123
7567,124
7568,118
7569,128
7570,108
7571,121
7572,135
7573,123
7574,115
7575,149
7576,136
7577,122
7578,142
7579,118
758,1
7580,101
7581,111
7582,102
7583,102
7584,118
7585,108
7586,117
7587,104
7588,119
7589,117
7590,102
7591,109
7592,107
7593,110
7594,103
7595,107
7596,114
7597,96
7598,113
7599,111
7600,170
7601,126
7602,98
7603,114
7604,108
7605,106
7606,128
7607,108
7608,142
7609,115
7610,115
7611,154
7612,115
7613,118
7614,123
7615,116
7616,104
7617,113
7618,96
7619,103
762,2
7620,110
7621,121
7622,127
7623,119
7624,112
7625,119
7626,106
7627,132
7628,125
7629,93
7630,140
7631,95
7632,129
7633,112
7634,98
7635,111
7636,128
7637,111
7638,101
7639,106
7640,108
7641,120
7642,108
7643,118
7644,96
7645,116
7646,131
7647,98
7648,101
7649,105
765,1
7650,125
7651,103
7652,102
7653,116
7654,107
7655,112
7656,119
7657,113
7658,99
7659,99
7660,122
7661,118
7662,114
7663,104
7664,132
7665,155
7666,103
7667,99
7668,121
7669,116
767,1
7670,110
7671,125
7672,105
7673,124
7674,108
7675,110
7676,134
7677,135
7678,113
7679,107
7680,134
7681,103
7682,102
7683,100
7684,112
7685,103
7686,99
7687,122
7688,115
7689,87
7690,103
7691,116
7692,103
7693,91
7694,96
7695,108
7696,106
7697,104
7698,115
7699,94
7700,173
7701,121
7702,128
7703,114
7704,101
7705,111
7706,123
7707,167
7708,109
7709,93
7710,130
7711,140
7712,127
7713,121
7714,120
7715,126
7716,117
7717,144
7718,133
7719,110
7720,117
7721,114
7722,135
7723,113
7724,112
7725,125
7726,129
7727,124
7728,125
7729,116
773,1
7730,119
7731,112
7732,125
7733,146
7734,118
7735,128
7736,111
7737,131
7738,114
7739,111
7740,125
7741,113
7742,120
7743,102
7744,130
7745,113
7746,111
7747,129
7748,115
7749,128
7750,117
7751,124
7752,118
7753,116
7754,107
7755,139
7756,98
7757,119
7758,97
7759,126
776,1
7760,106
7761,90
7762,138
7763,105
7764,119
7765,98
7766,131
7767,121
7768,112
7769,118
7770,146
7771,131
7772,133
7773,123
7774,122
7775,143
7776,126
7777,198
7778,132
7779,130
7780,122
7781,105
7782,122
7783,114
7784,112
7785,112
7786,111
7787,128
7788,138
7789,105
7790,115
7791,109
7792,110
7793,105
7794,129
7795,101
7796,116
7797,119
7798,107
7799,120
7800,154
7801,93
7802,96
7803,105
7804,109
7805,117
7806,103
7807,96
7808,122
7809,89
781,1
7810,89
7811,144
7812,103
7813,97
7814,108
7815,111
7816,104
7817,112
7818,102
7819,101
7820,118
7821,124
7822,101
7823,105
7824,113
7825,98
7826,101
7827,103
7828,115
7829,101
7830,115
7831,101
7832,98
7833,120
7834,109
7835,90
7836,89
7837,106
7838,113
7839,106
7840,107
7841,95
7842,130
7843,91
7844,95
7845,110
7846,95
7847,99
7848,114
7849,110
785,4
7850,122
7851,111
7852,115
7853,94
7854,108
7855,110
7856,103
7857,105
7858,134
7859,95
7860,107
7861,90
7862,78
7863,90
7864,114
7865,116
7866,112
7867,84
7868,111
7869,110
7870,119
7871,99
7872,96
7873,114
7874,120
7875,104
7876,107
7877,127
7878,149
7879,117
7880,112
7881,101
7882,125
7883,118
7884,118
7885,123
7886,102
7887,121
7888,121
7889,110
7890,101
7891,105
7892,104
7893,91
7894,110
7895,111
7896,115
7897,122
7898,113
7899,110
7900,159
7901,103
7902,109
7903,102
7904,88
7905,117
7906,93
7907,98
7908,111
7909,109
7910,126
7911,140
7912,90
7913,97
7914,109
7915,100
7916,119
7917,102
7918,113
7919,112
7920,89
7921,102
7922,106
7923,103
7924,110
7925,106
7926,119
7927,106
7928,107
7929,115
7930,114
7931,104
7932,98
7933,94
7934,86
7935,111
7936,92
7937,99
7938,106
7939,120
7940,91
7941,103
7942,81
7943,124
7944,95
7945,102
7946,104
7947,88
7948,90
7949,125
7950,93
7951,83
7952,106
7953,95
7954,108
7955,116
7956,98
7957,96
7958,95
7959,116
7960,102
7961,94
7962,108
7963,81
7964,99
7965,94
7966,92
7967,88
7968,110
7969,109
7970,118
7971,87
7972,102
7973,106
7974,92
7975,103
7976,124
7977,112
7978,116
7979,143
7980,118
7981,96
7982,101
7983,115
7984,92
7985,117
7986,103
7987,93
7988,107
7989,106
7990,128
7991,109
7992,92
7993,102
7994,112
7995,90
7996,89
7997,112
7998,99
7999,103
8,1
8000,175
8001,139
8002,146
8003,118
8004,158
8005,139
8006,128
8007,165
8008,153
8009,155
8010,169
8011,128
8012,125
8013,155
8014,135
8015,140
8016,127
8017,137
8018,164
8019,120
8020,176
8021,108
8022,152
8023,119
8024,138
8025,146
8026,130
8027,116
8028,127
8029,129
8030,159
8031,148
8032,139
8033,130
8034,120
8035,121
8036,122
8037,109
8038,133
8039,142
804,1
8040,174
8041,129
8042,129
8043,125
8044,124
8045,116
8046,134
8047,125
8048,137
8049,129
8050,183
8051,138
8052,146
8053,102
8054,129
8055,168
8056,111
8057,114
8058,122
8059,129
806,2
8060,154
8061,123
8062,128
8063,140
8064,135
8065,120
8066,140
8067,118
8068,119
8069,133
8070,135
8071,125
8072,111
8073,132
8074,124
8075,114
8076,137
8077,137
8078,136
8079,129
8080,185
8081,160
8082,120
8083,132
8084,129
8085,133
8086,125
8087,131
8088,155
8089,145
8090,148
8091,106
8092,97
8093,111
8094,122
8095,117
8096,121
8097,136
8098,117
8099,141
8100,208
8101,156
8102,119
8103,120
8104,141
8105,122
8106,132
8107,113
8108,127
8109,124
811,1
8110,152
8111,170
8112,146
8113,135
8114,137
8115,129
8116,138
8117,132
8118,144
8119,145
8120,140
8121,131
8122,141
8123,128
8124,118
8125,139
8126,126
8127,122
8128,155
8129,128
8130,137
8131,147
8132,131
8133,139
8134,129
8135,131
8136,110
8137,116
8138,123
8139,133
814,1
8140,133
8141,141
8142,122
8143,122
8144,141
8145,110
8146,113
8147,113
8148,117
8149,111
8150,144
8151,133
8152,118
8153,122
8154,117
8155,127
8156,127
8157,115
8158,128
8159,108
8160,124
8161,145
8162,131
8163,126
8164,113
8165,97
8166,124
8167,126
8168,94
8169,136
8170,143
8171,126
8172,131
8173,118
8174,116
8175,112
8176,116
8177,164
8178,123
8179,119
8180,153
8181,156
8182,126
8183,126
8184,129
8185,113
8186,121
8187,110
8188,156
8189,119
8190,126
8191,123
8192,117
8193,121
8194,137
8195,117
8196,120
8197,106
8198,104
8199,124
8200,213
8201,139
8202,134
8203,123
8204,122
8205,131
8206,116
8207,136
8208,115
8209,121
821,1
8210,163
8211,141
8212,141
8213,125
8214,117
8215,124
8216,123
8217,111
8218,125
8219,150
8220,168
8221,136
8222,132
8223,123
8224,126
8225,136
8226,133
8227,124
8228,133
8229,147
8230,131
8231,121
8232,123
8233,114
8234,114
8235,112
8236,123
8237,96
8238,129
8239,132
824,1
8240,113
8241,110
8242,126
8243,127
8244,147
8245,128
8246,114
8247,122
8248,103
8249,128
8250,138
8251,136
8252,121
8253,119
8254,100
8255,141
8256,120
8257,112
8258,110
8259,121
8260,106
8261,144
8262,147
8263,117
8264,113
8265,108
8266,110
8267,136
8268,107
8269,123
8270,144
8271,152
8272,114
8273,118
8274,124
8275,110
8276,126
8277,125
8278,113
8279,128
828,1
8280,145
8281,138
8282,142
8283,120
8284,127
8285,130
8286,127
8287,106
8288,140
8289,136
8290,121
8291,104
8292,148
8293,104
8294,96
8295,99
8296,119
8297,119
8298,110
8299,125
830,1
8300,171
8301,136
8302,123
8303,135
8304,139
8305,110
8306,126
8307,114
8308,126
8309,100
8310,127
8311,118
8312,142
8313,128
8314,105
8315,124
8316,116
8317,118
8318,116
8319,100
8320,149
8321,134
8322,123
8323,121
8324,120
8325,138
8326,116
8327,114
8328,121
8329,100
8330,139
8331,146
8332,122
8333,151
8334,116
8335,144
8336,130
8337,126
8338,123
8339,131
834,1
8340,128
8341,133
8342,104
8343,114
8344,127
8345,118
8346,115
8347,110
8348,129
8349,111
835,2
8350,124
8351,136
8352,124
8353,141
8354,123
8355,135
8356,109
8357,114
8358,105
8359,111
8360,137
8361,139
8362,108
8363,135
8364,105
8365,139
8366,141
8367,114
8368,111
8369,118
8370,117
8371,117
8372,101
8373,131
8374,116
8375,96
8376,118
8377,116
8378,95
8379,83
8380,129
8381,116
8382,120
8383,126
8384,108
8385,115
8386,120
8387,113
8388,124
8389,114
8390,125
8391,103
8392,93
8393,114
8394,125
8395,130
8396,131
8397,102
8398,108
8399,127
840,1
8400,160
8401,134
8402,118
8403,116
8404,150
8405,117
8406,122
8407,129
8408,125
8409,120
8410,131
8411,137
8412,120
8413,105
8414,116
8415,110
8416,125
8417,93
8418,104
8419,110
8420,134
8421,133
8422,110
8423,112
8424,153
8425,131
8426,120
8427,97
8428,104
8429,123
8430,137
8431,104
8432,140
8433,111
8434,120
8435,116
8436,104
8437,106
8438,134
8439,109
8440,118
8441,118
8442,138
8443,121
8444,135
8445,118
8446,137
8447,131
8448,133
8449,123
8450,116
8451,112
8452,116
8453,107
8454,140
8455,126
8456,124
8457,98
8458,117
8459,106
8460,97
8461,124
8462,118
8463,93
8464,131
8465,132
8466,129
8467,120
8468,127
8469,110
8470,116
8471,126
8472,120
8473,120
8474,141
8475,110
8476,100
8477,126
8478,106
8479,106
8480,131
8481,126
8482,131
8483,115
8484,168
8485,131
8486,118
8487,130
8488,138
8489,89
8490,129
8491,106
8492,120
8493,100
8494,122
8495,112
8496,109
8497,110
8498,123
8499,108
850,1
8500,203
8501,111
8502,109
8503,132
8504,137
8505,134
8506,111
8507,107
8508,116
8509,95
8510,118
8511,136
8512,111
8513,128
8514,109
8515,144
8516,99
8517,120
8518,100
8519,101
852,1
8520,111
8521,119
8522,139
8523,119
8524,138
8525,126
8526,117
8527,102
8528,108
8529,116
8530,110
8531,114
8532,119
8533,127
8534,113
8535,119
8536,84
8537,104
8538,97
8539,106
8540,119
8541,108
8542,96
8543,95
8544,128
8545,129
8546,104
8547,113
8548,110
8549,123
8550,124
8551,119
8552,119
8553,109
8554,112
8555,148
8556,123
8557,136
8558,148
8559,119
8560,116
8561,117
8562,92
8563,121
8564,100
8565,121
8566,127
8567,99
8568,119
8569,116
857,2
8570,108
8571,99
8572,119
8573,93
8574,83
8575,119
8576,107
8577,131
8578,111
8579,91
8580,106
8581,107
8582,133
8583,108
8584,106
8585,173
8586,119
8587,122
8588,122
8589,121
8590,118
8591,111
8592,87
8593,100
8594,98
8595,133
8596,117
8597,112
8598,102
8599,110
86,1
8600,160
8601,133
8602,117
8603,128
8604,131
8605,136
8606,116
8607,101
8608,128
8609,105
861,1
8610,124
8611,122
8612,128
8613,121
8614,108
8615,106
8616,106
8617,91
8618,121
8619,97
8620,140
8621,111
8622,128
8623,100
8624,100
8625,106
8626,115
8627,105
8628,115
8629,106
863,2
8630,128
8631,108
8632,121
8633,117
8634,134
8635,112
8636,133
8637,100
8638,113
8639,85
8640,114
8641,109
8642,121
8643,113
8644,108
8645,129
8646,127
8647,117
8648,105
8649,118
8650,119
8651,120
8652,99
8653,105
8654,92
8655,114
8656,140
8657,93
8658,107
8659,98
866,1
8660,109
8661,111
8662,127
8663,123
8664,120
8665,119
8666,110
8667,123
8668,119
8669,113
8670,108
8671,94
8672,93
8673,93
8674,91
8675,112
8676,119
8677,111
8678,104
8679,117
8680,122
8681,130
8682,110
8683,109
8684,140
8685,121
8686,131
8687,120
8688,121
8689,102
8690,128
8691,112
8692,106
8693,107
8694,97
8695,96
8696,123
8697,110
8698,112
8699,115
8700,199
8701,97
8702,107
8703,106
8704,110
8705,116
8706,106
8707,123
8708,116
8709,113
8710,132
8711,116
8712,113
8713,116
8714,104
8715,102
8716,100
8717,118
8718,100
8719,98
8720,98
8721,114
8722,105
8723,97
8724,112
8725,109
8726,113
8727,115
8728,107
8729,95
8730,122
8731,93
8732,103
8733,121
8734,119
8735,114
8736,99
8737,121
8738,102
8739,97
874,1
8740,117
8741,103
8742,97
8743,123
8744,122
8745,115
8746,130
8747,116
8748,87
8749,92
8750,97
8751,110
8752,119
8753,90
8754,125
8755,117
8756,111
8757,97
8758,84
8759,94
8760,98
8761,108
8762,97
8763,104
8764,98
8765,120
8766,112
8767,133
8768,95
8769,116
8770,141
8771,112
8772,113
8773,105
8774,111
8775,102
8776,131
8777,146
8778,134
8779,117
8780,142
8781,121
8782,120
8783,93
8784,121
8785,98
8786,108
8787,143
8788,129
8789,97
8790,116
8791,100
8792,108
8793,102
8794,94
8795,90
8796,89
8797,116
8798,97
8799,117
88,1
8800,142
8801,132
8802,116
8803,116
8804,113
8805,102
8806,115
8807,109
8808,143
8809,121
881,1
8810,133
8811,127
8812,111
8813,113
8814,100
8815,97
8816,140
8817,116
8818,122
8819,116
882,1
8820,104
8821,118
8822,121
8823,115
8824,111
8825,118
8826,105
8827,93
8828,138
8829,89
8830,121
8831,181
8832,113
8833,118
8834,105
8835,106
8836,111
8837,105
8838,139
8839,131
8840,135
8841,112
8842,114
8843,127
8844,132
8845,127
8846,117
8847,115
8848,122
8849,118
8850,117
8851,128
8852,101
8853,122
8854,97
8855,120
8856,114
8857,115
8858,113
8859,108
886,1
8860,105
8861,96
8862,101
8863,92
8864,119
8865,106
8866,119
8867,123
8868,109
8869,102
887,1
8870,104
8871,106
8872,115
8873,113
8874,113
8875,115
8876,119
8877,115
8878,126
8879,111
888,1
8880,142
8881,142
8882,117
8883,114
8884,123
8885,112
8886,111
8887,123
8888,189
8889,111
8890,126
8891,123
8892,121
8893,118
8894,108
8895,89
8896,101
8897,108
8898,138
8899,139
8900,151
8901,98
8902,128
8903,103
8904,99
8905,102
8906,115
8907,99
8908,123
8909,120
8910,119
8911,117
8912,109
8913,110
8914,110
8915,106
8916,98
8917,110
8918,114
8919,115
8920,98
8921,104
8922,118
8923,114
8924,96
8925,112
8926,113
8927,101
8928,91
8929,114
893,1
8930,92
8931,113
8932,114
8933,117
8934,113
8935,97
8936,103
8937,108
8938,121
8939,111
8940,120
8941,125
8942,99
8943,90
8944,119
8945,104
8946,118
8947,119
8948,104
8949,125
895,2
8950,113
8951,92
8952,101
8953,105
8954,107
8955,120
8956,114
8957,96
8958,110
8959,132
8960,110
8961,110
8962,98
8963,116
8964,93
8965,96
8966,114
8967,103
8968,105
8969,116
8970,96
8971,118
8972,102
8973,80
8974,99
8975,103
8976,111
8977,124
8978,110
8979,113
8980,119
8981,109
8982,105
8983,102
8984,101
8985,107
8986,102
8987,106
8988,131
8989,118
8990,129
8991,129
8992,112
8993,115
8994,105
8995,119
8996,106
8997,115
8998,127
8999,122
9,3
900,1
9000,192
9001,138
9002,132
9003,147
9004,140
9005,136
9006,118
9007,139
9008,150
9009,123
9010,149
9011,125
9012,128
9013,121
9014,112
9015,113
9016,132
9017,132
9018,106
9019,127
9020,130
9021,126
9022,102
9023,103
9024,135
9025,114
9026,130
9027,120
9028,121
9029,121
9030,137
9031,118
9032,123
9033,131
9034,114
9035,119
9036,117
9037,128
9038,135
9039,116
9040,149
9041,124
9042,111
9043,125
9044,115
9045,128
9046,114
9047,107
9048,136
9049,109
9050,181
9051,112
9052,131
9053,128
9054,124
9055,143
9056,115
9057,120
9058,116
9059,113
9060,147
9061,120
9062,118
9063,139
9064,117
9065,122
9066,120
9067,115
9068,127
9069,125
907,1
9070,126
9071,103
9072,122
9073,116
9074,118
9075,118
9076,108
9077,115
9078,109
9079,120
908,2
9080,148
9081,109
9082,110
9083,124
9084,126
9085,104
9086,108
9087,105
9088,118
9089,138
9090,181
9091,124
9092,111
9093,110
9094,134
9095,141
9096,125
9097,117
9098,136
9099,134
91,2
9100,179
9101,138
9102,105
9103,117
9104,107
9105,122
9106,110
9107,112
9108,107
9109,129
911,1
9110,138
9111,156
9112,137
9113,115
9114,125
9115,131
9116,132
9117,122
9118,126
9119,138
9120,107
9121,140
9122,130
9123,139
9124,123
9125,107
9126,120
9127,102
9128,102
9129,113
9130,111
9131,122
9132,112
9133,130
9134,106
9135,108
9136,125
9137,116
9138,117
9139,115
9140,127
9141,122
9142,110
9143,117
9144,131
9145,119
9146,108
9147,96
9148,93
9149,116
9150,123
9151,137
9152,98
9153,116
9154,114
9155,141
9156,119
9157,102
9158,100
9159,116
916,1
9160,112
9161,130
9162,106
9163,115
9164,123
9165,121
9166,127
9167,90
9168,120
9169,117
9170,127
9171,129
9172,116
9173,92
9174,128
9175,120
9176,109
9177,159
9178,109
9179,104
9180,124
9181,136
9182,117
9183,119
9184,113
9185,129
9186,118
9187,112
9188,111
9189,94
9190,139
9191,155
9192,148
9193,133
9194,118
9195,143
9196,141
9197,135
9198,124
9199,137
9200,161
9201,138
9202,139
9203,106
9204,109
9205,110
9206,119
9207,124
9208,111
9209,99
9210,115
9211,130
9212,133
9213,113
9214,107
9215,121
9216,115
9217,117
9218,135
9219,132
9220,141
9221,141
9222,131
9223,124
9224,118
9225,111
9226,123
9227,142
9228,130
9229,142
9230,117
9231,129
9232,135
9233,125
9234,150
9235,126
9236,122
9237,114
9238,95
9239,119
9240,138
9241,107
9242,135
9243,115
9244,127
9245,104
9246,107
9247,113
9248,122
9249,114
9250,129
9251,97
9252,134
9253,126
9254,118
9255,139
9256,111
9257,88
9258,117
9259,92
926,1
9260,113
9261,122
9262,134
9263,99
9264,111
9265,105
9266,128
9267,117
9268,119
9269,126
927,1
9270,118
9271,112
9272,120
9273,114
9274,121
9275,122
9276,117
9277,129
9278,112
9279,116
9280,127
9281,96
9282,108
9283,94
9284,109
9285,112
9286,108
9287,96
9288,144
9289,128
929,1
9290,119
9291,157
9292,153
9293,132
9294,116
9295,122
9296,106
9297,120
9298,115
9299,144
930,1
9300,165
9301,115
9302,126
9303,119
9304,112
9305,133
9306,118
9307,140
9308,115
9309,103
9310,113
9311,155
9312,114
9313,133
9314,107
9315,117
9316,135
9317,125
9318,114
9319,117
9320,121
9321,123
9322,131
9323,138
9324,111
9325,120
9326,118
9327,121
9328,115
9329,111
9330,130
9331,119
9332,130
9333,135
9334,139
9335,137
9336,129
9337,125
9338,116
9339,127
9340,98
9341,120
9342,109
9343,112
9344,126
9345,108
9346,100
9347,114
9348,92
9349,97
9350,129
9351,108
9352,117
9353,116
9354,103
9355,134
9356,112
9357,106
9358,110
9359,110
936,1
9360,120
9361,107
9362,108
9363,123
9364,110
9365,104
9366,113
9367,105
9368,108
9369,96
9370,119
9371,121
9372,97
9373,119
9374,112
9375,88
9376,103
9377,110
9378,98
9379,119
9380,110
9381,111
9382,106
9383,129
9384,108
9385,104
9386,122
9387,113
9388,129
9389,108
9390,142
9391,138
9392,117
9393,152
9394,143
9395,102
9396,101
9397,112
9398,111
9399,133
9400,188
9401,112
9402,104
9403,111
9404,113
9405,122
9406,101
9407,105
9408,120
9409,121
9410,122
9411,140
9412,94
9413,115
9414,133
9415,126
9416,118
9417,121
9418,101
9419,130
9420,119
9421,99
9422,142
9423,91
9424,145
9425,121
9426,115
9427,100
9428,104
9429,97
9430,96
9431,104
9432,119
9433,119
9434,114
9435,114
9436,83
9437,104
9438,102
9439,119
944,1
9440,146
9441,127
9442,133
9443,124
9444,130
9445,121
9446,115
9447,120
9448,110
9449,136
945,1
9450,144
9451,126
9452,114
9453,101
9454,126
9455,149
9456,135
9457,101
9458,95
9459,124
9460,134
9461,86
9462,117
9463,122
9464,118
9465,124
9466,115
9467,131
9468,105
9469,105
9470,113
9471,104
9472,114
9473,102
9474,129
9475,106
9476,101
9477,119
9478,110
9479,120
948,1
9480,118
9481,105
9482,112
9483,115
9484,138
9485,130
9486,109
9487,121
9488,113
9489,125
9490,120
9491,123
9492,132
9493,122
9494,153
9495,134
9496,115
9497,107
9498,120
9499,125
950,1
9500,172
9501,104
9502,124
9503,116
9504,96
9505,132
9506,105
9507,122
9508,124
9509,105
9510,128
9511,121
9512,117
9513,107
9514,131
9515,143
9516,114
9517,114
9518,109
9519,96
9520,119
9521,126
9522,131
9523,123
9524,100
9525,130
9526,107
9527,99
9528,118
9529,121
9530,112
9531,111
9532,110
9533,130
9534,109
9535,120
9536,106
9537,110
9538,109
9539,115
9540,120
9541,114
9542,99
9543,104
9544,120
9545,104
9546,110
9547,113
9548,98
9549,112
9550,133
9551,121
9552,113
9553,106
9554,127
9555,142
9556,120
9557,121
9558,117
9559,124
9560,109
9561,119
9562,92
9563,101
9564,118
9565,131
9566,114
9567,91
9568,101
9569,111
9570,107
9571,104
9572,103
9573,96
9574,102
9575,123
9576,94
9577,122
9578,123
9579,129
958,1
9580,105
9581,103
9582,83
9583,115
9584,114
9585,118
9586,103
9587,97
9588,106
9589,111
9590,128
9591,116
9592,105
9593,115
9594,119
9595,152
9596,118
9597,116
9598,104
9599,130
96,1
9600,188
9601,118
9602,100
9603,111
9604,116
9605,116
9606,120
9607,118
9608,109
9609,103
9610,125
9611,96
9612,101
9613,111
9614,100
9615,127
9616,103
9617,109
9618,115
9619,114
962,1
9620,114
9621,108
9622,120
9623,99
9624,113
9625,112
9626,133
9627,106
9628,95
9629,102
9630,114
9631,103
9632,110
9633,118
9634,107
9635,120
9636,123
9637,118
9638,131
9639,138
9640,98
9641,100
9642,115
9643,113
9644,139
9645,112
9646,114
9647,87
9648,99
9649,104
9650,128
9651,104
9652,102
9653,96
9654,110
9655,107
9656,106
9657,102
9658,92
9659,120
9660,132
9661,114
9662,114
9663,123
9664,121
9665,134
9666,109
9667,111
9668,124
9669,139
9670,123
9671,109
9672,92
9673,119
9674,91
9675,108
9676,94
9677,126
9678,134
9679,109
9680,118
9681,110
9682,128
9683,116
9684,96
9685,104
9686,81
9687,107
9688,132
9689,106
9690,127
9691,122
9692,92
9693,103
9694,117
9695,118
9696,119
9697,99
9698,109
9699,105
9700,170
9701,94
9702,93
9703,99
9704,81
9705,101
9706,106
9707,122
9708,87
9709,96
9710,109
9711,119
9712,85
9713,91
9714,100
9715,86
9716,101
9717,122
9718,84
9719,77
9720,98
9721,103
9722,130
9723,110
9724,103
9725,81
9726,105
9727,123
9728,84
9729,98
9730,105
9731,100
9732,92
9733,125
9734,85
9735,100
9736,95
9737,88
9738,98
9739,103
9740,105
9741,96
9742,109
9743,102
9744,114
9745,99
9746,109
9747,120
9748,98
9749,79
9750,121
9751,93
9752,108
9753,75
9754,107
9755,95
9756,105
9757,107
9758,95
9759,91
976,1
9760,77
9761,76
9762,99
9763,81
9764,105
9765,109
9766,113
9767,102
9768,93
9769,86
9770,118
9771,107
9772,117
9773,106
9774,114
9775,90
9776,113
9777,119
9778,95
9779,107
9780,99
9781,89
9782,102
9783,106
9784,87
9785,78
9786,87
9787,112
9788,109
9789,102
979,1
9790,114
9791,87
9792,116
9793,110
9794,109
9795,114
9796,90
9797,117
9798,107
9799,108
9800,136
9801,100
9802,99
9803,98
9804,91
9805,91
9806,109
9807,98
9808,90
9809,95
9810,105
9811,120
9812,91
9813,93
9814,95
9815,80
9816,99
9817,97
9818,119
9819,111
9820,103
9821,96
9822,106
9823,85
9824,112
9825,120
9826,84
9827,83
9828,109
9829,100
983,1
9830,96
9831,79
9832,100
9833,90
9834,99
9835,97
9836,96
9837,95
9838,119
9839,100
9840,105
9841,95
9842,90
9843,88
9844,100
9845,98
9846,85
9847,83
9848,123
9849,93
9850,101
9851,91
9852,100
9853,83
9854,82
9855,113
9856,92
9857,90
9858,111
9859,103
986,1
9860,102
9861,84
9862,93
9863,107
9864,103
9865,109
9866,110
9867,95
9868,97
9869,90
9870,108
9871,112
9872,87
9873,86
9874,88
9875,89
9876,93
9877,104
9878,120
9879,92
9880,119
9881,117
9882,110
9883,103
9884,107
9885,113
9886,113
9887,115
9888,110
9889,96
989,1
9890,125
9891,105
9892,86
9893,124
9894,93
9895,89
9896,89
9897,111
9898,124
9899,102
9900,153
9901,121
9902,107
9903,95
9904,100
9905,83
9906,105
9907,101
9908,109
9909,131
9910,119
9911,111
9912,144
9913,107
9914,119
9915,103
9916,98
9917,107
9918,92
9919,125
992,1
9920,114
9921,94
9922,127
9923,96
9924,93
9925,94
9926,110
9927,108
9928,106
9929,115
9930,96
9931,103
9932,106
9933,138
9934,88
9935,117
9936,104
9937,86
9938,91
9939,98
994,1
9940,111
9941,89
9942,109
9943,109
9944,106
9945,102
9946,97
9947,107
9948,99
9949,107
9950,106
9951,94
9952,96
9953,96
9954,88
9955,120
9956,88
9957,107
9958,103
9959,113
996,1
9960,109
9961,80
9962,100
9963,94
9964,104
9965,78
9966,99
9967,104
9968,101
9969,109
9970,104
9971,115
9972,84
9973,102
9974,93
9975,114
9976,109
9977,122
9978,94
9979,127
9980,112
9981,112
9982,105
9983,100
9984,116
9985,109
9986,110
9987,107
9988,127
9989,121
999,1
9990,128
9991,111
9992,113
9993,130
9994,100
9995,104
9996,110
9997,138
9998,120
9999,139
