text_election_code_4,Count
,802072
12897,2
22503,1
4103,19
4197,1
4202,1
4296,3
4301,6
4495,7
4505,27
4693,1
4699,5
4792,4
51804,16
CG,200
CG0003,11
CG0004,11
CG0005,14
CG0007,17
CG0008,8
CG0009,15
CG0010,138
CG0011,41
CG0023,68
CG005,6
CG0104,16
CG012,4
CG021,1
CG0304,17
CG033,5
CG0408,5
CG0410,1
CG0413,2
CG042,4
CG0491,1
CG0495,2
CG0497,1
CG0504,72
CG06,4
CG08,4
CG1019,2
CG1030,7
CG1068,2
CG11,19
CG1123,624
CG1179,5
CG12,10
CG1279,2
CG13,19
CG1319,1
CG14,31
CG15,40
CG1520,5
CG16,10
CG19,46
CG1974,1
CG1978,1
CG1987,1
CG1989,9
CG1991,12
CG1993,43
CG1994,12
CG1995,46
CG1996,2
CG1997,84
CG1998,9
CG1999,75
CG2000,6
CG2001,167
CG2002,5
CG2003,349
CG2004,23
CG2005,1240
CG2006,47
CG2007,920
CG2008,53
CG2009,1127
CG2010,102
CG2011,1187
CG2012,98
CG2013,1324
CG2014,100
CG2015,2234
CG2016,50
CG2017,4118
CG2019,11048
CG2021,36221
CG2023,103942
CG21,1241
CG21A,165
CG2209,3
CG2250,25
CG2259,9
CG2260,1
CG2269,2
CG2270,19
CG2288,4
CG2289,15
CG23,1870
CG294B,217
CG3105,20
CG3204,12
CG3210,4
CG3293,2
CG3299,15
CG334C,2
CG400,5
CG401,3
CG403,5
CG404,1
CG405,38
CG4103,194
CG4197,62
CG4202,10
CG4291,9
CG4296,5
CG4301,122
CG4390,3
CG44,1
CG4400,30
CG4489,5
CG4495,37
CG4505,600
CG4594,2
CG4604,15
CG4693,28
CG4699,83
CG4787,1
CG4792,7
CG4798,11
CG48,15
CG496,3
CG497,3
CG498,2
CG499,4
CG510,9
CG5404,2
CG5702,5
CG5704,8
CG5923,371
CG604,1
CG6139,3
CG6219,1
CG6290,5
CG6496,3
CG6705,8
CG6992,1
CG7139,1
CG7189,2
CG8249,2
CG9104,1
CG9149,1
CG9304,7
CG9504,2
CG956,7
CG964,3
CG9702,6
CG9704,12
CG973,4
CG985,1
CG9904,6
CG993,8
CGAP,19
CGCG,3
CGCG10,1
CGFR,1
CGG,2
CGHB06,2
CGHE06,1
CGHE08,1
CGLC14,1
CGLC16,2
CGNE,2
CGS,31
CGS06,5
CGS103,1
CGSG,362
CGSP06,1
CGST10,1
CP 23,107
CP0002,5
CP0004,1
CP0005,9
CP0006,1
CP0007,3
CP0008,13
CP0009,3
CP0010,47
CP0102,5
CP0302,3
CP0408,9
CP07,1
CP09,1
CP15,2
CP17,9
CP1989,1
CP1991,4
CP1993,8
CP1994,5
CP1995,18
CP1997,34
CP1998,1
CP1999,14
CP2000,2
CP2001,29
CP2003,100
CP2005,129
CP2006,12
CP2007,212
CP2008,1
CP2009,101
CP201,3
CP2010,20
CP2011,103
CP2012,4
CP2013,145
CP2015,238
CP2016,1
CP2017,556
CP2019,967
CP2021,2659
CP2023,12658
CP203,1
CP23,8
CP287,1
CP305,1
CP381,43
CP398,1
CP399,1
CP9204,2
CP9702,2
CPCH07,1
CPFR10,1
CPG 21,44
CPMN06,2
CPNC15,4
GN1129,2
GN1148,1
GN1149,4
GN1160,20
GN1180,10
GN1982,2
GN1984,4
GN1986,43
GN1988,139
GN1990,166
GN1992,1150
GN1994,498
GN1996,2208
GN1998,896
GN2000,4227
GN2002,2168
GN2004,10588
GN2006,4152
GN2007,1
GN2008,20234
GN2010,7042
GN2012,28162
GN2014,14719
GN2016,62182
GN2018,76405
GN2020,211842
GN2022,155336
GN2024,15300
GN4197,9
GN4202,1
GN4301,7
GN4495,4
GN4693,8
GN4699,16
GN4798,1
MB#383,145
MB/SP,9
MB/WC,2
MB0108,162
MB0110,12
MB0112,241
MB0114,1
MB0115,201
MB0116,162
MB0120,1201
MB0121,5273
MB0123,5178
MB0211,11
MB0215,9
MB0216,82
MB0219,9
MB0225,2
MB0315,25
MB0320,53
MB0322,2526
MB0412,2282
MB0414,208
MB0416,7
MB0423,3360
MB0424,747
MB0425,187
MB0506,47
MB0508,35
MB0513,9
MB0516,60
MB0517,369
MB0518,785
MB0519,1170
MB0607,24
MB0611,30
MB0613,346
MB0615,56
MB0616,383
MB0618,178
MB0619,132
MB0622,107
MB0623,7793
MB0711,13
MB0719,28
MB0807,7
MB0823,653
MB0830,57
MB0907,56
MB0915,62
MB0916,110
MB0917,60
MB0918,443
MB0919,730
MB0921,153
MB0922,346
MB1007,141
MB1013,359
MB1107,86
MB1109,7
MB1113,301
MB1205,259
MB1211,15
MB1213,17
MB1301,22
MB1302,68
MB1501,61
MB15B,5
MB1601,23
MB17,171
MB1701,114
MB17LA,78
MB1901,193
MB1995,7
MB2000,5
MB2005,14
MB2006,53
MB2007,125
MB2008,43
MB2009,213
MB2010,45
MB2011,23
MB2012,39
MB2013,197
MB2014,329
MB2015,817
MB2016,339
MB2017,190
MB2018,112
MB2019,513
MB2020,473
MB2022,715
MB2024,1014
MB229,314
MB231,56
MB232,109
MB233,333
MB240,1
MB242,4
MB263,15
MB274,2
MB293,5
MB305,347
MB3124,1
MB3408,39
MB360,7
MB368,51
MB383,19
MB394,30
MB396,18
MB398,1
MB402,88
MB415,8
MB416,47
MB437,122
MB4604,12
MB464,55
MB490,75
MB501,241
MB509,6
MB5116,99
MB512,481
MB5398,12
MB5410,16
MB5411,8
MB6115,215
MB615,25
MB6215,31
MB9410,6
MBAL06,3
MBAU06,14
MBAUG,50
MBBE07,38
MBBE09,12
MBD423,48
MBHD07,14
MBM,1
MBMV06,9
MBOCA,3
MBPC09,11
MBREC,11
MBSB09,3
MBSD07,42
MBSE09,2
MBSLS,4
MBST06,44
MBST17,17
PP0001,3
PP1992,18
PP2024,50495
PR0001,3
PR031,1
PR041,1
PR1988,2
PR1990,37
PR1992,86
PR1994,139
PR1996,322
PR1998,246
PR2000,411
PR2002,412
PR2004,1067
PR2006,467
PR2008,1117
PR2010,1579
PR2012,2120
PR2014,1625
PR2016,4140
PR2018,8124
PR2020,37665
PR2022,162159
PR2024,51894
PR2250,19
PR2259,6
PR2260,1
PR2270,8
PR2289,3
PR3105,23
PR3299,6
PR8200,3
PR8288,4
PR955,2
PR971,3
PR991,1
PRHC06,1
PRPC06,1
SP,94
SP'16,1
SP 389,59
SP000,20
SP0001,1
SP0003,1
SP0004,4
SP0006,2
SP0007,17
SP001,10
SP0012,9
SP0014,7
SP002,9
SP0041,3
SP01,6
SP0101,17
SP0103,9
SP0105,1
SP011,20
SP0111,3
SP0112,83
SP012,4
SP0121,5
SP0125,171
SP013,4
SP015,3
SP0197,4
SP02,1
SP0201,1
SP0202,3
SP0204,1
SP021,13
SP0217,1
SP0218,52
SP0219,1
SP022,1
SP0222,9
SP0223,54
SP0225,3385
SP023,18
SP024,1
SP0291,1
SP0293,1
SP0296,1
SP0299,1
SP0301,9
SP0302,14
SP0304,6
SP0305,6
SP0306,2
SP031,5
SP0310,1
SP0316,10
SP0319,14
SP033,74
SP034,7
SP0379,1
SP0388,5
SP0394,1
SP0399,1
SP0400,1
SP0401,2
SP0403,6
SP0405,27
SP0406,9
SP0408,2
SP041,6
SP0410,30
SP0415,1
SP0417,28
SP0419,94
SP0421,153
SP0423,10
SP0425,88
SP043,80
SP0489,33
SP0493,187
SP0495,1
SP0497,3
SP0500,1
SP0503,12
SP0505,21
SP051,118
SP0510,38
SP0512,6
SP0514,160
SP0517,37
SP052,17
SP0523,653
SP0524,1910
SP053,1
SP054,36
SP057,34
SP0599,3
SP06,1
SP0606,19
SP0607,106
SP0609,1
SP0614,9
SP0616,11
SP0623,230
SP0688,1
SP0693,4
SP0699,3
SP06AT,2
SP0709,14
SP0711,3
SP0717,7
SP0718,8
SP0723,54
SP0792,2
SP08,10
SP0801,13
SP0802,8
SP0805,8
SP0812,2
SP0813,2
SP0815,15
SP0819,142
SP0820,43
SP0821,57
SP0822,639
SP0823,467
SP0830,169
SP09,3
SP0901,23
SP0904,1
SP0905,2
SP0906,2
SP0911,1
SP0920,1
SP0997,1
SP0999,2
SP09EL,7
SP10,7
SP100,2
SP1009,11
SP101,6
SP1013,1
SP1014,42
SP1017,4
SP1018,11
SP1019,1
SP1020,11
SP1022,72
SP1023,176
SP1031,2
SP105,55
SP1059,1
SP1070,8
SP1079,3
SP11,1
SP1103,2
SP1105,7
SP1112,2
SP1113,6
SP1115,26
SP1116,3
SP112,38
SP1123,1
SP1129,8
SP114,28
SP1149,2
SP1159,1
SP1160,6
SP1199,2
SP1205,1
SP1207,1
SP1209,2
SP1210,17
SP1213,1
SP1214,4
SP1215,3
SP1218,5
SP1219,1
SP1250,2
SP1269,2
SP1270,7
SP1279,1
SP1289,4
SP1298,1
SP1300,4
SP1312,1
SP1319,6
SP14,10
SP1401,2
SP1609,1
SP1694,3
SP1697,1
SP1794,1
SP19,40
SP1993,8
SP1997,1
SP1999,7
SP2000,22
SP2001,11
SP2002,18
SP2003,8
SP2004,10
SP2005,13
SP2006,21
SP2007,682
SP2008,32
SP2009,113
SP2010,36
SP2011,24
SP2012,147
SP2013,138
SP2014,235
SP2015,107
SP2016,98
SP2017,212
SP2018,168
SP2019,433
SP2020,55
SP2021,340
SP2022,725
SP2023,2322
SP2024,727
SP2025,1
SP203,7
SP206,3
SP2103,7
SP2104,8
SP2197,1
SP220,14
SP2201,25
SP2209,1
SP2249,1
SP2260,5
SP2263,6
SP2295,1
SP2299,5
SP22MN,54
SP23,27
SP2396,8
SP2398,3
SP24,78
SP2406,5
SP244,5
SP245,113
SP2489,1
SP2498,1
SP24ST,810
SP2503,2
SP2505,1
SP251,31
SP252,9
SP257B,112
SP258,46
SP264,3
SP2691,3
SP282,9
SP284B,1
SP289,20
SP2894,1
SP2997,3
SP3,3
SP306,19
SP309,140
SP311,88
SP312,19
SP3136,1
SP3139,1
SP3190,1
SP3260,3
SP327,2
SP330,13
SP331,4
SP3319,3
SP3353,10
SP3357,12
SP336,26
SP34,1
SP344,10
SP346,1
SP35,6
SP350,1
SP360,87
SP362,1
SP363,2
SP371,28
SP381,2
SP385,72
SP388,1
SP3882,117
SP3895,1
SP39,1
SP396,20
SP40,6
SP4024,31
SP405,8
SP406,4
SP408B,160
SP4103,21
SP410B,74
SP418R,109
SP4197,9
SP420,10
SP4202,2
SP421,16
SP4230,1
SP4296,8
SP43,1
SP4301,3
SP4309,2
SP434,8
SP4400,26
SP443,36
SP448,136
SP4489,1
SP4495,7
SP4522,78
SP459,9
SP460,1
SP4604,6
SP4610,8
SP4699,7
SP476,1
SP4798,6
SP4814,4
SP482,5
SP4892,1381
SP49,26
SP5,4
SP508,8
SP5110,3
SP52,15
SP5200,3
SP5210,5
SP5220,2
SP5230,7
SP524,994
SP5298,8
SP54,5
SP56,5
SP5608,12
SP5702,7
SP5812,2
SP5900,10
SP596,1
SP6011,6
SP6012,28
SP6108,2
SP6109,15
SP6149,1
SP6179,1
SP6208,7
SP6259,1
SP6279,1
SP6303,1
SP6309,6
SP6312,16
SP6314,9
SP6397,1
SP6402,2
SP6501,28
SP6507,46
SP6600,1
SP6705,9
SP6810,4
SP6899,3
SP696,2
SP7,3
SP7189,1
SP7279,2
SP7290,1
SP7398,3
SP7524,18
SP8179,1
SP8195,2
SP8210,1
SP8319,7
SP8505,2
SP8597,4
SP901,1
SP911,3
SP9169,2
SP9199,4
SP9200,15
SP9263,5
SP9279,1
SP931,5
SP9310,5
SP9506,1
SP9510,4
SP953,19
SP961,3
SP962,4
SP9694,2
SP971,2
SP9710,24
SP972,1
SP973,3
SP9805,8
SP981,1
SP9813,18
SP9903,1
SP9904,3
SP991,3
SP992,6
SP993,9
SP994,58
SP996,3
SP9LON,4
SPA UB,1
SPAB05,6
SPAB07,6
SPAC02,1
SPB072,15
SPB339,66
SPB434,22
SPBA15,2
SPBC07,2
SPBC12,1
SPBCL6,4
SPBE07,9
SPBE17,10
SPBU15,3
SPC,1
SPC311,7
SPC331,55
SPC415,2
SPCH05,2
SPCITY,5
SPCR07,7
SPCV,3
SPCV21,7
SPCW12,72
SPDB07,2
SPDWES,5
SPE,8
SPEB04,1
SPEL06,29
SPEU07,19
SPF511,3
SPFB01,2
SPFC21,1
SPFH97,3
SPGM07,31
SPGN08,3
SPGN17,2270
SPGO,3
SPHB06,11
SPHB07,4
SPHO1,13
SPHS17,13
SPLC07,2
SPLC09,3
SPLLIB,1
SPMC,2
SPMC08,1
SPML05,4
SPMPCI,15
SPMPTX,37
SPMV22,2
SPPL07,2
SPR21,188
SPRB04,2
SPRB05,4
SPRH04,7
SPSB05,10
SPSB07,13
SPSBF6,2
SPSC07,19
SPSCH,9
SPSD,13
SPSL05,5
SPSL09,2
SPSS,4
SPST06,1
SPST10,1
SPST16,1
SPSW10,3
SPTH09,4
SPUQ07,2
SPVC07,4
SPWC19,2
SPWF18,33
