district_pt,Count
 ,1474659
PT0,2650
"PT0,PT001,PT002,PT003,PT004",6032
"PT0,PT005,PT006,PT007,PT008",3470
"PT0,PT009,PT010,PT011,PT012",2128
"PT0,PT013,PT014,PT015,PT016",1725
"PT0,PT017,PT018,PT019,PT020",1241
"PT0,PT021,PT022,PT023,PT024",1837
"PT0,PT025,PT026,PT027,PT028",1674
"PT0,PT029,PT030,PT031,PT032",1424
"PT0,PT033,PT034,PT035,PT036",2656
"PT0,PT041,PT042,PT043,PT044",3692
"PT0,PT053,PT054,PT055,PT056",705
"PT0,PT065,PT066,PT067,PT068",1747
"PT0,PT077,PT078,PT079,PT080",3158
"PT0,PT081,PT082,PT083,PT084",1996
"PT0,PT085,PT086,PT087,PT088",736
"PT0,PT089,PT090,PT091,PT092",1961
"PT0,PT093,PT094,PT095,PT096",318
"PT0,PT097,PT098,PT099,PT100",402
"PT0,PT101,PT102,PT103,PT104",262
"PT0,PT105,PT106,PT107,PT108",304
"PT0,PT109,PT110,PT111,PT112",230
"PT0,PT113,PT114,PT115,PT116",208
"PT0,PT117,PT118,PT119,PT120",62
"PT0,PT121,PT122,PT123,PT124",126
"PT0,PT125,PT126,PT127,PT128",402
"PT0,PT129,PT130,PT131,PT132",371
"PT0,PT133,PT134,PT135,PT136",414
"PT0,PT137,PT138,PT139,PT140",143
"PT0,PT141,PT142,PT143,PT144",70
"PT0,PT145,PT146,PT147,PT148",212
"PT0,PT149,PT150,PT151,PT152",681
"PT0,PT153,PT154,PT155,PT156",100
"PT0,PT157,PT158,PT159,PT160",533
"PT0,PT161,PT162,PT163,PT164",1972
"PT0,PT165,PT166,PT167,PT168",895
"PT0,PT169,PT170,PT171,PT172",413
"PT0,PT173,PT174,PT175,PT176",895
"PT0,PT177,PT178,PT179,PT180",448
"PT0,PT181,PT182,PT183,PT184",1202
"PT0,PT185,PT186,PT187,PT188",100
"PT0,PT189,PT190,PT191,PT192",580
"PT0,PT193,PT194,PT195,PT196",136
"PT0,PT197,PT198,PT199,PT200",5
"PT0,PT201,PT202,PT203,PT204",1061
"PT0,PT205,PT206,PT207,PT208",435
"PT0,PT209,PT210,PT211,PT212",283
"PT0,PT213,PT214,PT215,PT216",300
"PT0,PT217,PT218,PT219,PT220",292
PT00,11979
PT000,759
PT000010,1388
PT000020,2110
PT00002A,886
PT000030,3290
PT000040,1742
"PT000040,PT000070",189
PT00004A,1394
PT000050,2306
PT00005A,579
PT000060,2288
PT00006A,219
PT000070,2879
PT00007A,557
PT00007B,6
PT000080,3057
PT000090,3239
PT0001,11174
"PT0001,PT0002,PT0003,PT0004",682
PT000100,2526
PT00010A,392
PT000110,2189
PT00011A,511
PT000120,2023
PT00012A,1136
PT000130,1917
PT00013A,1200
PT00013C,5
PT000140,2908
PT00014A,951
PT000150,1240
PT00015A,430
PT000160,407
PT00016A,1699
PT000170,3382
PT000180,1442
PT00018A,1436
PT000190,693
PT00019A,1678
PT0002,1
PT000200,2746
PT00020A,433
PT000210,1675
"PT000210,PTJCW2P8",301
PT000220,2115
PT00022A,132
PT000230,641
PT00023A,2266
PT000240,1514
PT000250,1118
PT000260,1644
PT000270,756
PT00027A,625
PT000280,506
PT000290,183
PT00029A,650
PT0003,30
PT000300,440
PT00030A,422
PT000310,81
PT00031A,724
PT000320,408
PT000330,593
"PT000330,PTJCW3P3",928
PT000340,805
"PT000340,PTJCW3P4",467
PT000350,650
PT000360,704
PT000370,536
PT00037A,390
"PT0005,PT0006,PT0007,PT0008",1449
PT0007,1261
PT0008,1473
PT0009,1332
"PT0009,PT0010,PT0011,PT0012",1260
PT0010,3454
"PT0013,PT0014,PT0015,PT0016",917
"PT0017,PT0018,PT0019,PT0020",801
PT0019,139
PT002,38
PT0020,4572
PT0021,24
"PT0021,PT0022,PT0023,PT0024",612
PT0022,962
PT0023,260
PT0024,182
PT0025,47
"PT0025,PT0026,PT0027,PT0028",2135
PT0026,72
PT0027,120
PT0028,611
PT0029,659
"PT0029,PT0030,PT0031,PT0032",856
PT002A,1146
PT0030,3087
PT0031,31
PT0032,647
PT0033,170
"PT0033,PT0034,PT0035,PT0036",1085
PT0034,122
PT0035,226
PT0036,404
PT0037,111
"PT0037,PT0038,PT0039,PT0040",2143
PT0038,269
PT0039,41
PT0040,3947
PT0041,316
"PT0041,PT0042,PT0043,PT0044",1584
PT0042,499
PT0045,1517
"PT0045,PT0046,PT0047,PT0048",3338
PT0046,1272
PT0047,154
PT0048,1751
PT0049,1786
"PT0049,PT0050,PT0051,PT0052",2938
PT0050,5783
"PT0053,PT0054,PT0055,PT0056",1383
PT0057,37
"PT0057,PT0058,PT0059,PT0060",2207
PT0058,102
PT0059,814
PT005A,275
PT0060,3399
PT0061,30
"PT0061,PT0062,PT0063,PT0064",1625
"PT0065,PT0066,PT0067,PT0068",2080
"PT0069,PT0070,PT0071,PT0072",1795
PT006A,411
PT0070,3584
"PT0073,PT0074,PT0075,PT0076",1860
PT0078,3
"PT007A,PTJCW1P1",514
PT0080,2700
PT0081,2
"PT0081,PT0082,PT0083,PT0084",2614
"PT0085,PT0086,PT0087,PT0088",817
"PT0089,PT0090,PT0091,PT0092",478
PT008A,499
PT0090,2925
"PT0093,PT0094,PT0095,PT0096",996
"PT0097,PT0098,PT0099,PT0100",1050
PT01,3842
PT0100,1576
"PT0100,PTJCW1P4",991
"PT0101,PT0102,PT0103,PT0104",658
"PT0105,PT0106,PT0107,PT0108",927
"PT0109,PT0110,PT0111,PT0112",689
PT0110,2044
"PT0113,PT0114,PT0115,PT0116",1273
"PT0117,PT0118,PT0119,PT0120",803
PT011A,129
PT0120,2179
"PT0120,PT2420",167
"PT0121,PT0122,PT0123,PT0124",1009
"PT0125,PT0126,PT0127,PT0128",352
"PT0129,PT0130,PT0131,PT0132",821
PT0130,2251
"PT0133,PT0134,PT0135,PT0136",442
"PT0137,PT0138,PT0139,PT0140",1326
PT0140,1589
"PT0141,PT0142,PT0143,PT0144",495
"PT0145,PT0146,PT0147,PT0148",2572
"PT0149,PT0150,PT0151,PT0152",1357
PT0150,2866
"PT0150,PTJCW2P2",537
"PT0153,PT0154,PT0155,PT0156",2766
"PT0157,PT0158,PT0159,PT0160",146
PT0160,2006
"PT0161,PT0162,PT0163,PT0164",476
"PT0165,PT0166,PT0167,PT0168",1022
"PT0169,PT0170,PT0171,PT0172",1916
PT016A,896
"PT016A,PTJCW2P3",126
PT0170,1668
"PT0173,PT0174,PT0175,PT0176",89
PT0180,1478
"PT0181,PT0182,PT0183,PT0184",208
"PT0185,PT0186,PT0187,PT0188",528
"PT0189,PT0190,PT0191,PT0192",424
PT0190,1110
"PT0190,PTJCW3P2",756
"PT0195,PT0196,PT0197,PT194",382
"PT0198,PT0199,PT0200,PT0201",288
PT01MD,4
PT02,1675
PT0200,1991
"PT0201,PT0202,PT0203,PT0204",72
"PT0202,PT0203,PT0204,PT0205",76
PT0210,2570
PT0220,3524
PT022A,658
"PT022A,PTJCW4P4",875
PT0230,1390
PT0240,1824
PT0250,1479
PT025A,142
PT0260,2924
PT026A,662
PT0270,3350
PT0271,276
PT0280,2214
PT0290,1481
PT02MD,1569
PT03,1810
PT0300,1767
"PT0301,PT0302,PT0303,PT0304",78
PT0310,1177
PT0320,2051
PT0350,864
PT0360,895
PT037A,419
PT0380,614
PT039A,1305
PT039B,581
PT03MD,4
PT04,2892
PT0400,612
"PT0401,PT0402,PT0403,PT0404",69
PT0410,550
PT0420,723
PT0430,207
PT0440,98
PT0450,346
PT0460,1350
PT0470,75
PT0480,120
PT0490,1291
PT04MD,1468
PT05,4026
PT0500,268
"PT0501,PT0502,PT0503,PT0504",161
PT0510,281
PT0520,164
PT0530,204
PT0540,174
PT055A,739
PT0560,1162
PT0570,166
PT0580,84
PT0590,262
PT05MD,1759
PT06,1165
"PT0601,PT0602,PT0603,PT0604",25
PT0610,548
PT0620,785
PT0630,490
PT0640,200
PT0650,473
PT0660,185
PT0670,95
PT0690,82
PT06MD,980
PT07,2325
PT0700,134
"PT0701,PT0702,PT0703,PT0704",529
PT07MD,1941
PT08,2195
"PT0801,PT0802,PT0803,PT0804",215
PT08MD,669
PT09,3570
"PT0901,PT0902,PT0903,PT0904",49
PT09MD,2644
PT1,823
PT10,2291
PT100,591
"PT1001,PT1002,PT1003,PT1004",51
PT103,845
PT10MD,1691
PT11,2583
PT110,1335
"PT1101,PT1102,PT1103,PT1104",173
"PT1111,PT1112,PT1113,PT1114",466
PT11A,165
PT11MD,985
PT12,2349
PT120,374
PT120030,987
PT120040,339
PT120070,17
"PT1201,PT1202,PT1203,PT1204",69
PT120110,447
PT12015B,8
PT12A,660
PT12MD,100
PT13,1483
PT130,965
PT130010,2021
PT130020,3467
PT130030,3749
PT130040,491
PT130050,228
"PT1301,PT1302,PT1304,PT1305",38
"PT13A,PTOP1",898
PT13MD,298
PT14,1279
"PT14,PTOP2",1058
PT140,712
PT140010,1175
PT140020,944
PT140030,1003
PT140040,889
"PT1401,PT1402,PT1403,PT1404",9
PT14MD,985
PT15,425
"PT15,PTOP3",647
PT150,493
PT150010,234
PT150020,114
PT150030,247
PT150040,32
PT150050,49
PT150060,184
PT150070,31
PT150080,103
PT150090,26
"PT1501,PT1502,PT1503,PT1504",94
PT15MD,1492
PT16,726
"PT16,PTOP4",1847
PT160,265
"PT1601,PT1602,PT1603,PT1604",31
PT16MD,1388
PT17,841
PT170,114
"PT1701,PT1702,PT1703,PT1704",103
PT17MD,2483
PT18,626
"PT18,PTOP6",678
PT180,61
"PT1801,PT1802,PT1803,PT1804",133
PT18MD,226
PT19,1021
"PT19,PTOP7",1911
PT190,45
"PT1901,PT1902,PT1903,PT1904",342
PT19MD,1364
"PT1WDM,PT1WDW,PT1WRM,PT1WRW",489
PT2,1429
PT20,856
PT200,232
PT200010,781
PT200020,599
PT200030,260
PT200040,1301
PT200050,256
PT200060,133
"PT2001,PT2002,PT2003,PT2004",327
"PT20A,PTOP8",1780
PT20MD,1803
PT21,913
PT210,1947
"PT2101,PT2102,PT2103,PT2104",36
"PT2111,PT2112,PT2113,PT2114",556
PT21MD,373
PT22,923
PT220,842
PT220000,3982
PT220010,649
PT220020,3333
PT220030,2019
PT220040,433
"PT220040,PTJCW1P2",313
PT220050,1314
"PT220050,PTJCW1P2",96
PT220060,134
"PT220060,PTJCW1P3",298
"PT220070,PTJCW1P3",277
PT220080,142
"PT220080,PTJCW1P5",199
PT220090,480
"PT220090,PTJCW1P5",411
PT220100,200
"PT220100,PTJCW1P7",370
PT220110,4
"PT220110,PTJCW1P7",694
PT220120,594
"PT220120,PTJCW2P1",124
"PT220130,PTJCW2P1",96
PT220140,402
"PT220140,PTJCW3P1",162
"PT220150,PTJCW3P1",176
"PT220160,PTJCW4P2",337
"PT220170,PTJCW4P2",49
PT220180,236
PT220190,37
"PT220200,PTJCW1P6",490
"PT220210,PTJCW1P6",423
PT220230,53
"PT2211,PT2212,PT2213,PT2214",613
PT22MD,507
PT23,661
PT230,291
PT23MD,1352
PT24,1558
PT240,75
PT2410,49
PT2420,154
PT2430,327
PT2440,439
PT24MD,1893
PT25,1176
PT25MD,1278
PT26,312
PT260060,985
PT260070,146
"PT2601,PT2602,PT2603,PT2604",124
PT26MD,412
PT27,146
PT27MD,169
PT28,463
PT28MD,19
PT29,116
PT29d,3
PT29MD,203
"PT2WDM,PT2WDW,PT2WRM,PT2WRW",521
PT3,1939
PT30,1098
PT300010,32
PT30MD,1661
PT31,427
"PT3111,PT3112,PT3113,PT3114",942
PT31MD,34
PT32,522
PT33,467
PT34,15
PT35,97
PT36,445
PT37,60
"PT3WDM,PT3WDW,PT3WRM,PT3WRW",372
PT4,1047
PT40,248
PT400020,178
"PT4111,PT4112,PT4113,PT4114",409
PT4a,4
PT4b,10
PT4c,7
PT5,971
PT50,289
PT500010,428
PT500020,1245
PT6,897
PT60,411
PT6a,2
PT7,354
PT70,850
PT8,872
PT80,990
"PT800150,PTJCW2P4",78
PT9,641
PT90,343
PT900020,4
PT900090,27
PT900120,336
PT900140,12
"PT900140,PTJCW2P6",378
PT900150,75
PT900180,151
"PT900180,PTJCW2P7",961
"PT900190,PTJCW4P1",577
"PT900210,PTJCW4P3",857
PT900230,146
PT900250,112
"PT900260,PTJCW2P5",520
PT900280,856
"PTALDM,PTALDW,PTALRM,PTALRW",101
"PTBBDM,PTBBDW,PTBBRM,PTBBRW",120
"PTBRDM,PTBRDW,PTBRRM,PTBRRW",54
"PTBVDM,PTBVDW,PTBVRM,PTBVRW",167
PTCAMD,317
PTCOM01,126
PTCOM02,561
PTCOM03,851
PTCOM04,1333
PTCOM05,1198
PTCOM06,737
PTCOM07,615
PTCOM08,451
PTCOM09,697
PTCOM10,1597
PTCOM11,617
PTCOM12,1018
PTCOM13,892
PTCOM14,2090
PTCOM15,788
PTCOM16,1310
PTCOM17,999
PTCOM18,428
PTCOM19,1371
PTCOM20,136
PTCOM21,227
PTCOM22,174
PTCOM23,200
PTCOM24,381
PTCOM25,262
PTCOM26,228
PTCOM27,274
PTCOM28,209
PTCOM29,364
PTCOM30,111
PTCOM31,195
PTCOM32,340
PTCOM33,296
PTCOM34,89
PTCOM35,497
PTCOM36,153
PTCOM37,936
PTCOM38,62
PTCOM39,68
PTCOM40,39
PTCOM41,96
"PTCRDM,PTCRDW,PTCRRM,PTCRRW",278
PTDAMD,93
PTECCMD,307
"PTECDM,PTECDW,PTECRM,PTECRW",84
PTECMD,457
PTEUMD,470
"PTFADM,PTFADW,PTFARM,PTFARW",41
PTFAMD,192
"PTFDDM,PTFDDW,PTFDRM,PTFDRW",123
"PTFRDM,PTFRDW,PTFRRM,PTFRRW",90
PTGLMD,74
PTGR2MD,17
PTGR3MD,5
PTGR4MD,4
"PTGRDM,PTGRDW,PTGRRM,PTGRRW",55
PTGRMD,611
PTGYMD,131
"PTJFDM,PTJFDW,PTJFRM,PTJFRW",88
"PTLBDM,PTLBDW,PTLBRM,PTLBRW",38
PTLIMD,131
"PTLNDM,PTLNDW,PTLNRM,PTLNRW",69
PTLP1,518
PTLP2,325
"PTNWDM,PTNWDW,PTNWRM,PTNWRW",105
PTOHAMD,222
PTOHMD,67
PTPVMD,271
"PTRCDM,PTRCDW,PTRCRM,PTRCRW",82
"PTRIDM,PTRIDW,PTRIRM,PTRIRW",156
PTSCAMD,75
"PTSCDM,PTSCDW,PTSCRM,PTSCRW",312
PTSCMD,203
PTSHAMD,4
PTSHBMD,36
PTSHDMD,149
PTSHEBMD,2
PTSHMD,2
PTSMMD,562
PTSOMD,262
PTSVMD,669
"PTUNDM,PTUNDW,PTUNRM,PTUNRW",21
"PTWADM,PTWADW,PTWARM,PTWARW",49
PTWLMD,428
"PTWRDM,PTWRDW,PTWRRM,PTWRRW",74
PTWSAMD,5
PTWSBMD,27
PTWSMD,82
