AgeRegistered,Count
-1980.55,1
-1956.76,1
-1929.39,1
-1798.84,1
-1798.33,1
-1796.87,1
-1789.93,1
-1773,1
-1762.88,1
-1754.3,1
-1744.79,1
-1731.03,1
-1727.93,1
-1713.18,1
-1434.93,1
-804.03,1
-195.82,1
-190.57,1
-184.18,1
-180.39,1
-179.33,1
-176.81,1
-171.94,1
-170.42,1
-170.3,1
-165.31,1
-164.46,1
-157.29,1
-156.23,1
-155.88,1
-154.26,1
-147.31,1
-91.01,1
-81.41,1
-80.8,1
-77.01,1
-75.75,1
-75.6,1
-75.59,1
-75.56,1
-75.53,1
-75.36,1
-75.24,1
-75.12,1
-75.11,1
-74.94,1
-74.83,1
-74.76,1
-74.68,1
-74.57,1
-74.38,1
-74.33,1
-74.11,1
-73.52,1
-73.31,1
-73.03,1
-72.64,1
-71.74,1
-71.12,1
-71.11,1
-71.04,1
-70.63,1
-69.6,1
-69.53,1
-68.18,1
-68.14,1
-68.09,1
-68.05,1
-68.03,1
-66.52,1
-66.07,1
-65.83,1
-65.76,1
-65.57,1
-65.45,1
-65.44,1
-65.38,1
-64.88,1
-64.87,2
-64.85,1
-64.55,1
-64.19,1
-63.64,1
-63.5,1
-63.47,1
-63.1,1
-63,1
-62.7,1
-62.68,1
-62.63,1
-61.89,1
-61.86,1
-61.62,1
-61.33,1
-61.19,1
-60.89,1
-60.82,1
-60.76,1
-60.11,1
-59.91,1
-59.81,1
-59.68,1
-59.67,1
-59.56,1
-59.36,1
-59.02,1
-58.69,1
-58.68,1
-58.64,1
-58.16,1
-58.07,1
-57.98,1
-57.89,1
-57.67,1
-57.66,1
-57.59,1
-57.37,1
-57.32,1
-57.08,1
-56.41,1
-56.37,1
-56.3,1
-55.92,1
-55.74,1
-55.71,1
-55.51,1
-55.14,1
-55.08,1
-54.93,1
-54.45,1
-54.28,1
-54.11,1
-54.09,1
-53.85,1
-53.82,1
-53.78,1
-53.76,1
-53.6,1
-53.56,2
-53.54,1
-53.43,1
-53.36,1
-52.96,1
-52.51,1
-51.91,1
-51.78,1
-51.73,1
-51.62,1
-51.61,1
-51.39,1
-51.37,1
-51.31,1
-51.21,1
-51.05,1
-50.72,1
-50.54,1
-50.22,1
-49.63,1
-49.57,1
-49.52,1
-49.38,1
-49.3,1
-49.26,1
-49.17,1
-49.07,1
-48.98,1
-48.63,1
-47.85,1
-47.69,1
-47.54,1
-47.53,1
-47.23,1
-46.76,1
-46.61,1
-46.55,1
-46.24,1
-46.19,1
-45.02,1
-44.71,1
-44.49,1
-44.03,1
-44.01,1
-43.79,1
-43.73,1
-43.65,1
-43.58,1
-43.22,1
-43.11,1
-42.88,1
-42.8,2
-42.34,1
-42.07,1
-41.78,1
-41.53,1
-41.52,1
-41.4,1
-41.12,1
-41.05,1
-40.92,1
-40.33,1
-40.08,1
-39.93,1
-39.79,1
-39.78,1
-39.69,1
-39.63,1
-39.12,1
-39.08,1
-38.84,1
-38.83,1
-38.18,1
-37.41,1
-37.38,1
-36.97,1
-36.94,1
-36.56,1
-36.55,1
-36.53,1
-36.42,1
-36.13,1
-36.05,1
-33.7,1
-33.21,1
-31.75,1
-30.87,1
-30,1
-28.45,1
-27.02,1
-26.51,1
-23.24,1
-17.69,1
-13.03,1
-12.07,2
-11.65,1
-9.37,1
-7.46,1
-7.16,1
-6.27,1
-5.54,1
-2.96,1
-2.94,1
-2.42,1
-2.3,1
-2.2,1
-2.09,1
-1.95,1
-1.87,1
-1.85,1
-1.69,1
-1.68,1
-1.52,1
-1.38,1
-1.37,1
-1.22,1
-0.93,1
-0.86,1
-0.76,1
-0.61,1
-0.42,1
-0.41,1
-0.27,1
-0.2,1
-0.11,1
-0.1,2
-0.08,1
-0.04,1
-0.02,1
-0.01,3
0,65
0.01,2
0.02,3
0.03,2
0.1,2
0.15,1
0.16,1
0.17,1
0.19,1
0.22,1
0.25,1
0.26,1
0.28,1
0.39,1
0.41,1
0.42,1
0.43,2
0.46,1
0.47,1
0.52,1
0.57,1
0.59,1
0.6,1
0.61,1
0.65,1
0.75,1
0.96,1
1.13,1
1.14,1
1.25,1
1.3,2
1.54,1
1.77,1
1.98,1
2.81,1
3.04,1
3.71,1
3.78,1
4.28,1
4.38,1
4.85,1
4.95,1
5.88,1
5.98,1
6.14,1
6.36,1
6.38,1
6.52,1
6.79,1
6.87,1
7.73,1
7.81,1
8.23,1
8.33,2
8.41,1
9.01,1
9.25,1
9.31,1
9.34,1
9.42,1
9.44,1
9.66,1
10.15,2
10.8,1
10.99,2
11.04,1
11.79,1
11.93,1
11.94,1
12.08,1
12.16,1
12.28,1
12.61,1
12.65,1
12.83,1
12.85,1
12.88,1
12.96,1
13.11,1
13.16,1
13.22,1
13.3,1
13.61,1
13.64,1
13.7,1
13.78,1
13.85,1
13.98,1
13.99,1
14.08,1
14.1,1
14.15,1
14.36,1
14.44,1
14.48,1
14.52,1
14.59,1
14.66,1
14.72,1
14.75,1
14.76,1
14.86,1
14.91,1
14.99,1
15.03,1
15.1,1
15.12,1
15.18,1
15.21,1
15.37,1
15.47,1
15.58,1
15.61,1
15.63,1
15.65,1
15.7,1
15.71,1
15.73,1
15.74,1
15.78,1
15.81,2
15.94,1
15.95,1
15.96,1
15.98,2
15.99,1
16,1
16.02,1
16.04,2
16.06,3
16.08,1
16.09,3
16.1,1
16.11,1
16.12,3
16.13,7
16.14,1
16.15,2
16.16,2
16.17,2
16.18,1
16.19,2
16.2,1
16.21,1
16.22,1
16.23,1
16.24,1
16.25,3
16.26,2
16.28,2
16.29,1
16.3,4
16.31,1
16.32,2
16.33,3
16.34,2
16.35,1
16.36,1
16.38,2
16.39,2
16.41,1
16.42,2
16.43,2
16.44,1
16.46,2
16.47,2
16.48,1
16.49,1
16.5,2
16.51,1
16.52,2
16.53,4
16.54,3
16.56,1
16.57,3
16.59,1
16.6,3
16.61,3
16.63,2
16.64,2
16.65,2
16.66,2
16.67,4
16.68,3
16.69,2
16.7,4
16.71,4
16.73,6
16.74,3
16.75,3
16.76,3
16.77,3
16.78,2
16.79,2
16.8,3
16.81,2
16.82,3
16.84,6
16.85,4
16.86,6
16.87,7
16.88,3
16.89,3
16.9,3
16.91,12
16.92,2
16.93,8
16.94,9
16.95,5
16.96,6
16.97,9
16.98,4
16.99,7
17,538
17.01,700
17.02,680
17.03,495
17.04,348
17.05,457
17.06,348
17.07,423
17.08,430
17.09,309
17.1,372
17.11,366
17.12,265
17.13,412
17.14,322
17.15,289
17.16,352
17.17,338
17.18,256
17.19,367
17.2,372
17.21,308
17.22,359
17.23,387
17.24,262
17.25,367
17.26,360
17.27,313
17.28,336
17.29,299
17.3,398
17.31,354
17.32,277
17.33,394
17.34,406
17.35,257
17.36,425
17.37,369
17.38,292
17.39,348
17.4,405
17.41,304
17.42,421
17.43,359
17.44,323
17.45,419
17.46,456
17.47,291
17.48,430
17.49,430
17.5,323
17.51,428
17.52,423
17.53,331
17.54,455
17.55,352
17.56,489
17.57,471
17.58,338
17.59,495
17.6,468
17.61,378
17.62,445
17.63,502
17.64,344
17.65,558
17.66,485
17.67,391
17.68,502
17.69,527
17.7,406
17.71,552
17.72,564
17.73,436
17.74,592
17.75,579
17.76,426
17.77,609
17.78,432
17.79,609
17.8,630
17.81,456
17.82,698
17.83,622
17.84,546
17.85,666
17.86,813
17.87,573
17.88,866
17.89,781
17.9,647
17.91,868
17.92,1060
17.93,795
17.94,1230
17.95,1659
17.96,1232
17.97,1828
17.98,1810
17.99,1591
18,16397
18.01,4350
18.02,4642
18.03,4370
18.04,2871
18.05,3890
18.06,3500
18.07,2773
18.08,3242
18.09,3389
18.1,2216
18.11,3000
18.12,2724
18.13,2120
18.14,2547
18.15,2734
18.16,1931
18.17,2530
18.18,2390
18.19,1801
18.2,2202
18.21,2287
18.22,1652
18.23,2133
18.24,1525
18.25,2126
18.26,2152
18.27,1465
18.28,2028
18.29,1959
18.3,1508
18.31,1841
18.32,1988
18.33,1330
18.34,1891
18.35,1724
18.36,1388
18.37,1646
18.38,1737
18.39,1300
18.4,1724
18.41,1598
18.42,1255
18.43,1598
18.44,1565
18.45,1168
18.46,1582
18.47,1164
18.48,1473
18.49,1619
18.5,1157
18.51,1533
18.52,1440
18.53,1130
18.54,1325
18.55,1526
18.56,966
18.57,1398
18.58,1352
18.59,1054
18.6,1258
18.61,1352
18.62,988
18.63,1326
18.64,1220
18.65,989
18.66,1205
18.67,1242
18.68,954
18.69,1209
18.7,1287
18.71,845
18.72,1237
18.73,827
18.74,1265
18.75,1115
18.76,887
18.77,1148
18.78,1147
18.79,784
18.8,1152
18.81,999
18.82,869
18.83,1063
18.84,1050
18.85,743
18.86,1093
18.87,1020
18.88,819
18.89,1037
18.9,1098
18.91,786
18.92,1085
18.93,1086
18.94,808
18.95,1097
18.96,787
18.97,1041
18.98,1106
18.99,1035
19,1314
19.01,1299
19.02,726
19.03,1053
19.04,969
19.05,833
19.06,900
19.07,950
19.08,697
19.09,960
19.1,873
19.11,648
19.12,883
19.13,816
19.14,655
19.15,881
19.16,892
19.17,630
19.18,872
19.19,622
19.2,877
19.21,882
19.22,655
19.23,851
19.24,897
19.25,586
19.26,910
19.27,761
19.28,613
19.29,815
19.3,842
19.31,598
19.32,882
19.33,763
19.34,594
19.35,824
19.36,817
19.37,602
19.38,779
19.39,841
19.4,571
19.41,833
19.42,575
19.43,818
19.44,703
19.45,609
19.46,754
19.47,798
19.48,532
19.49,786
19.5,707
19.51,633
19.52,698
19.53,732
19.54,553
19.55,732
19.56,711
19.57,576
19.58,755
19.59,696
19.6,528
19.61,694
19.62,711
19.63,477
19.64,746
19.65,504
19.66,715
19.67,724
19.68,510
19.69,579
19.7,653
19.71,436
19.72,606
19.73,648
19.74,522
19.75,570
19.76,631
19.77,435
19.78,617
19.79,600
19.8,444
19.81,632
19.82,571
19.83,477
19.84,611
19.85,609
19.86,430
19.87,602
19.88,469
19.89,618
19.9,638
19.91,500
19.92,590
19.93,641
19.94,444
19.95,683
19.96,545
19.97,487
19.98,666
19.99,865
20,764
20.01,822
20.02,737
20.03,569
20.04,641
20.05,639
20.06,454
20.07,603
20.08,610
20.09,362
20.1,574
20.11,489
20.12,410
20.13,514
20.14,408
20.15,513
20.16,515
20.17,374
20.18,563
20.19,480
20.2,404
20.21,479
20.22,516
20.23,375
20.24,491
20.25,501
20.26,362
20.27,489
20.28,486
20.29,366
20.3,466
20.31,523
20.32,336
20.33,470
20.34,420
20.35,383
20.36,454
20.37,397
20.38,469
20.39,455
20.4,364
20.41,502
20.42,457
20.43,355
20.44,416
20.45,478
20.46,316
20.47,491
20.48,492
20.49,349
20.5,489
20.51,466
20.52,345
20.53,433
20.54,485
20.55,344
20.56,461
20.57,439
20.58,347
20.59,411
20.6,343
20.61,475
20.62,478
20.63,353
20.64,507
20.65,442
20.66,340
20.67,430
20.68,485
20.69,345
20.7,465
20.71,443
20.72,373
20.73,433
20.74,470
20.75,334
20.76,475
20.77,440
20.78,341
20.79,465
20.8,417
20.81,345
20.82,429
20.83,332
20.84,450
20.85,420
20.86,297
20.87,442
20.88,414
20.89,331
20.9,437
20.91,451
20.92,296
20.93,412
20.94,466
20.95,296
20.96,428
20.97,396
20.98,361
20.99,480
21,6957
21.01,7154
21.02,5590
21.03,3562
21.04,2145
21.05,2442
21.06,1727
21.07,1986
21.08,1935
21.09,1246
21.1,1567
21.11,1363
21.12,967
21.13,1123
21.14,1020
21.15,705
21.16,870
21.17,798
21.18,546
21.19,724
21.2,700
21.21,475
21.22,652
21.23,641
21.24,417
21.25,603
21.26,590
21.27,418
21.28,595
21.29,448
21.3,507
21.31,519
21.32,343
21.33,541
21.34,452
21.35,412
21.36,468
21.37,449
21.38,326
21.39,462
21.4,440
21.41,385
21.42,461
21.43,444
21.44,325
21.45,442
21.46,458
21.47,342
21.48,487
21.49,411
21.5,312
21.51,430
21.52,450
21.53,346
21.54,435
21.55,334
21.56,396
21.57,391
21.58,304
21.59,418
21.6,410
21.61,318
21.62,423
21.63,427
21.64,298
21.65,447
21.66,422
21.67,291
21.68,405
21.69,426
21.7,279
21.71,452
21.72,431
21.73,303
21.74,380
21.75,389
21.76,249
21.77,434
21.78,320
21.79,424
21.8,373
21.81,309
21.82,400
21.83,439
21.84,297
21.85,450
21.86,424
21.87,318
21.88,428
21.89,454
21.9,312
21.91,447
21.92,437
21.93,305
21.94,450
21.95,398
21.96,340
21.97,431
21.98,499
21.99,387
22,661
22.01,378
22.02,503
22.03,467
22.04,358
22.05,402
22.06,437
22.07,327
22.08,478
22.09,397
22.1,362
22.11,411
22.12,431
22.13,318
22.14,442
22.15,451
22.16,285
22.17,413
22.18,410
22.19,340
22.2,388
22.21,410
22.22,301
22.23,441
22.24,299
22.25,481
22.26,408
22.27,297
22.28,374
22.29,453
22.3,323
22.31,432
22.32,420
22.33,316
22.34,439
22.35,438
22.36,320
22.37,397
22.38,411
22.39,290
22.4,419
22.41,413
22.42,311
22.43,428
22.44,469
22.45,300
22.46,422
22.47,321
22.48,437
22.49,392
22.5,363
22.51,405
22.52,414
22.53,292
22.54,471
22.55,420
22.56,321
22.57,448
22.58,451
22.59,327
22.6,438
22.61,434
22.62,298
22.63,421
22.64,444
22.65,319
22.66,432
22.67,414
22.68,296
22.69,454
22.7,451
22.71,339
22.72,414
22.73,328
22.74,443
22.75,418
22.76,305
22.77,455
22.78,427
22.79,335
22.8,418
22.81,465
22.82,331
22.83,457
22.84,480
22.85,335
22.86,463
22.87,414
22.88,389
22.89,460
22.9,480
22.91,345
22.92,545
22.93,461
22.94,370
22.95,516
22.96,421
22.97,557
22.98,597
22.99,513
23,875
23.01,746
23.02,498
23.03,582
23.04,590
23.05,405
23.06,557
23.07,507
23.08,342
23.09,539
23.1,475
23.11,376
23.12,455
23.13,497
23.14,376
23.15,480
23.16,459
23.17,383
23.18,470
23.19,379
23.2,495
23.21,475
23.22,361
23.23,456
23.24,506
23.25,343
23.26,470
23.27,497
23.28,355
23.29,459
23.3,457
23.31,325
23.32,497
23.33,460
23.34,339
23.35,492
23.36,513
23.37,349
23.38,475
23.39,453
23.4,382
23.41,404
23.42,363
23.43,486
23.44,467
23.45,351
23.46,484
23.47,480
23.48,361
23.49,459
23.5,461
23.51,329
23.52,441
23.53,483
23.54,355
23.55,480
23.56,436
23.57,398
23.58,467
23.59,490
23.6,362
23.61,475
23.62,477
23.63,378
23.64,460
23.65,391
23.66,450
23.67,480
23.68,332
23.69,518
23.7,465
23.71,367
23.72,485
23.73,474
23.74,381
23.75,495
23.76,547
23.77,338
23.78,499
23.79,494
23.8,386
23.81,466
23.82,515
23.83,371
23.84,480
23.85,495
23.86,410
23.87,511
23.88,374
23.89,516
23.9,552
23.91,367
23.92,569
23.93,499
23.94,443
23.95,570
23.96,615
23.97,477
23.98,654
23.99,887
24,834
24.01,777
24.02,679
24.03,487
24.04,640
24.05,612
24.06,428
24.07,582
24.08,551
24.09,410
24.1,532
24.11,566
24.12,401
24.13,510
24.14,379
24.15,545
24.16,483
24.17,421
24.18,514
24.19,509
24.2,380
24.21,514
24.22,532
24.23,360
24.24,509
24.25,470
24.26,419
24.27,471
24.28,554
24.29,352
24.3,507
24.31,489
24.32,399
24.33,490
24.34,494
24.35,398
24.36,491
24.37,347
24.38,465
24.39,454
24.4,383
24.41,509
24.42,499
24.43,379
24.44,515
24.45,461
24.46,330
24.47,468
24.48,506
24.49,420
24.5,513
24.51,496
24.52,353
24.53,500
24.54,541
24.55,393
24.56,495
24.57,505
24.58,324
24.59,535
24.6,356
24.61,496
24.62,496
24.63,378
24.64,456
24.65,493
24.66,399
24.67,509
24.68,508
24.69,353
24.7,531
24.71,489
24.72,344
24.73,496
24.74,502
24.75,339
24.76,523
24.77,524
24.78,410
24.79,492
24.8,485
24.81,365
24.82,479
24.83,367
24.84,517
24.85,501
24.86,371
24.87,545
24.88,539
24.89,409
24.9,531
24.91,535
24.92,382
24.93,514
24.94,515
24.95,412
24.96,555
24.97,621
24.98,476
24.99,717
25,756
25.01,572
25.02,613
25.03,576
25.04,469
25.05,583
25.06,386
25.07,568
25.08,543
25.09,453
25.1,575
25.11,510
25.12,388
25.13,554
25.14,532
25.15,387
25.16,570
25.17,556
25.18,442
25.19,522
25.2,553
25.21,380
25.22,559
25.23,466
25.24,428
25.25,499
25.26,545
25.27,366
25.28,534
25.29,379
25.3,500
25.31,501
25.32,387
25.33,509
25.34,495
25.35,399
25.36,527
25.37,546
25.38,365
25.39,494
25.4,508
25.41,401
25.42,500
25.43,491
25.44,343
25.45,546
25.46,500
25.47,421
25.48,491
25.49,506
25.5,375
25.51,500
25.52,479
25.53,369
25.54,492
25.55,366
25.56,527
25.57,500
25.58,340
25.59,527
25.6,510
25.61,356
25.62,531
25.63,495
25.64,400
25.65,495
25.66,532
25.67,384
25.68,531
25.69,485
25.7,406
25.71,517
25.72,523
25.73,366
25.74,518
25.75,503
25.76,409
25.77,528
25.78,380
25.79,557
25.8,517
25.81,387
25.82,532
25.83,529
25.84,410
25.85,513
25.86,493
25.87,390
25.88,512
25.89,534
25.9,416
25.91,515
25.92,603
25.93,423
25.94,580
25.95,577
25.96,429
25.97,664
25.98,647
25.99,559
26,832
26.01,571
26.02,656
26.03,626
26.04,469
26.05,594
26.06,566
26.07,417
26.08,553
26.09,525
26.1,412
26.11,546
26.12,550
26.13,364
26.14,558
26.15,528
26.16,420
26.17,482
26.18,531
26.19,382
26.2,532
26.21,524
26.22,419
26.23,527
26.24,407
26.25,519
26.26,547
26.27,393
26.28,507
26.29,505
26.3,372
26.31,546
26.32,550
26.33,375
26.34,537
26.35,533
26.36,401
26.37,568
26.38,549
26.39,412
26.4,481
26.41,537
26.42,357
26.43,522
26.44,500
26.45,417
26.46,505
26.47,405
26.48,532
26.49,538
26.5,376
26.51,518
26.52,548
26.53,409
26.54,507
26.55,542
26.56,417
26.57,513
26.58,563
26.59,401
26.6,525
26.61,516
26.62,431
26.63,537
26.64,540
26.65,383
26.66,551
26.67,561
26.68,439
26.69,532
26.7,534
26.71,400
26.72,506
26.73,406
26.74,523
26.75,551
26.76,369
26.77,520
26.78,514
26.79,463
26.8,532
26.81,548
26.82,402
26.83,530
26.84,533
26.85,416
26.86,576
26.87,591
26.88,467
26.89,649
26.9,686
26.91,520
26.92,683
26.93,780
26.94,606
26.95,832
26.96,740
26.97,1072
26.98,1288
26.99,1383
27,2843
27.01,2327
27.02,1307
27.03,1365
27.04,1356
27.05,839
27.06,1101
27.07,1027
27.08,761
27.09,817
27.1,911
27.11,550
27.12,808
27.13,709
27.14,486
27.15,698
27.16,640
27.17,483
27.18,631
27.19,498
27.2,626
27.21,613
27.22,452
27.23,576
27.24,566
27.25,419
27.26,568
27.27,585
27.28,444
27.29,581
27.3,548
27.31,425
27.32,537
27.33,549
27.34,385
27.35,529
27.36,573
27.37,404
27.38,536
27.39,515
27.4,450
27.41,519
27.42,395
27.43,504
27.44,504
27.45,375
27.46,515
27.47,532
27.48,397
27.49,512
27.5,492
27.51,379
27.52,530
27.53,500
27.54,405
27.55,533
27.56,529
27.57,424
27.58,502
27.59,498
27.6,411
27.61,570
27.62,506
27.63,397
27.64,526
27.65,389
27.66,522
27.67,523
27.68,369
27.69,532
27.7,487
27.71,413
27.72,504
27.73,547
27.74,363
27.75,530
27.76,467
27.77,386
27.78,522
27.79,550
27.8,375
27.81,537
27.82,515
27.83,380
27.84,529
27.85,539
27.86,387
27.87,524
27.88,437
27.89,572
27.9,602
27.91,466
27.92,639
27.93,602
27.94,485
27.95,625
27.96,737
27.97,584
27.98,992
27.99,1273
28,1473
28.01,1249
28.02,1031
28.03,616
28.04,845
28.05,689
28.06,519
28.07,689
28.08,700
28.09,473
28.1,611
28.11,570
28.12,417
28.13,577
28.14,441
28.15,587
28.16,566
28.17,435
28.18,578
28.19,571
28.2,415
28.21,551
28.22,515
28.23,425
28.24,576
28.25,605
28.26,436
28.27,541
28.28,545
28.29,379
28.3,498
28.31,542
28.32,353
28.33,516
28.34,486
28.35,372
28.36,538
28.37,387
28.38,512
28.39,502
28.4,389
28.41,500
28.42,519
28.43,414
28.44,491
28.45,515
28.46,427
28.47,478
28.48,505
28.49,416
28.5,526
28.51,490
28.52,391
28.53,504
28.54,529
28.55,405
28.56,512
28.57,489
28.58,360
28.59,540
28.6,335
28.61,542
28.62,479
28.63,398
28.64,530
28.65,515
28.66,349
28.67,542
28.68,483
28.69,378
28.7,468
28.71,535
28.72,417
28.73,521
28.74,549
28.75,381
28.76,517
28.77,485
28.78,366
28.79,512
28.8,522
28.81,369
28.82,499
28.83,381
28.84,527
28.85,552
28.86,421
28.87,494
28.88,560
28.89,421
28.9,601
28.91,566
28.92,450
28.93,567
28.94,641
28.95,464
28.96,643
28.97,693
28.98,591
28.99,1044
29,1317
29.01,818
29.02,871
29.03,780
29.04,531
29.05,681
29.06,469
29.07,663
29.08,602
29.09,435
29.1,591
29.11,592
29.12,431
29.13,576
29.14,574
29.15,393
29.16,538
29.17,525
29.18,405
29.19,575
29.2,498
29.21,436
29.22,534
29.23,536
29.24,425
29.25,513
29.26,501
29.27,404
29.28,517
29.29,350
29.3,548
29.31,546
29.32,436
29.33,526
29.34,506
29.35,377
29.36,484
29.37,518
29.38,383
29.39,505
29.4,547
29.41,405
29.42,516
29.43,478
29.44,397
29.45,518
29.46,500
29.47,389
29.48,479
29.49,475
29.5,360
29.51,534
29.52,502
29.53,422
29.54,520
29.55,420
29.56,531
29.57,527
29.58,398
29.59,508
29.6,506
29.61,404
29.62,546
29.63,506
29.64,400
29.65,492
29.66,502
29.67,378
29.68,551
29.69,517
29.7,421
29.71,542
29.72,520
29.73,358
29.74,590
29.75,538
29.76,423
29.77,517
29.78,417
29.79,505
29.8,510
29.81,378
29.82,538
29.83,517
29.84,404
29.85,538
29.86,576
29.87,438
29.88,589
29.89,531
29.9,407
29.91,582
29.92,625
29.93,455
29.94,610
29.95,635
29.96,512
29.97,766
29.98,844
29.99,822
30,1435
30.01,852
30.02,880
30.03,759
30.04,521
30.05,675
30.06,654
30.07,496
30.08,618
30.09,637
30.1,404
30.11,560
30.12,560
30.13,400
30.14,589
30.15,548
30.16,417
30.17,524
30.18,571
30.19,393
30.2,535
30.21,521
30.22,404
30.23,570
30.24,410
30.25,549
30.26,540
30.27,392
30.28,518
30.29,474
30.3,401
30.31,543
30.32,553
30.33,405
30.34,538
30.35,506
30.36,374
30.37,518
30.38,528
30.39,398
30.4,527
30.41,535
30.42,381
30.43,511
30.44,497
30.45,397
30.46,453
30.47,409
30.48,459
30.49,519
30.5,374
30.51,541
30.52,475
30.53,398
30.54,512
30.55,488
30.56,389
30.57,562
30.58,510
30.59,419
30.6,529
30.61,504
30.62,379
30.63,529
30.64,519
30.65,431
30.66,517
30.67,543
30.68,392
30.69,522
30.7,483
30.71,357
30.72,490
30.73,365
30.74,502
30.75,554
30.76,426
30.77,488
30.78,578
30.79,405
30.8,535
30.81,520
30.82,395
30.83,518
30.84,500
30.85,399
30.86,530
30.87,559
30.88,400
30.89,523
30.9,522
30.91,418
30.92,540
30.93,598
30.94,415
30.95,589
30.96,454
30.97,673
30.98,695
30.99,690
31,1033
31.01,859
31.02,516
31.03,652
31.04,659
31.05,461
31.06,612
31.07,567
31.08,445
31.09,566
31.1,588
31.11,407
31.12,545
31.13,523
31.14,424
31.15,524
31.16,504
31.17,411
31.18,585
31.19,383
31.2,542
31.21,525
31.22,392
31.23,500
31.24,556
31.25,350
31.26,557
31.27,529
31.28,385
31.29,560
31.3,506
31.31,388
31.32,493
31.33,537
31.34,406
31.35,511
31.36,529
31.37,418
31.38,556
31.39,556
31.4,360
31.41,514
31.42,370
31.43,536
31.44,506
31.45,394
31.46,486
31.47,512
31.48,383
31.49,501
31.5,498
31.51,387
31.52,494
31.53,523
31.54,365
31.55,515
31.56,508
31.57,329
31.58,536
31.59,492
31.6,427
31.61,522
31.62,543
31.63,342
31.64,528
31.65,402
31.66,501
31.67,481
31.68,414
31.69,500
31.7,548
31.71,398
31.72,552
31.73,504
31.74,368
31.75,569
31.76,534
31.77,370
31.78,551
31.79,527
31.8,389
31.81,525
31.82,523
31.83,395
31.84,508
31.85,544
31.86,438
31.87,553
31.88,409
31.89,544
31.9,544
31.91,432
31.92,598
31.93,630
31.94,442
31.95,678
31.96,618
31.97,582
31.98,882
31.99,1346
32,1211
32.01,1043
32.02,832
32.03,553
32.04,706
32.05,655
32.06,494
32.07,639
32.08,604
32.09,451
32.1,617
32.11,595
32.12,480
32.13,561
32.14,401
32.15,524
32.16,541
32.17,402
32.18,481
32.19,499
32.2,404
32.21,487
32.22,481
32.23,376
32.24,527
32.25,546
32.26,398
32.27,551
32.28,498
32.29,396
32.3,506
32.31,522
32.32,396
32.33,494
32.34,459
32.35,363
32.36,455
32.37,383
32.38,492
32.39,496
32.4,385
32.41,534
32.42,523
32.43,363
32.44,500
32.45,500
32.46,359
32.47,490
32.48,469
32.49,378
32.5,486
32.51,517
32.52,366
32.53,502
32.54,506
32.55,324
32.56,485
32.57,484
32.58,371
32.59,489
32.6,415
32.61,521
32.62,511
32.63,363
32.64,453
32.65,553
32.66,403
32.67,479
32.68,513
32.69,393
32.7,500
32.71,536
32.72,362
32.73,516
32.74,523
32.75,395
32.76,481
32.77,503
32.78,347
32.79,519
32.8,519
32.81,363
32.82,496
32.83,403
32.84,527
32.85,537
32.86,390
32.87,562
32.88,547
32.89,439
32.9,616
32.91,546
32.92,479
32.93,654
32.94,677
32.95,490
32.96,763
32.97,848
32.98,713
32.99,1171
33,1804
33.01,1082
33.02,1099
33.03,968
33.04,689
33.05,790
33.06,592
33.07,735
33.08,708
33.09,518
33.1,689
33.11,654
33.12,428
33.13,576
33.14,565
33.15,461
33.16,594
33.17,608
33.18,422
33.19,563
33.2,538
33.21,420
33.22,518
33.23,559
33.24,361
33.25,555
33.26,539
33.27,365
33.28,505
33.29,398
33.3,497
33.31,517
33.32,412
33.33,494
33.34,491
33.35,394
33.36,488
33.37,472
33.38,383
33.39,482
33.4,496
33.41,364
33.42,481
33.43,466
33.44,393
33.45,508
33.46,506
33.47,336
33.48,501
33.49,466
33.5,362
33.51,461
33.52,507
33.53,363
33.54,482
33.55,370
33.56,540
33.57,501
33.58,394
33.59,530
33.6,514
33.61,357
33.62,506
33.63,487
33.64,362
33.65,511
33.66,464
33.67,368
33.68,518
33.69,516
33.7,375
33.71,488
33.72,488
33.73,369
33.74,447
33.75,495
33.76,348
33.77,496
33.78,404
33.79,528
33.8,475
33.81,347
33.82,501
33.83,515
33.84,378
33.85,507
33.86,511
33.87,392
33.88,532
33.89,507
33.9,403
33.91,527
33.92,562
33.93,416
33.94,614
33.95,604
33.96,474
33.97,619
33.98,739
33.99,791
34,1271
34.01,755
34.02,816
34.03,696
34.04,521
34.05,655
34.06,623
34.07,476
34.08,593
34.09,626
34.1,420
34.11,587
34.12,567
34.13,415
34.14,487
34.15,573
34.16,358
34.17,521
34.18,482
34.19,366
34.2,524
34.21,529
34.22,378
34.23,500
34.24,387
34.25,499
34.26,511
34.27,355
34.28,524
34.29,453
34.3,390
34.31,474
34.32,529
34.33,360
34.34,475
34.35,476
34.36,359
34.37,470
34.38,506
34.39,360
34.4,493
34.41,455
34.42,347
34.43,479
34.44,464
34.45,331
34.46,494
34.47,336
34.48,500
34.49,479
34.5,358
34.51,465
34.52,418
34.53,363
34.54,534
34.55,525
34.56,355
34.57,511
34.58,535
34.59,333
34.6,476
34.61,506
34.62,342
34.63,472
34.64,420
34.65,385
34.66,474
34.67,470
34.68,312
34.69,485
34.7,480
34.71,354
34.72,474
34.73,368
34.74,453
34.75,474
34.76,374
34.77,480
34.78,495
34.79,361
34.8,466
34.81,473
34.82,357
34.83,535
34.84,506
34.85,399
34.86,484
34.87,515
34.88,412
34.89,494
34.9,546
34.91,401
34.92,521
34.93,586
34.94,447
34.95,608
34.96,487
34.97,650
34.98,836
34.99,769
35,1327
35.01,980
35.02,565
35.03,724
35.04,608
35.05,481
35.06,583
35.07,548
35.08,428
35.09,592
35.1,519
35.11,406
35.12,491
35.13,538
35.14,373
35.15,541
35.16,500
35.17,382
35.18,511
35.19,373
35.2,517
35.21,495
35.22,364
35.23,487
35.24,474
35.25,364
35.26,484
35.27,473
35.28,370
35.29,454
35.3,462
35.31,357
35.32,481
35.33,469
35.34,341
35.35,450
35.36,429
35.37,350
35.38,441
35.39,460
35.4,340
35.41,465
35.42,366
35.43,455
35.44,472
35.45,329
35.46,422
35.47,470
35.48,374
35.49,413
35.5,421
35.51,369
35.52,451
35.53,463
35.54,358
35.55,473
35.56,454
35.57,376
35.58,433
35.59,479
35.6,337
35.61,467
35.62,431
35.63,332
35.64,445
35.65,330
35.66,431
35.67,464
35.68,329
35.69,475
35.7,465
35.71,370
35.72,447
35.73,463
35.74,372
35.75,464
35.76,470
35.77,352
35.78,478
35.79,476
35.8,340
35.81,502
35.82,467
35.83,353
35.84,474
35.85,502
35.86,366
35.87,514
35.88,405
35.89,510
35.9,547
35.91,410
35.92,571
35.93,618
35.94,450
35.95,711
35.96,675
35.97,629
35.98,1014
35.99,1648
36,1545
36.01,1309
36.02,938
36.03,666
36.04,723
36.05,681
36.06,496
36.07,577
36.08,544
36.09,444
36.1,497
36.11,499
36.12,372
36.13,504
36.14,380
36.15,495
36.16,540
36.17,314
36.18,451
36.19,459
36.2,352
36.21,455
36.22,491
36.23,356
36.24,456
36.25,421
36.26,329
36.27,442
36.28,432
36.29,337
36.3,471
36.31,466
36.32,342
36.33,447
36.34,460
36.35,312
36.36,463
36.37,343
36.38,454
36.39,467
36.4,313
36.41,464
36.42,413
36.43,325
36.44,469
36.45,415
36.46,309
36.47,412
36.48,419
36.49,345
36.5,436
36.51,402
36.52,320
36.53,467
36.54,426
36.55,358
36.56,418
36.57,454
36.58,328
36.59,411
36.6,295
36.61,447
36.62,441
36.63,357
36.64,413
36.65,417
36.66,364
36.67,396
36.68,444
36.69,326
36.7,448
36.71,430
36.72,347
36.73,419
36.74,441
36.75,324
36.76,448
36.77,437
36.78,294
36.79,443
36.8,453
36.81,350
36.82,429
36.83,353
36.84,458
36.85,434
36.86,339
36.87,443
36.88,480
36.89,364
36.9,480
36.91,508
36.92,336
36.93,493
36.94,547
36.95,384
36.96,565
36.97,577
36.98,484
36.99,808
37,1019
37.01,596
37.02,679
37.03,594
37.04,387
37.05,605
37.06,419
37.07,516
37.08,494
37.09,370
37.1,511
37.11,448
37.12,373
37.13,437
37.14,446
37.15,355
37.16,449
37.17,402
37.18,331
37.19,445
37.2,454
37.21,337
37.22,479
37.23,484
37.24,338
37.25,453
37.26,458
37.27,329
37.28,451
37.29,329
37.3,430
37.31,398
37.32,322
37.33,422
37.34,418
37.35,350
37.36,379
37.37,460
37.38,312
37.39,438
37.4,425
37.41,328
37.42,445
37.43,449
37.44,317
37.45,442
37.46,400
37.47,337
37.48,412
37.49,457
37.5,327
37.51,418
37.52,412
37.53,309
37.54,416
37.55,313
37.56,430
37.57,417
37.58,315
37.59,451
37.6,442
37.61,317
37.62,467
37.63,441
37.64,305
37.65,424
37.66,451
37.67,287
37.68,455
37.69,432
37.7,300
37.71,461
37.72,442
37.73,320
37.74,450
37.75,416
37.76,299
37.77,408
37.78,320
37.79,439
37.8,448
37.81,326
37.82,442
37.83,430
37.84,318
37.85,438
37.86,465
37.87,335
37.88,415
37.89,434
37.9,364
37.91,446
37.92,468
37.93,385
37.94,474
37.95,509
37.96,392
37.97,571
37.98,681
37.99,617
38,974
38.01,542
38.02,630
38.03,538
38.04,415
38.05,527
38.06,509
38.07,347
38.08,465
38.09,482
38.1,364
38.11,413
38.12,441
38.13,333
38.14,462
38.15,409
38.16,311
38.17,409
38.18,424
38.19,322
38.2,402
38.21,453
38.22,284
38.23,422
38.24,334
38.25,446
38.26,408
38.27,309
38.28,414
38.29,381
38.3,291
38.31,417
38.32,400
38.33,336
38.34,395
38.35,408
38.36,294
38.37,416
38.38,385
38.39,313
38.4,394
38.41,400
38.42,339
38.43,426
38.44,410
38.45,298
38.46,397
38.47,285
38.48,425
38.49,458
38.5,314
38.51,377
38.52,409
38.53,304
38.54,388
38.55,416
38.56,276
38.57,366
38.58,427
38.59,307
38.6,430
38.61,458
38.62,304
38.63,414
38.64,394
38.65,314
38.66,401
38.67,393
38.68,308
38.69,391
38.7,393
38.71,287
38.72,380
38.73,307
38.74,396
38.75,412
38.76,293
38.77,419
38.78,382
38.79,327
38.8,391
38.81,420
38.82,310
38.83,412
38.84,423
38.85,314
38.86,395
38.87,470
38.88,312
38.89,449
38.9,491
38.91,344
38.92,482
38.93,494
38.94,362
38.95,503
38.96,402
38.97,582
38.98,666
38.99,583
39,937
39.01,795
39.02,517
39.03,604
39.04,542
39.05,411
39.06,523
39.07,498
39.08,372
39.09,466
39.1,463
39.11,337
39.12,440
39.13,421
39.14,320
39.15,400
39.16,410
39.17,327
39.18,412
39.19,325
39.2,386
39.21,454
39.22,269
39.23,426
39.24,424
39.25,312
39.26,406
39.27,410
39.28,277
39.29,393
39.3,395
39.31,305
39.32,387
39.33,366
39.34,310
39.35,383
39.36,408
39.37,276
39.38,396
39.39,386
39.4,293
39.41,367
39.42,277
39.43,371
39.44,376
39.45,286
39.46,384
39.47,352
39.48,298
39.49,407
39.5,372
39.51,282
39.52,403
39.53,359
39.54,298
39.55,398
39.56,398
39.57,287
39.58,385
39.59,393
39.6,279
39.61,391
39.62,403
39.63,293
39.64,393
39.65,280
39.66,390
39.67,404
39.68,278
39.69,407
39.7,381
39.71,295
39.72,391
39.73,403
39.74,292
39.75,385
39.76,377
39.77,322
39.78,396
39.79,419
39.8,308
39.81,423
39.82,420
39.83,292
39.84,428
39.85,406
39.86,342
39.87,456
39.88,319
39.89,435
39.9,453
39.91,338
39.92,503
39.93,540
39.94,425
39.95,575
39.96,616
39.97,575
39.98,933
39.99,1294
40,1232
40.01,1006
40.02,773
40.03,496
40.04,580
40.05,546
40.06,361
40.07,487
40.08,500
40.09,359
40.1,416
40.11,430
40.12,303
40.13,434
40.14,315
40.15,423
40.16,409
40.17,289
40.18,387
40.19,364
40.2,283
40.21,378
40.22,342
40.23,278
40.24,365
40.25,382
40.26,278
40.27,343
40.28,393
40.29,273
40.3,353
40.31,356
40.32,277
40.33,391
40.34,354
40.35,251
40.36,356
40.37,277
40.38,351
40.39,358
40.4,273
40.41,366
40.42,331
40.43,266
40.44,345
40.45,361
40.46,253
40.47,335
40.48,365
40.49,286
40.5,360
40.51,339
40.52,254
40.53,373
40.54,367
40.55,265
40.56,334
40.57,357
40.58,268
40.59,363
40.6,237
40.61,388
40.62,350
40.63,287
40.64,355
40.65,379
40.66,272
40.67,363
40.68,356
40.69,285
40.7,352
40.71,362
40.72,278
40.73,328
40.74,367
40.75,278
40.76,378
40.77,371
40.78,297
40.79,352
40.8,356
40.81,265
40.82,389
40.83,287
40.84,356
40.85,389
40.86,291
40.87,374
40.88,396
40.89,324
40.9,421
40.91,462
40.92,337
40.93,421
40.94,468
40.95,397
40.96,505
40.97,544
40.98,461
40.99,778
41,1036
41.01,628
41.02,594
41.03,553
41.04,382
41.05,504
41.06,332
41.07,463
41.08,447
41.09,326
41.1,443
41.11,417
41.12,277
41.13,412
41.14,401
41.15,317
41.16,355
41.17,396
41.18,278
41.19,372
41.2,392
41.21,260
41.22,373
41.23,401
41.24,281
41.25,357
41.26,363
41.27,269
41.28,356
41.29,239
41.3,379
41.31,370
41.32,272
41.33,363
41.34,370
41.35,259
41.36,344
41.37,337
41.38,244
41.39,358
41.4,350
41.41,276
41.42,335
41.43,357
41.44,262
41.45,384
41.46,334
41.47,270
41.48,325
41.49,337
41.5,234
41.51,333
41.52,309
41.53,253
41.54,363
41.55,259
41.56,342
41.57,387
41.58,276
41.59,331
41.6,328
41.61,274
41.62,344
41.63,330
41.64,293
41.65,356
41.66,368
41.67,250
41.68,369
41.69,334
41.7,281
41.71,331
41.72,329
41.73,240
41.74,325
41.75,346
41.76,276
41.77,346
41.78,264
41.79,355
41.8,399
41.81,262
41.82,367
41.83,348
41.84,291
41.85,372
41.86,389
41.87,315
41.88,363
41.89,382
41.9,305
41.91,411
41.92,414
41.93,336
41.94,442
41.95,501
41.96,350
41.97,560
41.98,634
41.99,636
42,1038
42.01,641
42.02,649
42.03,551
42.04,382
42.05,457
42.06,468
42.07,336
42.08,424
42.09,394
42.1,318
42.11,414
42.12,358
42.13,276
42.14,384
42.15,320
42.16,280
42.17,340
42.18,385
42.19,281
42.2,376
42.21,345
42.22,278
42.23,302
42.24,245
42.25,334
42.26,352
42.27,259
42.28,327
42.29,340
42.3,258
42.31,343
42.32,328
42.33,237
42.34,364
42.35,319
42.36,274
42.37,339
42.38,328
42.39,238
42.4,360
42.41,297
42.42,234
42.43,322
42.44,337
42.45,268
42.46,329
42.47,252
42.48,316
42.49,353
42.5,255
42.51,304
42.52,310
42.53,222
42.54,313
42.55,339
42.56,258
42.57,334
42.58,366
42.59,224
42.6,338
42.61,326
42.62,236
42.63,304
42.64,325
42.65,268
42.66,316
42.67,335
42.68,269
42.69,352
42.7,349
42.71,246
42.72,312
42.73,260
42.74,326
42.75,346
42.76,287
42.77,337
42.78,333
42.79,232
42.8,343
42.81,329
42.82,249
42.83,352
42.84,321
42.85,265
42.86,343
42.87,351
42.88,279
42.89,392
42.9,360
42.91,297
42.92,369
42.93,389
42.94,304
42.95,407
42.96,313
42.97,453
42.98,481
42.99,512
43,734
43.01,604
43.02,359
43.03,483
43.04,446
43.05,341
43.06,420
43.07,378
43.08,316
43.09,379
43.1,370
43.11,290
43.12,349
43.13,311
43.14,243
43.15,366
43.16,331
43.17,243
43.18,344
43.19,261
43.2,320
43.21,337
43.22,217
43.23,360
43.24,317
43.25,258
43.26,314
43.27,340
43.28,218
43.29,330
43.3,325
43.31,243
43.32,307
43.33,318
43.34,242
43.35,289
43.36,323
43.37,218
43.38,316
43.39,302
43.4,214
43.41,324
43.42,201
43.43,335
43.44,313
43.45,239
43.46,333
43.47,342
43.48,233
43.49,336
43.5,322
43.51,241
43.52,316
43.53,299
43.54,221
43.55,306
43.56,310
43.57,234
43.58,312
43.59,324
43.6,238
43.61,312
43.62,331
43.63,270
43.64,367
43.65,230
43.66,308
43.67,328
43.68,264
43.69,330
43.7,323
43.71,214
43.72,322
43.73,341
43.74,220
43.75,313
43.76,295
43.77,212
43.78,325
43.79,298
43.8,237
43.81,314
43.82,311
43.83,247
43.84,296
43.85,357
43.86,252
43.87,405
43.88,286
43.89,372
43.9,391
43.91,303
43.92,482
43.93,432
43.94,310
43.95,490
43.96,534
43.97,444
43.98,787
43.99,1082
44,1061
44.01,890
44.02,598
44.03,411
44.04,482
44.05,435
44.06,304
44.07,373
44.08,371
44.09,280
44.1,360
44.11,361
44.12,246
44.13,320
44.14,232
44.15,358
44.16,314
44.17,207
44.18,303
44.19,332
44.2,218
44.21,313
44.22,311
44.23,248
44.24,289
44.25,302
44.26,245
44.27,304
44.28,301
44.29,218
44.3,296
44.31,337
44.32,216
44.33,294
44.34,304
44.35,222
44.36,305
44.37,222
44.38,301
44.39,301
44.4,230
44.41,290
44.42,298
44.43,224
44.44,306
44.45,309
44.46,217
44.47,293
44.48,298
44.49,208
44.5,257
44.51,296
44.52,235
44.53,299
44.54,280
44.55,231
44.56,301
44.57,288
44.58,239
44.59,305
44.6,233
44.61,282
44.62,296
44.63,220
44.64,303
44.65,289
44.66,225
44.67,311
44.68,288
44.69,222
44.7,287
44.71,290
44.72,216
44.73,300
44.74,277
44.75,224
44.76,294
44.77,286
44.78,213
44.79,345
44.8,310
44.81,265
44.82,304
44.83,213
44.84,322
44.85,317
44.86,216
44.87,300
44.88,352
44.89,247
44.9,309
44.91,331
44.92,271
44.93,323
44.94,357
44.95,298
44.96,409
44.97,416
44.98,373
44.99,651
45,763
45.01,460
45.02,461
45.03,395
45.04,285
45.05,374
45.06,276
45.07,354
45.08,354
45.09,262
45.1,310
45.11,312
45.12,211
45.13,304
45.14,326
45.15,226
45.16,298
45.17,296
45.18,224
45.19,302
45.2,292
45.21,209
45.22,323
45.23,317
45.24,181
45.25,291
45.26,290
45.27,217
45.28,311
45.29,235
45.3,298
45.31,286
45.32,237
45.33,278
45.34,258
45.35,206
45.36,285
45.37,263
45.38,212
45.39,291
45.4,290
45.41,194
45.42,281
45.43,289
45.44,194
45.45,281
45.46,288
45.47,195
45.48,268
45.49,279
45.5,218
45.51,296
45.52,258
45.53,242
45.54,280
45.55,218
45.56,278
45.57,280
45.58,178
45.59,284
45.6,279
45.61,208
45.62,297
45.63,278
45.64,218
45.65,302
45.66,287
45.67,210
45.68,256
45.69,285
45.7,197
45.71,265
45.72,273
45.73,187
45.74,249
45.75,282
45.76,204
45.77,263
45.78,232
45.79,289
45.8,306
45.81,195
45.82,296
45.83,288
45.84,228
45.85,296
45.86,306
45.87,246
45.88,303
45.89,308
45.9,250
45.91,330
45.92,309
45.93,234
45.94,374
45.95,386
45.96,311
45.97,427
45.98,528
45.99,500
46,808
46.01,464
46.02,461
46.03,444
46.04,296
46.05,354
46.06,376
46.07,285
46.08,335
46.09,331
46.1,230
46.11,308
46.12,293
46.13,225
46.14,322
46.15,274
46.16,245
46.17,298
46.18,308
46.19,215
46.2,283
46.21,307
46.22,192
46.23,255
46.24,239
46.25,259
46.26,287
46.27,232
46.28,277
46.29,258
46.3,221
46.31,237
46.32,285
46.33,220
46.34,257
46.35,280
46.36,207
46.37,258
46.38,298
46.39,179
46.4,289
46.41,256
46.42,182
46.43,283
46.44,304
46.45,184
46.46,300
46.47,182
46.48,242
46.49,264
46.5,219
46.51,265
46.52,241
46.53,191
46.54,245
46.55,279
46.56,183
46.57,258
46.58,260
46.59,211
46.6,279
46.61,238
46.62,208
46.63,273
46.64,266
46.65,211
46.66,261
46.67,262
46.68,218
46.69,267
46.7,286
46.71,201
46.72,274
46.73,196
46.74,273
46.75,256
46.76,194
46.77,256
46.78,291
46.79,193
46.8,279
46.81,242
46.82,216
46.83,259
46.84,282
46.85,213
46.86,263
46.87,289
46.88,229
46.89,316
46.9,284
46.91,222
46.92,316
46.93,340
46.94,243
46.95,332
46.96,280
46.97,394
46.98,427
46.99,417
47,630
47.01,562
47.02,330
47.03,413
47.04,385
47.05,304
47.06,335
47.07,357
47.08,274
47.09,298
47.1,322
47.11,234
47.12,312
47.13,303
47.14,229
47.15,268
47.16,267
47.17,220
47.18,258
47.19,207
47.2,268
47.21,249
47.22,229
47.23,256
47.24,270
47.25,193
47.26,284
47.27,252
47.28,188
47.29,276
47.3,243
47.31,194
47.32,259
47.33,239
47.34,197
47.35,242
47.36,251
47.37,187
47.38,256
47.39,284
47.4,195
47.41,248
47.42,184
47.43,253
47.44,274
47.45,201
47.46,256
47.47,245
47.48,203
47.49,259
47.5,240
47.51,209
47.52,267
47.53,291
47.54,194
47.55,263
47.56,297
47.57,210
47.58,258
47.59,246
47.6,209
47.61,274
47.62,245
47.63,220
47.64,291
47.65,195
47.66,282
47.67,273
47.68,196
47.69,268
47.7,290
47.71,178
47.72,275
47.73,258
47.74,187
47.75,261
47.76,258
47.77,185
47.78,259
47.79,296
47.8,206
47.81,254
47.82,251
47.83,205
47.84,252
47.85,269
47.86,222
47.87,331
47.88,256
47.89,328
47.9,343
47.91,267
47.92,366
47.93,385
47.94,308
47.95,403
47.96,442
47.97,388
47.98,658
47.99,1081
48,921
48.01,785
48.02,554
48.03,317
48.04,433
48.05,419
48.06,273
48.07,308
48.08,322
48.09,228
48.1,288
48.11,298
48.12,270
48.13,291
48.14,202
48.15,263
48.16,285
48.17,207
48.18,300
48.19,258
48.2,196
48.21,255
48.22,265
48.23,191
48.24,248
48.25,238
48.26,193
48.27,248
48.28,237
48.29,183
48.3,232
48.31,271
48.32,185
48.33,278
48.34,235
48.35,171
48.36,242
48.37,176
48.38,266
48.39,228
48.4,211
48.41,250
48.42,257
48.43,194
48.44,235
48.45,257
48.46,161
48.47,231
48.48,221
48.49,184
48.5,236
48.51,249
48.52,217
48.53,253
48.54,246
48.55,188
48.56,229
48.57,240
48.58,174
48.59,199
48.6,188
48.61,246
48.62,244
48.63,163
48.64,231
48.65,241
48.66,204
48.67,276
48.68,250
48.69,188
48.7,259
48.71,281
48.72,170
48.73,245
48.74,259
48.75,157
48.76,259
48.77,243
48.78,190
48.79,256
48.8,258
48.81,188
48.82,227
48.83,188
48.84,253
48.85,235
48.86,202
48.87,266
48.88,252
48.89,205
48.9,277
48.91,267
48.92,207
48.93,272
48.94,289
48.95,226
48.96,337
48.97,341
48.98,284
48.99,483
49,600
49.01,341
49.02,393
49.03,353
49.04,225
49.05,318
49.06,232
49.07,283
49.08,281
49.09,212
49.1,296
49.11,262
49.12,184
49.13,262
49.14,255
49.15,187
49.16,254
49.17,234
49.18,177
49.19,246
49.2,251
49.21,172
49.22,238
49.23,210
49.24,178
49.25,215
49.26,233
49.27,170
49.28,235
49.29,159
49.3,235
49.31,259
49.32,146
49.33,249
49.34,240
49.35,203
49.36,226
49.37,265
49.38,180
49.39,266
49.4,223
49.41,165
49.42,245
49.43,219
49.44,181
49.45,232
49.46,240
49.47,163
49.48,247
49.49,253
49.5,192
49.51,253
49.52,241
49.53,194
49.54,233
49.55,179
49.56,271
49.57,216
49.58,186
49.59,239
49.6,207
49.61,173
49.62,241
49.63,245
49.64,187
49.65,240
49.66,239
49.67,175
49.68,214
49.69,261
49.7,152
49.71,253
49.72,235
49.73,175
49.74,209
49.75,255
49.76,153
49.77,231
49.78,185
49.79,290
49.8,235
49.81,180
49.82,227
49.83,242
49.84,195
49.85,280
49.86,275
49.87,191
49.88,276
49.89,285
49.9,228
49.91,307
49.92,277
49.93,215
49.94,345
49.95,335
49.96,269
49.97,441
49.98,481
49.99,443
50,724
50.01,424
50.02,420
50.03,378
50.04,268
50.05,331
50.06,310
50.07,211
50.08,298
50.09,265
50.1,172
50.11,263
50.12,246
50.13,199
50.14,290
50.15,253
50.16,176
50.17,253
50.18,251
50.19,174
50.2,211
50.21,238
50.22,155
50.23,244
50.24,180
50.25,237
50.26,232
50.27,194
50.28,251
50.29,237
50.3,144
50.31,231
50.32,228
50.33,170
50.34,212
50.35,256
50.36,197
50.37,239
50.38,222
50.39,162
50.4,224
50.41,209
50.42,161
50.43,229
50.44,238
50.45,183
50.46,237
50.47,169
50.48,251
50.49,250
50.5,154
50.51,218
50.52,226
50.53,180
50.54,224
50.55,233
50.56,179
50.57,231
50.58,226
50.59,157
50.6,237
50.61,217
50.62,169
50.63,252
50.64,224
50.65,187
50.66,241
50.67,216
50.68,192
50.69,233
50.7,239
50.71,177
50.72,231
50.73,162
50.74,261
50.75,244
50.76,172
50.77,239
50.78,243
50.79,189
50.8,253
50.81,242
50.82,171
50.83,235
50.84,220
50.85,181
50.86,238
50.87,270
50.88,206
50.89,276
50.9,266
50.91,192
50.92,264
50.93,284
50.94,221
50.95,293
50.96,248
50.97,351
50.98,357
50.99,360
51,599
51.01,458
51.02,281
51.03,345
51.04,314
51.05,202
51.06,329
51.07,308
51.08,212
51.09,242
51.1,272
51.11,185
51.12,281
51.13,239
51.14,208
51.15,240
51.16,250
51.17,191
51.18,240
51.19,197
51.2,246
51.21,251
51.22,182
51.23,238
51.24,231
51.25,174
51.26,253
51.27,205
51.28,161
51.29,223
51.3,226
51.31,138
51.32,240
51.33,211
51.34,182
51.35,206
51.36,221
51.37,151
51.38,243
51.39,226
51.4,161
51.41,247
51.42,165
51.43,196
51.44,228
51.45,167
51.46,225
51.47,234
51.48,206
51.49,259
51.5,223
51.51,139
51.52,198
51.53,204
51.54,184
51.55,226
51.56,231
51.57,180
51.58,241
51.59,217
51.6,157
51.61,215
51.62,241
51.63,185
51.64,209
51.65,180
51.66,244
51.67,215
51.68,184
51.69,209
51.7,218
51.71,163
51.72,203
51.73,248
51.74,130
51.75,247
51.76,247
51.77,152
51.78,218
51.79,242
51.8,170
51.81,222
51.82,236
51.83,164
51.84,260
51.85,286
51.86,206
51.87,282
51.88,228
51.89,284
51.9,298
51.91,219
51.92,331
51.93,370
51.94,292
51.95,426
51.96,436
51.97,385
51.98,593
51.99,882
52,750
52.01,671
52.02,460
52.03,317
52.04,341
52.05,333
52.06,221
52.07,285
52.08,278
52.09,218
52.1,279
52.11,233
52.12,204
52.13,253
52.14,145
52.15,249
52.16,225
52.17,193
52.18,234
52.19,232
52.2,170
52.21,205
52.22,227
52.23,154
52.24,219
52.25,222
52.26,167
52.27,209
52.28,210
52.29,160
52.3,219
52.31,215
52.32,176
52.33,207
52.34,193
52.35,197
52.36,225
52.37,140
52.38,200
52.39,196
52.4,147
52.41,215
52.42,220
52.43,170
52.44,209
52.45,197
52.46,158
52.47,216
52.48,215
52.49,167
52.5,212
52.51,228
52.52,167
52.53,226
52.54,183
52.55,171
52.56,201
52.57,197
52.58,157
52.59,214
52.6,158
52.61,190
52.62,209
52.63,160
52.64,237
52.65,210
52.66,127
52.67,263
52.68,204
52.69,147
52.7,200
52.71,235
52.72,161
52.73,213
52.74,227
52.75,156
52.76,189
52.77,192
52.78,197
52.79,215
52.8,221
52.81,151
52.82,219
52.83,151
52.84,228
52.85,203
52.86,157
52.87,230
52.88,263
52.89,176
52.9,232
52.91,286
52.92,175
52.93,264
52.94,257
52.95,221
52.96,278
52.97,302
52.98,262
52.99,397
53,499
53.01,300
53.02,330
53.03,289
53.04,223
53.05,293
53.06,203
53.07,269
53.08,250
53.09,199
53.1,238
53.11,230
53.12,173
53.13,252
53.14,223
53.15,156
53.16,204
53.17,206
53.18,163
53.19,232
53.2,222
53.21,150
53.22,218
53.23,194
53.24,180
53.25,204
53.26,219
53.27,152
53.28,203
53.29,168
53.3,196
53.31,202
53.32,164
53.33,216
53.34,188
53.35,150
53.36,220
53.37,207
53.38,150
53.39,197
53.4,206
53.41,139
53.42,215
53.43,208
53.44,145
53.45,202
53.46,186
53.47,149
53.48,206
53.49,195
53.5,144
53.51,216
53.52,177
53.53,180
53.54,190
53.55,173
53.56,210
53.57,204
53.58,163
53.59,195
53.6,199
53.61,146
53.62,194
53.63,226
53.64,159
53.65,195
53.66,217
53.67,150
53.68,194
53.69,181
53.7,143
53.71,170
53.72,211
53.73,138
53.74,236
53.75,207
53.76,138
53.77,220
53.78,157
53.79,194
53.8,196
53.81,147
53.82,215
53.83,212
53.84,185
53.85,232
53.86,243
53.87,180
53.88,241
53.89,242
53.9,191
53.91,266
53.92,256
53.93,199
53.94,293
53.95,323
53.96,248
53.97,332
53.98,403
53.99,428
54,599
54.01,401
54.02,373
54.03,311
54.04,248
54.05,274
54.06,252
54.07,184
54.08,245
54.09,237
54.1,179
54.11,231
54.12,223
54.13,155
54.14,211
54.15,197
54.16,179
54.17,217
54.18,208
54.19,154
54.2,204
54.21,182
54.22,144
54.23,200
54.24,156
54.25,215
54.26,203
54.27,152
54.28,217
54.29,192
54.3,114
54.31,211
54.32,196
54.33,159
54.34,189
54.35,189
54.36,146
54.37,228
54.38,198
54.39,164
54.4,184
54.41,196
54.42,149
54.43,184
54.44,201
54.45,162
54.46,198
54.47,147
54.48,188
54.49,202
54.5,151
54.51,194
54.52,184
54.53,140
54.54,184
54.55,209
54.56,166
54.57,191
54.58,187
54.59,146
54.6,191
54.61,199
54.62,141
54.63,185
54.64,196
54.65,118
54.66,231
54.67,187
54.68,145
54.69,167
54.7,200
54.71,169
54.72,195
54.73,146
54.74,227
54.75,197
54.76,151
54.77,187
54.78,216
54.79,140
54.8,214
54.81,199
54.82,149
54.83,222
54.84,196
54.85,172
54.86,189
54.87,201
54.88,151
54.89,223
54.9,227
54.91,180
54.92,221
54.93,247
54.94,188
54.95,244
54.96,185
54.97,258
54.98,313
54.99,274
55,459
55.01,371
55.02,230
55.03,256
55.04,260
55.05,179
55.06,225
55.07,205
55.08,166
55.09,225
55.1,209
55.11,147
55.12,188
55.13,222
55.14,159
55.15,205
55.16,199
55.17,152
55.18,203
55.19,148
55.2,202
55.21,204
55.22,162
55.23,199
55.24,202
55.25,144
55.26,187
55.27,232
55.28,164
55.29,202
55.3,204
55.31,143
55.32,172
55.33,186
55.34,144
55.35,194
55.36,192
55.37,164
55.38,204
55.39,199
55.4,140
55.41,189
55.42,133
55.43,211
55.44,177
55.45,129
55.46,185
55.47,192
55.48,142
55.49,179
55.5,201
55.51,122
55.52,171
55.53,164
55.54,159
55.55,222
55.56,186
55.57,143
55.58,191
55.59,199
55.6,140
55.61,185
55.62,184
55.63,145
55.64,166
55.65,142
55.66,196
55.67,195
55.68,159
55.69,198
55.7,192
55.71,154
55.72,164
55.73,184
55.74,132
55.75,207
55.76,217
55.77,157
55.78,208
55.79,183
55.8,147
55.81,221
55.82,207
55.83,150
55.84,197
55.85,196
55.86,178
55.87,244
55.88,213
55.89,275
55.9,279
55.91,190
55.92,320
55.93,336
55.94,249
55.95,338
55.96,387
55.97,300
55.98,545
55.99,733
56,619
56.01,610
56.02,383
56.03,245
56.04,294
56.05,289
56.06,199
56.07,277
56.08,237
56.09,181
56.1,234
56.11,206
56.12,152
56.13,196
56.14,142
56.15,193
56.16,196
56.17,162
56.18,176
56.19,203
56.2,159
56.21,189
56.22,183
56.23,148
56.24,234
56.25,180
56.26,130
56.27,176
56.28,181
56.29,142
56.3,193
56.31,165
56.32,121
56.33,174
56.34,169
56.35,114
56.36,179
56.37,151
56.38,162
56.39,185
56.4,113
56.41,194
56.42,180
56.43,145
56.44,185
56.45,179
56.46,129
56.47,176
56.48,183
56.49,110
56.5,199
56.51,166
56.52,143
56.53,168
56.54,193
56.55,114
56.56,169
56.57,166
56.58,145
56.59,165
56.6,148
56.61,185
56.62,184
56.63,125
56.64,196
56.65,198
56.66,146
56.67,179
56.68,190
56.69,126
56.7,192
56.71,180
56.72,125
56.73,208
56.74,208
56.75,157
56.76,167
56.77,161
56.78,127
56.79,214
56.8,194
56.81,130
56.82,183
56.83,143
56.84,198
56.85,185
56.86,137
56.87,200
56.88,203
56.89,160
56.9,230
56.91,209
56.92,143
56.93,220
56.94,235
56.95,152
56.96,248
56.97,271
56.98,249
56.99,333
57,399
57.01,254
57.02,249
57.03,248
57.04,183
57.05,231
57.06,168
57.07,200
57.08,223
57.09,153
57.1,184
57.11,208
57.12,141
57.13,183
57.14,201
57.15,158
57.16,166
57.17,201
57.18,125
57.19,183
57.2,170
57.21,130
57.22,163
57.23,189
57.24,125
57.25,190
57.26,189
57.27,132
57.28,184
57.29,142
57.3,173
57.31,167
57.32,133
57.33,171
57.34,187
57.35,135
57.36,191
57.37,162
57.38,144
57.39,176
57.4,157
57.41,141
57.42,163
57.43,163
57.44,143
57.45,178
57.46,153
57.47,125
57.48,207
57.49,174
57.5,114
57.51,168
57.52,183
57.53,124
57.54,184
57.55,134
57.56,163
57.57,165
57.58,119
57.59,187
57.6,187
57.61,146
57.62,161
57.63,203
57.64,114
57.65,171
57.66,185
57.67,142
57.68,169
57.69,178
57.7,113
57.71,184
57.72,164
57.73,130
57.74,187
57.75,166
57.76,136
57.77,166
57.78,137
57.79,178
57.8,180
57.81,136
57.82,169
57.83,176
57.84,143
57.85,176
57.86,191
57.87,153
57.88,211
57.89,212
57.9,144
57.91,232
57.92,219
57.93,178
57.94,241
57.95,289
57.96,200
57.97,314
57.98,346
57.99,337
58,521
58.01,337
58.02,305
58.03,238
58.04,169
58.05,232
58.06,233
58.07,167
58.08,202
58.09,195
58.1,130
58.11,197
58.12,163
58.13,119
58.14,184
58.15,166
58.16,125
58.17,155
58.18,182
58.19,115
58.2,176
58.21,160
58.22,121
58.23,172
58.24,133
58.25,156
58.26,164
58.27,119
58.28,181
58.29,182
58.3,110
58.31,177
58.32,171
58.33,115
58.34,156
58.35,178
58.36,106
58.37,148
58.38,147
58.39,119
58.4,153
58.41,150
58.42,119
58.43,163
58.44,176
58.45,118
58.46,179
58.47,105
58.48,159
58.49,143
58.5,115
58.51,168
58.52,162
58.53,133
58.54,158
58.55,147
58.56,131
58.57,175
58.58,146
58.59,134
58.6,178
58.61,163
58.62,134
58.63,161
58.64,156
58.65,122
58.66,175
58.67,156
58.68,128
58.69,185
58.7,139
58.71,132
58.72,191
58.73,135
58.74,163
58.75,177
58.76,127
58.77,171
58.78,169
58.79,128
58.8,184
58.81,175
58.82,116
58.83,173
58.84,161
58.85,135
58.86,192
58.87,146
58.88,145
58.89,155
58.9,195
58.91,151
58.92,197
58.93,208
58.94,135
58.95,221
58.96,171
58.97,239
58.98,254
58.99,227
59,355
59.01,262
59.02,178
59.03,183
59.04,213
59.05,160
59.06,186
59.07,164
59.08,142
59.09,164
59.1,191
59.11,129
59.12,174
59.13,166
59.14,135
59.15,161
59.16,173
59.17,133
59.18,158
59.19,135
59.2,149
59.21,154
59.22,132
59.23,153
59.24,168
59.25,119
59.26,170
59.27,151
59.28,118
59.29,178
59.3,160
59.31,142
59.32,151
59.33,142
59.34,108
59.35,168
59.36,145
59.37,128
59.38,131
59.39,146
59.4,119
59.41,153
59.42,117
59.43,151
59.44,157
59.45,127
59.46,126
59.47,163
59.48,98
59.49,162
59.5,140
59.51,110
59.52,151
59.53,151
59.54,113
59.55,153
59.56,145
59.57,125
59.58,147
59.59,162
59.6,130
59.61,176
59.62,172
59.63,122
59.64,182
59.65,125
59.66,186
59.67,175
59.68,110
59.69,140
59.7,161
59.71,120
59.72,191
59.73,174
59.74,115
59.75,168
59.76,137
59.77,128
59.78,173
59.79,174
59.8,131
59.81,179
59.82,157
59.83,111
59.84,183
59.85,188
59.86,187
59.87,205
59.88,162
59.89,241
59.9,234
59.91,199
59.92,270
59.93,259
59.94,197
59.95,296
59.96,349
59.97,275
59.98,432
59.99,591
60,405
60.01,432
60.02,305
60.03,222
60.04,241
60.05,265
60.06,166
60.07,229
60.08,222
60.09,139
60.1,189
60.11,184
60.12,129
60.13,169
60.14,128
60.15,184
60.16,168
60.17,122
60.18,145
60.19,158
60.2,109
60.21,163
60.22,159
60.23,119
60.24,142
60.25,161
60.26,102
60.27,174
60.28,140
60.29,110
60.3,155
60.31,153
60.32,103
60.33,171
60.34,151
60.35,124
60.36,144
60.37,105
60.38,133
60.39,147
60.4,122
60.41,152
60.42,148
60.43,99
60.44,139
60.45,155
60.46,105
60.47,136
60.48,134
60.49,121
60.5,145
60.51,143
60.52,119
60.53,161
60.54,163
60.55,137
60.56,130
60.57,167
60.58,110
60.59,151
60.6,94
60.61,144
60.62,154
60.63,102
60.64,152
60.65,170
60.66,111
60.67,173
60.68,193
60.69,119
60.7,159
60.71,159
60.72,133
60.73,156
60.74,158
60.75,104
60.76,159
60.77,148
60.78,105
60.79,147
60.8,177
60.81,117
60.82,151
60.83,102
60.84,171
60.85,167
60.86,143
60.87,176
60.88,166
60.89,111
60.9,181
60.91,186
60.92,130
60.93,196
60.94,220
60.95,149
60.96,198
60.97,213
60.98,197
60.99,286
61,325
61.01,195
61.02,197
61.03,200
61.04,154
61.05,188
61.06,133
61.07,178
61.08,173
61.09,118
61.1,156
61.11,154
61.12,133
61.13,147
61.14,169
61.15,94
61.16,151
61.17,175
61.18,95
61.19,153
61.2,162
61.21,102
61.22,159
61.23,161
61.24,113
61.25,151
61.26,130
61.27,98
61.28,166
61.29,113
61.3,165
61.31,159
61.32,118
61.33,139
61.34,147
61.35,95
61.36,141
61.37,143
61.38,97
61.39,143
61.4,132
61.41,120
61.42,156
61.43,144
61.44,99
61.45,144
61.46,122
61.47,93
61.48,160
61.49,150
61.5,95
61.51,139
61.52,146
61.53,110
61.54,132
61.55,98
61.56,146
61.57,148
61.58,109
61.59,137
61.6,155
61.61,110
61.62,159
61.63,157
61.64,130
61.65,129
61.66,166
61.67,119
61.68,146
61.69,147
61.7,98
61.71,168
61.72,146
61.73,103
61.74,152
61.75,148
61.76,117
61.77,145
61.78,117
61.79,157
61.8,140
61.81,112
61.82,142
61.83,162
61.84,123
61.85,172
61.86,156
61.87,137
61.88,189
61.89,185
61.9,141
61.91,181
61.92,185
61.93,156
61.94,205
61.95,230
61.96,178
61.97,267
61.98,304
61.99,254
62,441
62.01,230
62.02,250
62.03,208
62.04,147
62.05,193
62.06,186
62.07,126
62.08,180
62.09,157
62.1,109
62.11,175
62.12,149
62.13,108
62.14,152
62.15,172
62.16,112
62.17,157
62.18,142
62.19,126
62.2,146
62.21,164
62.22,111
62.23,143
62.24,117
62.25,152
62.26,158
62.27,133
62.28,145
62.29,144
62.3,94
62.31,132
62.32,161
62.33,108
62.34,156
62.35,162
62.36,106
62.37,155
62.38,151
62.39,87
62.4,139
62.41,141
62.42,100
62.43,148
62.44,129
62.45,103
62.46,125
62.47,112
62.48,141
62.49,134
62.5,106
62.51,131
62.52,156
62.53,127
62.54,133
62.55,143
62.56,108
62.57,143
62.58,131
62.59,122
62.6,142
62.61,134
62.62,114
62.63,156
62.64,113
62.65,118
62.66,137
62.67,126
62.68,106
62.69,154
62.7,130
62.71,94
62.72,141
62.73,105
62.74,141
62.75,140
62.76,131
62.77,137
62.78,158
62.79,107
62.8,179
62.81,142
62.82,119
62.83,149
62.84,152
62.85,107
62.86,154
62.87,156
62.88,109
62.89,164
62.9,177
62.91,140
62.92,163
62.93,166
62.94,119
62.95,162
62.96,147
62.97,212
62.98,190
62.99,209
63,264
63.01,226
63.02,150
63.03,170
63.04,167
63.05,117
63.06,169
63.07,175
63.08,103
63.09,145
63.1,138
63.11,119
63.12,164
63.13,145
63.14,99
63.15,151
63.16,164
63.17,114
63.18,132
63.19,104
63.2,130
63.21,132
63.22,104
63.23,135
63.24,138
63.25,101
63.26,144
63.27,151
63.28,84
63.29,152
63.3,162
63.31,104
63.32,137
63.33,129
63.34,95
63.35,135
63.36,123
63.37,96
63.38,137
63.39,142
63.4,98
63.41,126
63.42,111
63.43,136
63.44,142
63.45,102
63.46,124
63.47,144
63.48,97
63.49,137
63.5,140
63.51,106
63.52,129
63.53,135
63.54,107
63.55,133
63.56,127
63.57,106
63.58,137
63.59,133
63.6,90
63.61,134
63.62,131
63.63,99
63.64,137
63.65,99
63.66,144
63.67,140
63.68,117
63.69,128
63.7,139
63.71,89
63.72,142
63.73,132
63.74,85
63.75,131
63.76,126
63.77,98
63.78,148
63.79,139
63.8,110
63.81,145
63.82,158
63.83,97
63.84,131
63.85,169
63.86,148
63.87,199
63.88,147
63.89,196
63.9,202
63.91,167
63.92,222
63.93,246
63.94,187
63.95,229
63.96,281
63.97,265
63.98,338
63.99,412
64,384
64.01,336
64.02,258
64.03,184
64.04,192
64.05,198
64.06,140
64.07,158
64.08,189
64.09,122
64.1,141
64.11,146
64.12,109
64.13,148
64.14,112
64.15,144
64.16,141
64.17,116
64.18,152
64.19,140
64.2,92
64.21,115
64.22,117
64.23,98
64.24,135
64.25,120
64.26,98
64.27,118
64.28,130
64.29,97
64.3,134
64.31,113
64.32,95
64.33,103
64.34,128
64.35,101
64.36,151
64.37,108
64.38,125
64.39,140
64.4,79
64.41,91
64.42,137
64.43,91
64.44,99
64.45,101
64.46,76
64.47,150
64.48,116
64.49,95
64.5,120
64.51,130
64.52,96
64.53,140
64.54,114
64.55,92
64.56,116
64.57,124
64.58,80
64.59,130
64.6,106
64.61,139
64.62,142
64.63,102
64.64,140
64.65,130
64.66,114
64.67,123
64.68,117
64.69,80
64.7,110
64.71,142
64.72,98
64.73,112
64.74,117
64.75,86
64.76,123
64.77,124
64.78,109
64.79,138
64.8,118
64.81,102
64.82,138
64.83,83
64.84,145
64.85,152
64.86,112
64.87,131
64.88,152
64.89,107
64.9,147
64.91,179
64.92,107
64.93,176
64.94,158
64.95,140
64.96,188
64.97,187
64.98,148
64.99,212
65,261
65.01,150
65.02,175
65.03,184
65.04,116
65.05,132
65.06,118
65.07,153
65.08,144
65.09,140
65.1,133
65.11,122
65.12,113
65.13,154
65.14,129
65.15,98
65.16,125
65.17,150
65.18,108
65.19,126
65.2,143
65.21,82
65.22,141
65.23,146
65.24,85
65.25,111
65.26,111
65.27,101
65.28,137
65.29,106
65.3,124
65.31,138
65.32,86
65.33,121
65.34,133
65.35,84
65.36,137
65.37,117
65.38,80
65.39,141
65.4,127
65.41,97
65.42,142
65.43,124
65.44,95
65.45,126
65.46,129
65.47,79
65.48,134
65.49,138
65.5,97
65.51,118
65.52,110
65.53,106
65.54,127
65.55,89
65.56,118
65.57,130
65.58,109
65.59,130
65.6,120
65.61,86
65.62,118
65.63,123
65.64,89
65.65,136
65.66,121
65.67,111
65.68,123
65.69,116
65.7,85
65.71,130
65.72,121
65.73,91
65.74,128
65.75,119
65.76,95
65.77,120
65.78,100
65.79,117
65.8,116
65.81,100
65.82,120
65.83,125
65.84,88
65.85,133
65.86,154
65.87,102
65.88,144
65.89,154
65.9,121
65.91,155
65.92,154
65.93,110
65.94,171
65.95,194
65.96,147
65.97,205
65.98,211
65.99,213
66,270
66.01,150
66.02,172
66.03,161
66.04,83
66.05,149
66.06,168
66.07,110
66.08,137
66.09,135
66.1,102
66.11,151
66.12,112
66.13,93
66.14,117
66.15,125
66.16,97
66.17,102
66.18,133
66.19,83
66.2,113
66.21,121
66.22,70
66.23,105
66.24,101
66.25,106
66.26,109
66.27,88
66.28,125
66.29,129
66.3,82
66.31,116
66.32,119
66.33,85
66.34,122
66.35,118
66.36,71
66.37,127
66.38,125
66.39,90
66.4,124
66.41,123
66.42,98
66.43,118
66.44,120
66.45,87
66.46,101
66.47,89
66.48,121
66.49,121
66.5,88
66.51,121
66.52,98
66.53,81
66.54,89
66.55,131
66.56,92
66.57,122
66.58,120
66.59,86
66.6,114
66.61,98
66.62,83
66.63,130
66.64,111
66.65,80
66.66,138
66.67,117
66.68,94
66.69,101
66.7,131
66.71,97
66.72,123
66.73,89
66.74,117
66.75,114
66.76,93
66.77,127
66.78,126
66.79,91
66.8,146
66.81,109
66.82,75
66.83,116
66.84,116
66.85,100
66.86,121
66.87,137
66.88,71
66.89,112
66.9,137
66.91,93
66.92,126
66.93,160
66.94,118
66.95,143
66.96,114
66.97,140
66.98,156
66.99,107
67,207
67.01,167
67.02,94
67.03,156
67.04,130
67.05,100
67.06,118
67.07,128
67.08,93
67.09,104
67.1,127
67.11,95
67.12,110
67.13,137
67.14,82
67.15,110
67.16,108
67.17,84
67.18,103
67.19,89
67.2,99
67.21,117
67.22,88
67.23,130
67.24,100
67.25,84
67.26,114
67.27,111
67.28,72
67.29,108
67.3,126
67.31,91
67.32,102
67.33,95
67.34,74
67.35,114
67.36,125
67.37,74
67.38,128
67.39,102
67.4,72
67.41,89
67.42,89
67.43,115
67.44,90
67.45,78
67.46,106
67.47,108
67.48,67
67.49,103
67.5,106
67.51,72
67.52,109
67.53,104
67.54,77
67.55,106
67.56,107
67.57,87
67.58,96
67.59,115
67.6,80
67.61,109
67.62,107
67.63,73
67.64,89
67.65,74
67.66,106
67.67,106
67.68,82
67.69,103
67.7,96
67.71,79
67.72,109
67.73,113
67.74,79
67.75,100
67.76,114
67.77,81
67.78,89
67.79,125
67.8,71
67.81,95
67.82,125
67.83,89
67.84,133
67.85,124
67.86,116
67.87,143
67.88,109
67.89,140
67.9,126
67.91,108
67.92,156
67.93,150
67.94,148
67.95,191
67.96,214
67.97,184
67.98,246
67.99,294
68,274
68.01,223
68.02,160
68.03,108
68.04,170
68.05,142
68.06,87
68.07,133
68.08,130
68.09,75
68.1,109
68.11,104
68.12,77
68.13,106
68.14,79
68.15,108
68.16,112
68.17,72
68.18,108
68.19,102
68.2,58
68.21,116
68.22,114
68.23,78
68.24,93
68.25,80
68.26,67
68.27,104
68.28,118
68.29,60
68.3,102
68.31,84
68.32,60
68.33,79
68.34,110
68.35,73
68.36,84
68.37,69
68.38,105
68.39,78
68.4,68
68.41,90
68.42,96
68.43,56
68.44,87
68.45,99
68.46,60
68.47,80
68.48,96
68.49,69
68.5,82
68.51,88
68.52,80
68.53,97
68.54,103
68.55,68
68.56,90
68.57,85
68.58,61
68.59,100
68.6,70
68.61,87
68.62,106
68.63,63
68.64,90
68.65,88
68.66,75
68.67,88
68.68,111
68.69,71
68.7,107
68.71,95
68.72,60
68.73,93
68.74,87
68.75,74
68.76,100
68.77,92
68.78,66
68.79,111
68.8,89
68.81,81
68.82,105
68.83,78
68.84,86
68.85,102
68.86,69
68.87,104
68.88,96
68.89,102
68.9,116
68.91,105
68.92,89
68.93,110
68.94,110
68.95,86
68.96,137
68.97,125
68.98,115
68.99,163
69,148
69.01,95
69.02,128
69.03,106
69.04,79
69.05,120
69.06,76
69.07,106
69.08,112
69.09,67
69.1,91
69.11,96
69.12,67
69.13,95
69.14,102
69.15,60
69.16,89
69.17,95
69.18,58
69.19,92
69.2,118
69.21,60
69.22,91
69.23,91
69.24,67
69.25,103
69.26,83
69.27,54
69.28,87
69.29,66
69.3,80
69.31,78
69.32,68
69.33,92
69.34,91
69.35,71
69.36,78
69.37,82
69.38,60
69.39,80
69.4,80
69.41,65
69.42,90
69.43,97
69.44,65
69.45,74
69.46,84
69.47,51
69.48,84
69.49,83
69.5,71
69.51,92
69.52,73
69.53,50
69.54,77
69.55,76
69.56,87
69.57,69
69.58,68
69.59,78
69.6,76
69.61,66
69.62,68
69.63,69
69.64,66
69.65,78
69.66,74
69.67,63
69.68,79
69.69,76
69.7,61
69.71,80
69.72,95
69.73,58
69.74,89
69.75,76
69.76,71
69.77,86
69.78,59
69.79,88
69.8,92
69.81,60
69.82,91
69.83,101
69.84,79
69.85,130
69.86,130
69.87,79
69.88,120
69.89,127
69.9,85
69.91,122
69.92,128
69.93,119
69.94,146
69.95,181
69.96,187
69.97,207
69.98,232
69.99,179
70,280
70.01,152
70.02,143
70.03,117
70.04,78
70.05,107
70.06,105
70.07,81
70.08,92
70.09,95
70.1,82
70.11,90
70.12,67
70.13,59
70.14,92
70.15,78
70.16,76
70.17,89
70.18,78
70.19,64
70.2,77
70.21,78
70.22,59
70.23,72
70.24,52
70.25,77
70.26,80
70.27,64
70.28,69
70.29,70
70.3,54
70.31,62
70.32,82
70.33,64
70.34,62
70.35,89
70.36,63
70.37,74
70.38,96
70.39,65
70.4,72
70.41,72
70.42,59
70.43,68
70.44,74
70.45,62
70.46,68
70.47,66
70.48,77
70.49,81
70.5,80
70.51,67
70.52,98
70.53,55
70.54,77
70.55,69
70.56,71
70.57,85
70.58,71
70.59,55
70.6,65
70.61,83
70.62,51
70.63,95
70.64,88
70.65,65
70.66,82
70.67,73
70.68,60
70.69,70
70.7,75
70.71,58
70.72,79
70.73,53
70.74,89
70.75,82
70.76,56
70.77,88
70.78,83
70.79,66
70.8,76
70.81,85
70.82,43
70.83,63
70.84,66
70.85,69
70.86,80
70.87,93
70.88,69
70.89,75
70.9,82
70.91,61
70.92,83
70.93,88
70.94,74
70.95,65
70.96,78
70.97,110
70.98,111
70.99,82
71,134
71.01,104
71.02,82
71.03,82
71.04,96
71.05,53
71.06,79
71.07,79
71.08,59
71.09,81
71.1,88
71.11,39
71.12,83
71.13,77
71.14,68
71.15,76
71.16,58
71.17,59
71.18,77
71.19,50
71.2,88
71.21,75
71.22,46
71.23,74
71.24,73
71.25,42
71.26,80
71.27,59
71.28,50
71.29,71
71.3,59
71.31,54
71.32,65
71.33,67
71.34,58
71.35,60
71.36,73
71.37,56
71.38,70
71.39,69
71.4,47
71.41,73
71.42,44
71.43,58
71.44,76
71.45,59
71.46,84
71.47,62
71.48,59
71.49,61
71.5,47
71.51,64
71.52,65
71.53,64
71.54,70
71.55,72
71.56,90
71.57,55
71.58,63
71.59,62
71.6,57
71.61,65
71.62,76
71.63,39
71.64,85
71.65,47
71.66,71
71.67,67
71.68,53
71.69,63
71.7,51
71.71,57
71.72,58
71.73,72
71.74,52
71.75,69
71.76,70
71.77,50
71.78,71
71.79,50
71.8,55
71.81,72
71.82,71
71.83,53
71.84,62
71.85,78
71.86,47
71.87,89
71.88,60
71.89,80
71.9,78
71.91,63
71.92,77
71.93,83
71.94,59
71.95,91
71.96,114
71.97,90
71.98,126
71.99,136
72,111
72.01,106
72.02,91
72.03,61
72.04,95
72.05,81
72.06,54
72.07,69
72.08,56
72.09,44
72.1,70
72.11,53
72.12,57
72.13,69
72.14,46
72.15,73
72.16,56
72.17,50
72.18,70
72.19,67
72.2,64
72.21,63
72.22,52
72.23,48
72.24,63
72.25,79
72.26,35
72.27,84
72.28,59
72.29,43
72.3,54
72.31,60
72.32,43
72.33,67
72.34,65
72.35,50
72.36,51
72.37,41
72.38,65
72.39,67
72.4,43
72.41,75
72.42,66
72.43,51
72.44,55
72.45,68
72.46,53
72.47,47
72.48,63
72.49,47
72.5,62
72.51,54
72.52,51
72.53,64
72.54,65
72.55,42
72.56,67
72.57,53
72.58,44
72.59,61
72.6,33
72.61,64
72.62,62
72.63,47
72.64,44
72.65,68
72.66,47
72.67,62
72.68,56
72.69,44
72.7,58
72.71,60
72.72,47
72.73,54
72.74,72
72.75,54
72.76,70
72.77,63
72.78,54
72.79,62
72.8,72
72.81,51
72.82,57
72.83,58
72.84,51
72.85,59
72.86,43
72.87,56
72.88,78
72.89,54
72.9,71
72.91,76
72.92,52
72.93,59
72.94,76
72.95,65
72.96,94
72.97,85
72.98,66
72.99,88
73,97
73.01,65
73.02,77
73.03,76
73.04,56
73.05,61
73.06,58
73.07,74
73.08,50
73.09,49
73.1,66
73.11,61
73.12,47
73.13,57
73.14,59
73.15,48
73.16,55
73.17,69
73.18,31
73.19,60
73.2,52
73.21,34
73.22,73
73.23,67
73.24,43
73.25,65
73.26,43
73.27,42
73.28,54
73.29,48
73.3,42
73.31,56
73.32,41
73.33,55
73.34,55
73.35,46
73.36,64
73.37,47
73.38,48
73.39,59
73.4,49
73.41,37
73.42,59
73.43,50
73.44,42
73.45,59
73.46,51
73.47,37
73.48,46
73.49,55
73.5,44
73.51,57
73.52,54
73.53,55
73.54,64
73.55,45
73.56,62
73.57,56
73.58,43
73.59,58
73.6,58
73.61,44
73.62,57
73.63,66
73.64,48
73.65,54
73.66,51
73.67,37
73.68,49
73.69,58
73.7,45
73.71,48
73.72,45
73.73,43
73.74,48
73.75,55
73.76,42
73.77,59
73.78,38
73.79,58
73.8,59
73.81,40
73.82,48
73.83,64
73.84,58
73.85,70
73.86,91
73.87,59
73.88,69
73.89,85
73.9,85
73.91,73
73.92,105
73.93,79
73.94,108
73.95,111
73.96,100
73.97,147
73.98,150
73.99,123
74,183
74.01,107
74.02,86
74.03,92
74.04,66
74.05,64
74.06,84
74.07,55
74.08,77
74.09,40
74.1,36
74.11,52
74.12,45
74.13,42
74.14,56
74.15,61
74.16,41
74.17,56
74.18,47
74.19,41
74.2,42
74.21,56
74.22,25
74.23,49
74.24,35
74.25,57
74.26,54
74.27,38
74.28,49
74.29,56
74.3,32
74.31,47
74.32,44
74.33,30
74.34,48
74.35,47
74.36,44
74.37,47
74.38,59
74.39,35
74.4,43
74.41,56
74.42,23
74.43,38
74.44,44
74.45,48
74.46,47
74.47,37
74.48,57
74.49,45
74.5,40
74.51,46
74.52,48
74.53,41
74.54,44
74.55,44
74.56,30
74.57,44
74.58,48
74.59,41
74.6,48
74.61,49
74.62,37
74.63,38
74.64,44
74.65,40
74.66,30
74.67,47
74.68,33
74.69,50
74.7,51
74.71,34
74.72,45
74.73,38
74.74,45
74.75,51
74.76,37
74.77,45
74.78,46
74.79,40
74.8,59
74.81,64
74.82,45
74.83,44
74.84,52
74.85,36
74.86,45
74.87,46
74.88,49
74.89,59
74.9,65
74.91,48
74.92,58
74.93,58
74.94,50
74.95,65
74.96,54
74.97,67
74.98,80
74.99,83
75,80
75.01,62
75.02,50
75.03,48
75.04,40
75.05,44
75.06,74
75.07,51
75.08,31
75.09,47
75.1,50
75.11,48
75.12,46
75.13,48
75.14,50
75.15,51
75.16,52
75.17,37
75.18,56
75.19,33
75.2,51
75.21,53
75.22,36
75.23,41
75.24,38
75.25,35
75.26,38
75.27,58
75.28,32
75.29,55
75.3,32
75.31,30
75.32,39
75.33,47
75.34,36
75.35,45
75.36,47
75.37,30
75.38,42
75.39,40
75.4,32
75.41,35
75.42,22
75.43,57
75.44,51
75.45,37
75.46,51
75.47,49
75.48,27
75.49,56
75.5,49
75.51,35
75.52,52
75.53,46
75.54,29
75.55,46
75.56,48
75.57,36
75.58,43
75.59,48
75.6,37
75.61,36
75.62,57
75.63,33
75.64,57
75.65,37
75.66,48
75.67,47
75.68,37
75.69,47
75.7,42
75.71,45
75.72,34
75.73,55
75.74,26
75.75,47
75.76,35
75.77,38
75.78,44
75.79,49
75.8,37
75.81,46
75.82,33
75.83,32
75.84,53
75.85,48
75.86,46
75.87,55
75.88,32
75.89,50
75.9,60
75.91,35
75.92,63
75.93,60
75.94,48
75.95,67
75.96,88
75.97,68
75.98,81
75.99,97
76,74
76.01,68
76.02,71
76.03,49
76.04,40
76.05,47
76.06,48
76.07,49
76.08,47
76.09,40
76.1,37
76.11,44
76.12,34
76.13,36
76.14,29
76.15,41
76.16,41
76.17,25
76.18,34
76.19,35
76.2,29
76.21,43
76.22,37
76.23,29
76.24,50
76.25,38
76.26,27
76.27,46
76.28,38
76.29,31
76.3,37
76.31,33
76.32,20
76.33,49
76.34,46
76.35,36
76.36,26
76.37,23
76.38,36
76.39,46
76.4,23
76.41,39
76.42,35
76.43,24
76.44,33
76.45,40
76.46,27
76.47,47
76.48,35
76.49,21
76.5,44
76.51,49
76.52,23
76.53,45
76.54,44
76.55,30
76.56,34
76.57,38
76.58,31
76.59,44
76.6,25
76.61,42
76.62,37
76.63,32
76.64,38
76.65,33
76.66,33
76.67,43
76.68,33
76.69,27
76.7,38
76.71,50
76.72,29
76.73,37
76.74,42
76.75,30
76.76,27
76.77,40
76.78,24
76.79,32
76.8,38
76.81,32
76.82,33
76.83,26
76.84,49
76.85,34
76.86,25
76.87,47
76.88,56
76.89,33
76.9,45
76.91,43
76.92,28
76.93,69
76.94,38
76.95,43
76.96,45
76.97,59
76.98,50
76.99,61
77,66
77.01,42
77.02,45
77.03,39
77.04,28
77.05,35
77.06,30
77.07,45
77.08,39
77.09,21
77.1,37
77.11,35
77.12,31
77.13,39
77.14,53
77.15,28
77.16,35
77.17,39
77.18,24
77.19,31
77.2,33
77.21,37
77.22,34
77.23,33
77.24,31
77.25,33
77.26,38
77.27,27
77.28,34
77.29,27
77.3,33
77.31,33
77.32,21
77.33,36
77.34,40
77.35,29
77.36,41
77.37,44
77.38,32
77.39,33
77.4,33
77.41,32
77.42,39
77.43,37
77.44,24
77.45,50
77.46,40
77.47,27
77.48,34
77.49,34
77.5,26
77.51,47
77.52,33
77.53,29
77.54,35
77.55,28
77.56,33
77.57,42
77.58,22
77.59,36
77.6,29
77.61,39
77.62,32
77.63,34
77.64,22
77.65,22
77.66,35
77.67,16
77.68,37
77.69,34
77.7,28
77.71,42
77.72,38
77.73,28
77.74,44
77.75,31
77.76,37
77.77,43
77.78,23
77.79,34
77.8,38
77.81,24
77.82,40
77.83,36
77.84,40
77.85,44
77.86,45
77.87,39
77.88,58
77.89,64
77.9,43
77.91,46
77.92,52
77.93,49
77.94,83
77.95,81
77.96,64
77.97,78
77.98,88
77.99,77
78,113
78.01,58
78.02,65
78.03,60
78.04,44
78.05,47
78.06,51
78.07,27
78.08,32
78.09,31
78.1,24
78.11,35
78.12,35
78.13,24
78.14,28
78.15,23
78.16,28
78.17,27
78.18,25
78.19,19
78.2,27
78.21,24
78.22,20
78.23,38
78.24,23
78.25,29
78.26,41
78.27,20
78.28,21
78.29,32
78.3,23
78.31,31
78.32,35
78.33,19
78.34,27
78.35,25
78.36,29
78.37,37
78.38,31
78.39,18
78.4,26
78.41,30
78.42,22
78.43,31
78.44,35
78.45,21
78.46,28
78.47,36
78.48,28
78.49,31
78.5,22
78.51,33
78.52,34
78.53,21
78.54,30
78.55,25
78.56,24
78.57,31
78.58,32
78.59,28
78.6,30
78.61,42
78.62,33
78.63,22
78.64,32
78.65,25
78.66,45
78.67,36
78.68,29
78.69,44
78.7,32
78.71,25
78.72,34
78.73,19
78.74,23
78.75,33
78.76,22
78.77,20
78.78,32
78.79,28
78.8,26
78.81,34
78.82,17
78.83,25
78.84,26
78.85,22
78.86,35
78.87,38
78.88,22
78.89,31
78.9,42
78.91,28
78.92,28
78.93,33
78.94,21
78.95,33
78.96,32
78.97,39
78.98,37
78.99,41
79,50
79.01,25
79.02,27
79.03,37
79.04,27
79.05,31
79.06,42
79.07,52
79.08,25
79.09,36
79.1,22
79.11,26
79.12,36
79.13,30
79.14,24
79.15,37
79.16,43
79.17,21
79.18,29
79.19,19
79.2,37
79.21,30
79.22,22
79.23,27
79.24,23
79.25,26
79.26,25
79.27,33
79.28,24
79.29,16
79.3,32
79.31,20
79.32,25
79.33,24
79.34,22
79.35,32
79.36,30
79.37,20
79.38,28
79.39,28
79.4,16
79.41,28
79.42,23
79.43,29
79.44,17
79.45,25
79.46,27
79.47,31
79.48,21
79.49,28
79.5,28
79.51,17
79.52,21
79.53,26
79.54,18
79.55,19
79.56,32
79.57,26
79.58,24
79.59,43
79.6,14
79.61,36
79.62,21
79.63,14
79.64,28
79.65,24
79.66,32
79.67,16
79.68,19
79.69,36
79.7,26
79.71,18
79.72,35
79.73,20
79.74,18
79.75,33
79.76,39
79.77,19
79.78,18
79.79,28
79.8,17
79.81,23
79.82,33
79.83,20
79.84,37
79.85,40
79.86,25
79.87,32
79.88,28
79.89,32
79.9,48
79.91,28
79.92,40
79.93,53
79.94,39
79.95,40
79.96,59
79.97,39
79.98,63
79.99,59
80,47
80.01,70
80.02,37
80.03,24
80.04,38
80.05,38
80.06,26
80.07,28
80.08,37
80.09,22
80.1,26
80.11,22
80.12,17
80.13,20
80.14,16
80.15,25
80.16,27
80.17,15
80.18,29
80.19,29
80.2,30
80.21,26
80.22,35
80.23,15
80.24,30
80.25,23
80.26,18
80.27,20
80.28,27
80.29,24
80.3,20
80.31,24
80.32,16
80.33,25
80.34,36
80.35,21
80.36,20
80.37,31
80.38,22
80.39,18
80.4,15
80.41,27
80.42,14
80.43,12
80.44,15
80.45,22
80.46,15
80.47,25
80.48,25
80.49,11
80.5,20
80.51,24
80.52,15
80.53,13
80.54,18
80.55,19
80.56,11
80.57,20
80.58,18
80.59,22
80.6,17
80.61,38
80.62,23
80.63,10
80.64,23
80.65,24
80.66,17
80.67,28
80.68,25
80.69,22
80.7,25
80.71,30
80.72,18
80.73,24
80.74,29
80.75,9
80.76,24
80.77,20
80.78,12
80.79,23
80.8,19
80.81,17
80.82,25
80.83,20
80.84,24
80.85,26
80.86,24
80.87,22
80.88,16
80.89,20
80.9,31
80.91,25
80.92,18
80.93,33
80.94,29
80.95,27
80.96,35
80.97,31
80.98,19
80.99,46
81,32
81.01,26
81.02,29
81.03,22
81.04,18
81.05,18
81.06,16
81.07,28
81.08,28
81.09,16
81.1,21
81.11,28
81.12,19
81.13,25
81.14,34
81.15,22
81.16,30
81.17,24
81.18,19
81.19,19
81.2,32
81.21,22
81.22,19
81.23,20
81.24,11
81.25,19
81.26,12
81.27,27
81.28,25
81.29,19
81.3,23
81.31,24
81.32,19
81.33,24
81.34,26
81.35,15
81.36,17
81.37,21
81.38,14
81.39,15
81.4,18
81.41,30
81.42,22
81.43,21
81.44,20
81.45,23
81.46,27
81.47,20
81.48,32
81.49,24
81.5,9
81.51,29
81.52,26
81.53,18
81.54,27
81.55,15
81.56,18
81.57,28
81.58,23
81.59,20
81.6,27
81.61,19
81.62,22
81.63,22
81.64,20
81.65,26
81.66,23
81.67,8
81.68,23
81.69,20
81.7,21
81.71,17
81.72,16
81.73,17
81.74,20
81.75,18
81.76,11
81.77,26
81.78,17
81.79,25
81.8,15
81.81,13
81.82,14
81.83,25
81.84,18
81.85,25
81.86,25
81.87,26
81.88,24
81.89,25
81.9,27
81.91,23
81.92,43
81.93,19
81.94,29
81.95,38
81.96,30
81.97,41
81.98,52
81.99,46
82,55
82.01,26
82.02,33
82.03,25
82.04,30
82.05,32
82.06,28
82.07,20
82.08,15
82.09,24
82.1,16
82.11,30
82.12,14
82.13,19
82.14,21
82.15,28
82.16,12
82.17,16
82.18,32
82.19,16
82.2,23
82.21,17
82.22,17
82.23,22
82.24,20
82.25,21
82.26,18
82.27,17
82.28,25
82.29,19
82.3,17
82.31,25
82.32,19
82.33,19
82.34,22
82.35,15
82.36,17
82.37,15
82.38,24
82.39,18
82.4,19
82.41,22
82.42,13
82.43,21
82.44,20
82.45,17
82.46,17
82.47,23
82.48,21
82.49,18
82.5,17
82.51,17
82.52,21
82.53,12
82.54,19
82.55,23
82.56,12
82.57,17
82.58,19
82.59,18
82.6,13
82.61,22
82.62,15
82.63,18
82.64,23
82.65,9
82.66,18
82.67,12
82.68,18
82.69,17
82.7,17
82.71,13
82.72,17
82.73,14
82.74,20
82.75,14
82.76,15
82.77,21
82.78,15
82.79,17
82.8,24
82.81,18
82.82,17
82.83,22
82.84,19
82.85,17
82.86,10
82.87,17
82.88,13
82.89,23
82.9,14
82.91,16
82.92,23
82.93,22
82.94,18
82.95,17
82.96,15
82.97,23
82.98,22
82.99,20
83,30
83.01,28
83.02,6
83.03,25
83.04,19
83.05,22
83.06,14
83.07,15
83.08,15
83.09,20
83.1,17
83.11,13
83.12,11
83.13,19
83.14,9
83.15,16
83.16,17
83.17,12
83.18,11
83.19,13
83.2,17
83.21,13
83.22,6
83.23,11
83.24,17
83.25,11
83.26,23
83.27,17
83.28,9
83.29,12
83.3,14
83.31,12
83.32,17
83.33,14
83.34,11
83.35,21
83.36,19
83.37,13
83.38,22
83.39,15
83.4,10
83.41,18
83.42,17
83.43,21
83.44,21
83.45,10
83.46,12
83.47,14
83.48,13
83.49,12
83.5,20
83.51,12
83.52,13
83.53,9
83.54,12
83.55,15
83.56,15
83.57,19
83.58,11
83.59,13
83.6,15
83.61,28
83.62,16
83.63,14
83.64,17
83.65,15
83.66,13
83.67,17
83.68,13
83.69,22
83.7,14
83.71,11
83.72,22
83.73,16
83.74,12
83.75,19
83.76,24
83.77,16
83.78,20
83.79,19
83.8,15
83.81,15
83.82,19
83.83,7
83.84,10
83.85,22
83.86,20
83.87,17
83.88,23
83.89,23
83.9,20
83.91,18
83.92,20
83.93,20
83.94,16
83.95,33
83.96,27
83.97,20
83.98,33
83.99,24
84,24
84.01,22
84.02,29
84.03,14
84.04,13
84.05,20
84.06,14
84.07,18
84.08,18
84.09,8
84.1,19
84.11,22
84.12,10
84.13,15
84.14,11
84.15,16
84.16,20
84.17,10
84.18,15
84.19,11
84.2,12
84.21,13
84.22,14
84.23,7
84.24,11
84.25,13
84.26,4
84.27,11
84.28,13
84.29,9
84.3,14
84.31,14
84.32,11
84.33,14
84.34,13
84.35,10
84.36,16
84.37,6
84.38,22
84.39,12
84.4,8
84.41,13
84.42,23
84.43,6
84.44,9
84.45,12
84.46,8
84.47,13
84.48,8
84.49,11
84.5,12
84.51,13
84.52,10
84.53,15
84.54,16
84.55,12
84.56,11
84.57,18
84.58,7
84.59,17
84.6,12
84.61,10
84.62,8
84.63,16
84.64,9
84.65,10
84.66,12
84.67,24
84.68,10
84.69,12
84.7,10
84.71,12
84.72,13
84.73,11
84.74,18
84.75,11
84.76,9
84.77,14
84.78,9
84.79,15
84.8,14
84.81,5
84.82,10
84.83,16
84.84,20
84.85,12
84.86,12
84.87,9
84.88,14
84.89,13
84.9,21
84.91,7
84.92,5
84.93,20
84.94,15
84.95,18
84.96,16
84.97,18
84.98,10
84.99,21
85,18
85.01,14
85.02,16
85.03,18
85.04,12
85.05,18
85.06,5
85.07,17
85.08,11
85.09,9
85.1,16
85.11,17
85.12,6
85.13,5
85.14,8
85.15,10
85.16,17
85.17,9
85.18,1
85.19,19
85.2,11
85.21,7
85.22,11
85.23,7
85.24,11
85.25,12
85.26,10
85.27,16
85.28,13
85.29,12
85.3,13
85.31,10
85.32,7
85.33,15
85.34,14
85.35,8
85.36,9
85.37,16
85.38,8
85.39,15
85.4,9
85.41,8
85.42,19
85.43,14
85.44,6
85.45,15
85.46,11
85.47,9
85.48,14
85.49,19
85.5,10
85.51,4
85.52,12
85.53,6
85.54,12
85.55,10
85.56,7
85.57,9
85.58,10
85.59,17
85.6,9
85.61,5
85.62,12
85.63,10
85.64,9
85.65,12
85.66,10
85.67,8
85.68,14
85.69,14
85.7,14
85.71,11
85.72,13
85.73,15
85.74,13
85.75,9
85.76,7
85.77,12
85.78,7
85.79,9
85.8,11
85.81,9
85.82,12
85.83,17
85.84,10
85.85,12
85.86,14
85.87,9
85.88,17
85.89,17
85.9,12
85.91,17
85.92,17
85.93,15
85.94,28
85.95,22
85.96,23
85.97,33
85.98,24
85.99,18
86,33
86.01,24
86.02,29
86.03,11
86.04,7
86.05,25
86.06,19
86.07,11
86.08,12
86.09,12
86.1,5
86.11,7
86.12,8
86.13,8
86.14,15
86.15,12
86.16,10
86.17,12
86.18,8
86.19,6
86.2,14
86.21,11
86.22,6
86.23,10
86.24,9
86.25,10
86.26,11
86.27,12
86.28,11
86.29,7
86.3,13
86.31,10
86.32,13
86.33,10
86.34,11
86.35,8
86.36,4
86.37,9
86.38,9
86.39,9
86.4,15
86.41,12
86.42,4
86.43,12
86.44,10
86.45,7
86.46,6
86.47,10
86.48,10
86.49,5
86.5,6
86.51,13
86.52,13
86.53,7
86.54,10
86.55,13
86.56,6
86.57,8
86.58,10
86.59,9
86.6,4
86.61,10
86.62,5
86.63,10
86.64,17
86.65,9
86.66,10
86.67,11
86.68,5
86.69,9
86.7,8
86.71,11
86.72,10
86.73,9
86.74,5
86.75,12
86.76,8
86.77,10
86.78,10
86.79,9
86.8,12
86.81,12
86.82,6
86.83,15
86.84,13
86.85,6
86.86,12
86.87,9
86.88,12
86.89,11
86.9,8
86.91,7
86.92,8
86.93,12
86.94,12
86.95,9
86.96,10
86.97,9
86.98,9
86.99,7
87,13
87.01,20
87.02,6
87.03,10
87.04,8
87.05,6
87.06,12
87.07,8
87.08,6
87.09,11
87.1,15
87.11,9
87.12,3
87.13,6
87.14,5
87.15,8
87.16,7
87.17,7
87.18,7
87.19,4
87.2,18
87.21,7
87.22,10
87.23,10
87.24,10
87.25,5
87.26,12
87.27,18
87.28,11
87.29,9
87.3,5
87.31,5
87.32,5
87.33,12
87.34,7
87.35,13
87.36,16
87.37,5
87.38,10
87.39,12
87.4,5
87.41,8
87.42,11
87.43,10
87.44,11
87.45,6
87.46,7
87.47,9
87.48,7
87.49,10
87.5,9
87.51,8
87.52,7
87.53,7
87.54,8
87.55,9
87.56,10
87.57,9
87.58,12
87.59,10
87.6,6
87.61,12
87.62,15
87.63,5
87.64,5
87.65,7
87.66,11
87.67,7
87.68,6
87.69,5
87.7,5
87.71,8
87.72,10
87.73,14
87.74,4
87.75,10
87.76,14
87.77,7
87.78,6
87.79,7
87.8,4
87.81,3
87.82,10
87.83,5
87.84,6
87.85,13
87.86,8
87.87,11
87.88,13
87.89,14
87.9,9
87.91,5
87.92,11
87.93,11
87.94,9
87.95,15
87.96,18
87.97,15
87.98,9
87.99,14
88,11
88.01,8
88.02,4
88.03,5
88.04,5
88.05,17
88.06,10
88.07,13
88.08,11
88.09,5
88.1,7
88.11,13
88.12,7
88.13,2
88.14,4
88.15,8
88.16,5
88.17,9
88.18,7
88.19,9
88.2,2
88.21,8
88.22,9
88.23,7
88.24,7
88.25,6
88.26,3
88.27,6
88.28,7
88.29,1
88.3,6
88.31,5
88.32,6
88.33,8
88.34,10
88.35,11
88.36,6
88.37,5
88.38,8
88.39,11
88.4,3
88.41,7
88.42,4
88.43,12
88.44,4
88.45,8
88.46,3
88.47,6
88.48,8
88.49,7
88.5,2
88.51,7
88.52,10
88.53,8
88.54,10
88.55,5
88.56,9
88.57,10
88.58,7
88.59,7
88.6,7
88.61,7
88.62,4
88.63,6
88.64,5
88.65,6
88.66,8
88.67,4
88.68,4
88.69,5
88.7,9
88.71,6
88.72,4
88.73,8
88.74,10
88.75,2
88.76,8
88.77,9
88.78,3
88.79,6
88.8,5
88.81,3
88.82,6
88.83,7
88.84,6
88.85,4
88.86,2
88.87,5
88.88,6
88.89,3
88.9,8
88.91,6
88.92,4
88.93,14
88.94,10
88.95,5
88.96,4
88.97,8
88.98,8
88.99,9
89,13
89.01,7
89.02,9
89.03,6
89.04,4
89.05,5
89.06,2
89.07,4
89.08,3
89.09,7
89.11,7
89.12,3
89.13,9
89.14,2
89.15,2
89.16,10
89.17,4
89.18,5
89.19,7
89.2,1
89.21,5
89.22,9
89.23,4
89.24,3
89.25,8
89.26,6
89.27,3
89.28,5
89.29,3
89.3,6
89.31,7
89.32,5
89.33,9
89.34,7
89.35,4
89.36,10
89.37,4
89.39,6
89.4,4
89.41,6
89.42,9
89.43,8
89.44,3
89.45,7
89.46,5
89.47,3
89.48,9
89.49,6
89.5,2
89.51,6
89.52,7
89.53,3
89.54,4
89.55,1
89.56,7
89.57,5
89.58,5
89.59,6
89.6,8
89.61,5
89.62,3
89.63,5
89.64,4
89.65,4
89.66,7
89.67,4
89.68,3
89.69,11
89.7,5
89.71,8
89.72,8
89.73,4
89.74,2
89.75,6
89.76,2
89.77,7
89.78,4
89.79,6
89.8,5
89.81,2
89.82,2
89.83,3
89.84,2
89.85,6
89.86,5
89.87,6
89.88,1
89.89,8
89.9,3
89.91,9
89.92,8
89.93,7
89.94,12
89.95,6
89.96,5
89.97,10
89.98,9
89.99,9
90,11
90.01,6
90.02,10
90.03,3
90.04,2
90.05,4
90.06,7
90.07,4
90.08,8
90.09,4
90.1,3
90.11,2
90.12,6
90.13,4
90.14,6
90.15,6
90.16,4
90.17,7
90.18,1
90.19,2
90.2,4
90.21,4
90.22,2
90.23,6
90.24,1
90.25,5
90.26,5
90.27,2
90.28,4
90.29,7
90.3,2
90.31,4
90.32,6
90.33,2
90.34,2
90.35,3
90.36,6
90.37,6
90.38,6
90.39,6
90.4,2
90.41,4
90.42,3
90.43,7
90.44,3
90.45,2
90.46,4
90.47,3
90.48,5
90.49,5
90.5,1
90.51,3
90.52,4
90.53,6
90.54,4
90.55,6
90.56,6
90.57,7
90.58,2
90.59,1
90.6,3
90.61,3
90.62,6
90.63,4
90.64,3
90.65,4
90.66,4
90.67,6
90.68,8
90.69,3
90.7,4
90.71,1
90.72,3
90.73,4
90.74,7
90.75,3
90.76,3
90.77,3
90.78,4
90.79,3
90.8,2
90.81,3
90.82,2
90.83,4
90.84,4
90.85,5
90.86,5
90.87,4
90.88,5
90.89,4
90.9,4
90.91,1
90.92,11
90.93,4
90.94,3
90.95,5
90.96,2
90.97,2
90.98,6
90.99,2
91,7
91.01,2
91.02,4
91.03,6
91.04,5
91.05,1
91.06,2
91.07,4
91.08,4
91.09,7
91.1,6
91.11,1
91.12,4
91.13,5
91.14,6
91.15,7
91.16,3
91.17,4
91.18,3
91.19,2
91.2,3
91.21,7
91.22,4
91.23,3
91.24,6
91.25,2
91.27,2
91.28,3
91.29,8
91.3,3
91.31,1
91.32,2
91.33,4
91.34,3
91.35,1
91.36,3
91.37,2
91.38,2
91.39,3
91.4,2
91.41,3
91.42,4
91.43,3
91.44,4
91.45,4
91.46,1
91.47,2
91.48,3
91.49,2
91.5,4
91.51,4
91.53,5
91.54,3
91.55,6
91.56,2
91.57,1
91.58,6
91.59,3
91.6,4
91.61,3
91.62,3
91.63,7
91.64,7
91.65,3
91.66,2
91.67,3
91.68,2
91.69,4
91.7,3
91.71,3
91.72,5
91.73,3
91.74,3
91.75,1
91.76,5
91.77,3
91.78,2
91.79,3
91.8,3
91.81,4
91.83,6
91.84,4
91.85,5
91.86,1
91.87,6
91.88,3
91.89,7
91.9,5
91.91,2
91.92,5
91.93,5
91.94,4
91.95,6
91.96,7
91.97,2
91.98,9
91.99,11
92,9
92.01,14
92.02,3
92.03,5
92.04,3
92.05,5
92.06,3
92.07,4
92.08,7
92.09,1
92.1,3
92.11,4
92.12,1
92.13,6
92.14,1
92.15,3
92.16,3
92.17,6
92.18,1
92.19,3
92.2,2
92.21,1
92.22,3
92.24,1
92.25,3
92.26,2
92.27,3
92.28,3
92.29,1
92.3,4
92.31,4
92.33,1
92.34,1
92.35,1
92.36,3
92.37,2
92.38,2
92.39,2
92.4,1
92.41,1
92.42,3
92.43,1
92.44,2
92.45,2
92.46,3
92.47,2
92.49,1
92.5,1
92.51,3
92.52,1
92.53,1
92.54,1
92.55,3
92.56,2
92.57,1
92.58,4
92.59,2
92.6,4
92.61,2
92.62,4
92.63,5
92.64,2
92.65,2
92.67,1
92.68,3
92.7,4
92.72,1
92.73,3
92.74,3
92.75,2
92.76,1
92.78,2
92.79,4
92.8,2
92.81,2
92.82,3
92.84,2
92.85,2
92.86,1
92.88,4
92.89,6
92.9,1
92.91,5
92.92,3
92.93,3
92.94,1
92.95,1
92.96,2
92.97,2
92.98,3
92.99,1
93.01,3
93.03,3
93.04,2
93.05,2
93.06,1
93.07,3
93.08,4
93.09,3
93.1,2
93.11,5
93.13,1
93.14,2
93.16,5
93.17,2
93.18,1
93.19,2
93.22,2
93.23,1
93.24,1
93.25,1
93.26,4
93.27,1
93.28,4
93.3,2
93.31,5
93.32,1
93.34,2
93.35,1
93.36,2
93.37,5
93.38,1
93.39,4
93.4,1
93.41,2
93.42,1
93.43,1
93.44,2
93.45,3
93.46,4
93.47,1
93.5,4
93.51,6
93.52,5
93.54,3
93.55,1
93.56,3
93.57,1
93.58,1
93.59,2
93.62,2
93.66,1
93.67,3
93.68,1
93.69,4
93.7,2
93.71,3
93.72,6
93.73,2
93.74,2
93.75,2
93.78,3
93.79,2
93.8,1
93.82,3
93.83,2
93.85,3
93.86,3
93.87,3
93.88,1
93.89,4
93.9,2
93.91,3
93.92,2
93.93,1
93.94,4
93.95,1
93.96,2
93.97,2
93.98,5
93.99,3
94,4
94.01,1
94.03,2
94.05,2
94.06,1
94.07,1
94.08,1
94.09,2
94.1,2
94.11,3
94.12,4
94.13,1
94.14,1
94.17,2
94.18,2
94.2,4
94.23,3
94.25,1
94.26,2
94.27,1
94.29,1
94.3,2
94.31,1
94.32,3
94.34,5
94.35,1
94.36,2
94.37,1
94.38,4
94.39,1
94.4,1
94.42,1
94.43,1
94.46,4
94.47,1
94.48,1
94.49,2
94.5,3
94.52,1
94.53,2
94.55,1
94.56,2
94.58,4
94.59,2
94.6,3
94.63,4
94.64,1
94.65,1
94.66,2
94.7,1
94.73,1
94.74,4
94.75,3
94.76,1
94.77,1
94.78,1
94.79,2
94.8,2
94.82,1
94.83,1
94.84,1
94.85,1
94.86,2
94.88,1
94.89,2
94.91,2
94.92,3
94.94,2
94.95,1
94.96,2
94.97,1
94.98,1
94.99,2
95,2
95.01,1
95.02,1
95.03,4
95.04,2
95.06,2
95.1,1
95.11,1
95.12,1
95.13,2
95.16,2
95.18,2
95.19,2
95.23,2
95.25,1
95.26,1
95.27,1
95.29,1
95.3,1
95.31,2
95.32,1
95.33,2
95.34,1
95.35,1
95.36,1
95.37,2
95.38,1
95.39,2
95.4,3
95.41,1
95.42,1
95.44,2
95.48,2
95.49,3
95.51,1
95.55,1
95.56,3
95.58,1
95.59,1
95.6,1
95.61,2
95.66,1
95.67,1
95.68,2
95.69,1
95.7,1
95.71,1
95.73,1
95.79,1
95.81,2
95.82,2
95.83,1
95.84,1
95.86,1
95.87,2
95.88,2
95.89,1
95.9,2
95.92,1
95.93,2
95.94,2
95.95,1
95.96,1
95.97,2
95.98,1
96,3
96.01,3
96.06,1
96.07,2
96.08,2
96.13,1
96.14,1
96.15,2
96.17,1
96.19,1
96.2,1
96.21,4
96.24,3
96.27,3
96.28,3
96.3,1
96.31,1
96.32,1
96.33,3
96.37,1
96.42,1
96.44,2
96.45,1
96.46,1
96.5,1
96.51,1
96.53,2
96.55,2
96.56,1
96.62,1
96.71,3
96.74,4
96.79,1
96.84,1
96.87,1
96.88,1
96.92,1
96.96,1
96.99,1
97.02,1
97.03,1
97.05,1
97.06,1
97.08,1
97.09,1
97.1,2
97.12,2
97.18,1
97.19,1
97.2,1
97.22,2
97.28,1
97.33,1
97.36,1
97.38,2
97.39,1
97.4,1
97.41,1
97.44,1
97.5,1
97.54,1
97.55,1
97.6,1
97.63,1
97.65,1
97.67,1
97.68,1
97.7,1
97.71,1
97.72,1
97.73,2
97.78,3
97.79,1
97.8,1
97.82,1
97.85,1
97.87,1
97.89,2
97.93,3
97.95,1
97.99,1
98.01,1
98.04,2
98.07,1
98.2,1
98.23,3
98.29,1
98.33,1
98.37,1
98.38,1
98.4,1
98.44,2
98.46,1
98.48,1
98.49,1
98.51,1
98.54,1
98.58,1
98.62,1
98.64,2
98.8,1
98.84,2
98.91,1
98.93,1
98.97,1
99.05,1
99.07,1
99.09,1
99.13,1
99.15,1
99.26,1
99.28,1
99.33,1
99.46,1
99.48,1
99.53,2
99.67,1
99.69,1
99.74,1
99.75,2
99.8,1
99.9,1
99.93,2
99.94,1
99.95,1
99.98,1
99.99,1
100,1
100.06,1
100.1,1
100.17,1
100.18,1
100.2,1
100.24,2
100.33,1
100.37,1
100.39,1
100.43,1
100.45,1
100.67,1
100.74,2
100.77,1
100.83,1
100.85,1
100.87,1
101.14,1
101.4,1
101.42,1
101.59,1
101.84,1
102.29,1
102.41,1
102.6,1
102.65,1
102.69,1
103.4,1
103.48,1
103.5,1
104.24,1
104.28,2
104.74,1
104.83,1
105.17,1
167.75,1
169.01,1
169.05,1
213.03,1
229.31,1
265.83,1
